source_key,song_source_key,performed_on,platform,stream_id,stream_title,stream_url,clip_url
performance_f90e3c429ecb,song_747c8a337a8b,2026-07-22,哔哩哔哩,BV1NG3g6NEMK,2026年7月22日直播,,https://www.bilibili.com/video/BV1NG3g6NEMK/?p=7
performance_fb575e849db8,song_747c8a337a8b,2026-07-21,哔哩哔哩,BV1S3gh6aEFw,2026年7月21日直播,,https://www.bilibili.com/video/BV1S3gh6aEFw/?p=3
performance_7d624eb82f79,song_747c8a337a8b,2026-06-25,哔哩哔哩,BV1Ht7H6LEfF,2026年6月25日直播,,https://www.bilibili.com/video/BV1Ht7H6LEfF/?p=5
performance_b6a31f896b9b,song_747c8a337a8b,2026-04-03,哔哩哔哩,BV1hhDcBUEgA,2026年4月3日直播,,https://www.bilibili.com/video/BV1hhDcBUEgA/?p=16
performance_6ccbe2b3ee9e,song_747c8a337a8b,2026-03-25,哔哩哔哩,BV1mC9WBUEoJ,2026年3月25日直播,,https://www.bilibili.com/video/BV1mC9WBUEoJ
performance_ba1a2c77cec8,song_747c8a337a8b,2026-02-27,哔哩哔哩,BV1mnPuzeEY4,2026年2月27日直播,,https://www.bilibili.com/video/BV1mnPuzeEY4
performance_6b3c31012802,song_747c8a337a8b,2026-02-11,哔哩哔哩,BV1P4c3ztELm,2026年2月11日直播,,https://www.bilibili.com/video/BV1P4c3ztELm
performance_dd77e1c068f1,song_747c8a337a8b,2026-02-07,哔哩哔哩,BV1mkccziE4o,2026年2月7日直播,,https://www.bilibili.com/video/BV1mkccziE4o
performance_24ee6f665288,song_747c8a337a8b,2026-01-23,哔哩哔哩,BV1VJzmBpEjK,2026年1月23日直播,,https://www.bilibili.com/video/BV1VJzmBpEjK
performance_781a7478fa69,song_747c8a337a8b,2026-01-06,哔哩哔哩,BV14PquBwEDh,2026年1月6日直播,,https://www.bilibili.com/video/BV14PquBwEDh
performance_0f9cd4329ded,song_747c8a337a8b,2025-12-23,哔哩哔哩,BV1viBMB5ECh,2025年12月23日直播,,https://www.bilibili.com/video/BV1viBMB5ECh
performance_3f617d9a32c6,song_747c8a337a8b,2025-12-23,哔哩哔哩,BV1EABNBgEUw,2025年12月23日直播,,https://www.bilibili.com/video/BV1EABNBgEUw
performance_1a0b3f9fbacd,song_747c8a337a8b,2025-12-20,哔哩哔哩,BV1zJqrB3EiU,2025年12月20日直播,,https://www.bilibili.com/video/BV1zJqrB3EiU
performance_976c1e03567e,song_747c8a337a8b,2025-12-12,哔哩哔哩,BV1xnmmBcEHB,2025年12月12日直播,,https://www.bilibili.com/video/BV1xnmmBcEHB
performance_e85c4b0bf608,song_747c8a337a8b,2025-12-07,哔哩哔哩,BV1ah29B9ETD,2025年12月7日直播,,https://www.bilibili.com/video/BV1ah29B9ETD
performance_affe63c44f4d,song_747c8a337a8b,2025-11-29,哔哩哔哩,BV1G5SnBMEd7,2025年11月29日直播,,https://www.bilibili.com/video/BV1G5SnBMEd7
performance_1197a72f4907,song_747c8a337a8b,2025-11-02,哔哩哔哩,BV1hnydBpEae,2025年11月2日直播,,https://www.bilibili.com/video/BV1hnydBpEae
performance_2c2f2647b97b,song_b8060d73669c,2026-07-22,哔哩哔哩,BV1NG3g6NEMK,2026年7月22日直播,,https://www.bilibili.com/video/BV1NG3g6NEMK/?p=10
performance_7ac331e5386d,song_b8060d73669c,2026-06-21,哔哩哔哩,BV11Jjf6HE9s,2026年6月21日直播,,https://www.bilibili.com/video/BV11Jjf6HE9s/?p=1
performance_23492f6b71b9,song_b8060d73669c,2026-02-14,哔哩哔哩,BV14mZtBTEXG,2026年2月14日直播,,https://www.bilibili.com/video/BV14mZtBTEXG
performance_a9b93697af8d,song_b8060d73669c,2026-01-28,哔哩哔哩,BV1kU6ABmEzK,2026年1月28日直播,,https://www.bilibili.com/video/BV1kU6ABmEzK
performance_c79a60b688c3,song_b8060d73669c,2026-01-02,哔哩哔哩,BV1N9iqBBEMm,2026年1月2日直播,,https://www.bilibili.com/video/BV1N9iqBBEMm
performance_03ef5763e2be,song_b8060d73669c,2025-08-10,哔哩哔哩,BV12PbJzpExY,2025年8月10日直播,,https://www.bilibili.com/video/BV12PbJzpExY
performance_61998a876166,song_b8060d73669c,2025-05-18,哔哩哔哩,BV1YFJ3zDEZH,2025年5月18日直播,,https://www.bilibili.com/video/BV1YFJ3zDEZH
performance_ba7a4abf8992,song_b8060d73669c,2025-05-04,哔哩哔哩,BV1mPV1zsEMP,2025年5月4日直播,,https://www.bilibili.com/video/BV1mPV1zsEMP
performance_c9e1c84ce084,song_b8060d73669c,2025-02-21,哔哩哔哩,BV1QZAmeJEF1,2025年2月21日直播,,https://www.bilibili.com/video/BV1QZAmeJEF1
performance_ac4e92e0878b,song_b8060d73669c,2025-01-24,哔哩哔哩,BV1eGfpYgEuR,2025年1月24日直播,,https://www.bilibili.com/video/BV1eGfpYgEuR
performance_239782cf72b2,song_b8060d73669c,2024-12-20,哔哩哔哩,BV1BRkvY3Eu9,2024年12月20日直播,,https://www.bilibili.com/video/BV1BRkvY3Eu9
performance_e4587eccd232,song_b8060d73669c,2024-12-15,哔哩哔哩,BV1nCkgYkEx6,2024年12月15日直播,,https://www.bilibili.com/video/BV1nCkgYkEx6
performance_a8207ae24314,song_b8060d73669c,2024-11-29,哔哩哔哩,BV1DZi2YjEeY,2024年11月29日直播,,https://www.bilibili.com/video/BV1DZi2YjEeY
performance_14b625824674,song_b8060d73669c,2024-11-18,哔哩哔哩,BV1HwzqYyErG,2024年11月18日直播,,https://www.bilibili.com/video/BV1HwzqYyErG
performance_3cc6befbbc3b,song_b8060d73669c,2024-11-13,哔哩哔哩,BV1H4U8YmEgS,2024年11月13日直播,,https://www.bilibili.com/video/BV1H4U8YmEgS
performance_06f964678f2b,song_2bdd09e467dd,2026-07-22,哔哩哔哩,BV1NG3g6NEMK,2026年7月22日直播,,https://www.bilibili.com/video/BV1NG3g6NEMK/?p=12
performance_7eb5365bdd25,song_2bdd09e467dd,2026-06-25,哔哩哔哩,BV1Ht7H6LEfF,2026年6月25日直播,,https://www.bilibili.com/video/BV1Ht7H6LEfF/?p=8
performance_92ccc97bfb93,song_2bdd09e467dd,2026-05-20,哔哩哔哩,BV1nkLi65EFS,2026年5月20日直播,,https://www.bilibili.com/video/BV1nkLi65EFS/?p=2
performance_b51ed3e4f3ef,song_2bdd09e467dd,2026-04-11,哔哩哔哩,BV19QQYB7EBm,2026年4月11日直播,,https://www.bilibili.com/video/BV19QQYB7EBm/?p=2
performance_81e8af30967a,song_2bdd09e467dd,2026-03-26,哔哩哔哩,BV1Sk9WBJEwn,2026年3月26日直播,,https://www.bilibili.com/video/BV1Sk9WBJEwn
performance_241f9a353191,song_2bdd09e467dd,2026-02-27,哔哩哔哩,BV1G3PuzrEd3,2026年2月27日直播,,https://www.bilibili.com/video/BV1G3PuzrEd3
performance_236fa76d25cc,song_2bdd09e467dd,2026-02-07,哔哩哔哩,BV1Qvccz3EHZ,2026年2月7日直播,,https://www.bilibili.com/video/BV1Qvccz3EHZ
performance_f10eb1a6a045,song_2bdd09e467dd,2026-01-16,哔哩哔哩,BV1CrrDBQEtZ,2026年1月16日直播,,https://www.bilibili.com/video/BV1CrrDBQEtZ
performance_2e759bb4b86c,song_2bdd09e467dd,2026-01-06,哔哩哔哩,BV14NquBhETm,2026年1月6日直播,,https://www.bilibili.com/video/BV14NquBhETm
performance_7ba1b99e171c,song_2bdd09e467dd,2025-12-03,哔哩哔哩,BV1J1SeBWEQo,2025年12月3日直播,,https://www.bilibili.com/video/BV1J1SeBWEQo
performance_db7fa1754a0a,song_2bdd09e467dd,2025-11-19,哔哩哔哩,BV1CEyVBXENS,2025年11月19日直播,,https://www.bilibili.com/video/BV1CEyVBXENS
performance_8d2ac9e30723,song_2bdd09e467dd,2025-10-12,哔哩哔哩,BV1uX4PzmEDT,2025年10月12日直播,,https://www.bilibili.com/video/BV1uX4PzmEDT
performance_8d1ebeb79398,song_2bdd09e467dd,2025-06-22,哔哩哔哩,BV1QVNmz2EVA,2025年6月22日直播,,https://www.bilibili.com/video/BV1QVNmz2EVA
performance_e7dab0405366,song_2bdd09e467dd,2024-12-03,哔哩哔哩,BV1tZi9Y8EHM,2024年12月3日直播,,https://www.bilibili.com/video/BV1tZi9Y8EHM
performance_2f6ac40754ef,song_dfe5ef2280a3,2026-07-22,哔哩哔哩,BV1NG3g6NEMK,2026年7月22日直播,,https://www.bilibili.com/video/BV1NG3g6NEMK/?p=4
performance_a7fad7d5eab0,song_dfe5ef2280a3,2026-05-16,哔哩哔哩,BV1L1LF6iEYF,2026年5月16日直播,,https://www.bilibili.com/video/BV1L1LF6iEYF/?p=1
performance_2167cddfe4d9,song_dfe5ef2280a3,2026-04-29,哔哩哔哩,BV18hRABcEry,2026年4月29日直播,,https://www.bilibili.com/video/BV18hRABcEry/?p=5
performance_43edc1d5b335,song_dfe5ef2280a3,2026-03-24,哔哩哔哩,BV1tsXEBYEBU,2026年3月24日直播,,https://www.bilibili.com/video/BV1tsXEBYEBU
performance_66104cda35c8,song_dfe5ef2280a3,2026-02-18,哔哩哔哩,BV1KEZeBHEtD,2026年2月18日直播,,https://www.bilibili.com/video/BV1KEZeBHEtD
performance_59b458c58640,song_dfe5ef2280a3,2026-01-25,哔哩哔哩,BV1LB63BtExD,2026年1月25日直播,,https://www.bilibili.com/video/BV1LB63BtExD
performance_e561e7d26316,song_dfe5ef2280a3,2026-01-16,哔哩哔哩,BV1EXrDB5ELH,2026年1月16日直播,,https://www.bilibili.com/video/BV1EXrDB5ELH
performance_e7f5d41c9da6,song_dfe5ef2280a3,2026-01-14,哔哩哔哩,BV1iKrZBfEmk,2026年1月14日直播,,https://www.bilibili.com/video/BV1iKrZBfEmk
performance_24c1568a5a61,song_dfe5ef2280a3,2025-12-13,哔哩哔哩,BV1anm9BsEui,2025年12月13日直播,,https://www.bilibili.com/video/BV1anm9BsEui
performance_34d356613445,song_dfe5ef2280a3,2025-10-30,哔哩哔哩,BV17zybBsE2Y,2025年10月30日直播,,https://www.bilibili.com/video/BV17zybBsE2Y
performance_34a199ef94d3,song_dfe5ef2280a3,2025-07-30,哔哩哔哩,BV1tNhpzTEnH,2025年7月30日直播,,https://www.bilibili.com/video/BV1tNhpzTEnH
performance_c62a3b352caf,song_dfe5ef2280a3,2025-05-14,哔哩哔哩,BV1GzEvzEEzf,2025年5月14日直播,,https://www.bilibili.com/video/BV1GzEvzEEzf
performance_29a4c1af5259,song_dfe5ef2280a3,2025-02-07,哔哩哔哩,BV1uzNPehEKu,2025年2月7日直播,,https://www.bilibili.com/video/BV1uzNPehEKu
performance_e644125ac712,song_dfe5ef2280a3,2024-11-09,哔哩哔哩,BV1a5DqYdEfp,2024年11月9日直播,,https://www.bilibili.com/video/BV1a5DqYdEfp
performance_2cd56b2f03a2,song_5bcff56f2194,2026-07-22,哔哩哔哩,BV1NG3g6NEMK,2026年7月22日直播,,https://www.bilibili.com/video/BV1NG3g6NEMK/?p=14
performance_d4a4225e57a9,song_5bcff56f2194,2026-07-09,哔哩哔哩,BV1h5Nw6uEpn,2026年7月9日直播,,https://www.bilibili.com/video/BV1h5Nw6uEpn/?p=14
performance_0e51ffde8457,song_5bcff56f2194,2026-06-17,哔哩哔哩,BV1M2jF6fEQT,2026年6月17日直播,,https://www.bilibili.com/video/BV1M2jF6fEQT/?p=1
performance_f9267cd72469,song_5bcff56f2194,2026-05-05,哔哩哔哩,BV1YKR4BvEeR,2026年5月5日直播,,https://www.bilibili.com/video/BV1YKR4BvEeR/?p=1
performance_6f21c435ed9d,song_5bcff56f2194,2026-01-29,哔哩哔哩,BV1xx6BBnEEk,2026年1月29日直播,,https://www.bilibili.com/video/BV1xx6BBnEEk
performance_f3700a87efb2,song_5bcff56f2194,2026-01-15,哔哩哔哩,BV1H2rDBEEAp,2026年1月15日直播,,https://www.bilibili.com/video/BV1H2rDBEEAp
performance_58adbfd9f22c,song_5bcff56f2194,2025-12-12,哔哩哔哩,BV1eAmmBkEiH,2025年12月12日直播,,https://www.bilibili.com/video/BV1eAmmBkEiH
performance_afc164282d11,song_5bcff56f2194,2025-12-08,哔哩哔哩,BV1Br2CBTEua,2025年12月8日直播,,https://www.bilibili.com/video/BV1Br2CBTEua
performance_c5c0fb71f9ce,song_5bcff56f2194,2025-11-07,哔哩哔哩,BV1p32gBUEtE,2025年11月7日直播,,https://www.bilibili.com/video/BV1p32gBUEtE
performance_85487460dfcf,song_5bcff56f2194,2025-07-25,哔哩哔哩,BV1pv84zuEfZ,2025年7月25日直播,,https://www.bilibili.com/video/BV1pv84zuEfZ
performance_654e4e6cc33b,song_5bcff56f2194,2025-02-16,哔哩哔哩,BV1DZAmeJEcP,2025年2月16日直播,,https://www.bilibili.com/video/BV1DZAmeJEcP
performance_e85d3f5cdc9f,song_5bcff56f2194,2024-12-17,哔哩哔哩,BV15ykBY1EkK,2024年12月17日直播,,https://www.bilibili.com/video/BV15ykBY1EkK
performance_1bc1bb215d03,song_c4766f5ee09c,2026-07-22,哔哩哔哩,BV1NG3g6NEMK,2026年7月22日直播,,https://www.bilibili.com/video/BV1NG3g6NEMK/?p=6
performance_9d9407762c5d,song_c4766f5ee09c,2026-02-14,哔哩哔哩,BV1eYZtB2EN8,2026年2月14日直播,,https://www.bilibili.com/video/BV1eYZtB2EN8
performance_456d1241be48,song_c4766f5ee09c,2026-01-25,哔哩哔哩,BV1Ze63BFEPy,2026年1月25日直播,,https://www.bilibili.com/video/BV1Ze63BFEPy
performance_fdf72e09009e,song_c4766f5ee09c,2025-12-26,哔哩哔哩,BV1V1BdBCEUL,2025年12月26日直播,,https://www.bilibili.com/video/BV1V1BdBCEUL
performance_805b4c284451,song_c4766f5ee09c,2025-12-25,哔哩哔哩,BV1KCB1BNEcQ,2025年12月25日直播,,https://www.bilibili.com/video/BV1KCB1BNEcQ
performance_21297cf8c196,song_c4766f5ee09c,2025-11-08,哔哩哔哩,BV1MR1yBWEBa,2025年11月8日直播,,https://www.bilibili.com/video/BV1MR1yBWEBa
performance_44a2798877db,song_c4766f5ee09c,2025-10-23,哔哩哔哩,BV1aCsYzbEU4,2025年10月23日直播,,https://www.bilibili.com/video/BV1aCsYzbEU4
performance_55b15d361eab,song_c4766f5ee09c,2025-05-25,哔哩哔哩,BV1jSjgzmEz4,2025年5月25日直播,,https://www.bilibili.com/video/BV1jSjgzmEz4
performance_e79554c213da,song_c4766f5ee09c,2025-03-20,哔哩哔哩,BV1c2XHYiEJS,2025年3月20日直播,,https://www.bilibili.com/video/BV1c2XHYiEJS
performance_57a8fa19a99e,song_c4766f5ee09c,2025-02-03,哔哩哔哩,BV13JPdeGEAW,2025年2月3日直播,,https://www.bilibili.com/video/BV13JPdeGEAW
performance_9dc5eb19c7ac,song_c4766f5ee09c,2024-12-24,哔哩哔哩,BV1iJrkYsErX,2024年12月24日直播,,https://www.bilibili.com/video/BV1iJrkYsErX
performance_8cedc2af7a54,song_c4766f5ee09c,2024-12-07,哔哩哔哩,BV17uqpYdEwU,2024年12月7日直播,,https://www.bilibili.com/video/BV17uqpYdEwU
performance_f6c706c036e9,song_70a63f991c3f,2026-07-22,哔哩哔哩,BV1NG3g6NEMK,2026年7月22日直播,,https://www.bilibili.com/video/BV1NG3g6NEMK/?p=3
performance_48057d669c66,song_70a63f991c3f,2026-07-21,哔哩哔哩,BV1S3gh6aEFw,2026年7月21日直播,,https://www.bilibili.com/video/BV1S3gh6aEFw/?p=6
performance_dc6349c6321c,song_70a63f991c3f,2026-06-19,哔哩哔哩,BV1czjJ6KEHq,2026年6月19日直播,,https://www.bilibili.com/video/BV1czjJ6KEHq/?p=3
performance_0dcd44cd9d0c,song_70a63f991c3f,2026-04-11,哔哩哔哩,BV19QQYB7EBm,2026年4月11日直播,,https://www.bilibili.com/video/BV19QQYB7EBm/?p=1
performance_27a5703b039d,song_70a63f991c3f,2026-02-26,哔哩哔哩,BV17mADzPES9,2026年2月26日直播,,https://www.bilibili.com/video/BV17mADzPES9
performance_c04434642b42,song_70a63f991c3f,2026-01-27,哔哩哔哩,BV1mJzXBoEgV,2026年1月27日直播,,https://www.bilibili.com/video/BV1mJzXBoEgV
performance_4ae810c29def,song_70a63f991c3f,2026-01-23,哔哩哔哩,BV1EDzmBwEVi,2026年1月23日直播,,https://www.bilibili.com/video/BV1EDzmBwEVi
performance_a7454a24ba32,song_70a63f991c3f,2026-01-09,哔哩哔哩,BV1he6UBREB2,2026年1月9日直播,,https://www.bilibili.com/video/BV1he6UBREB2
performance_60df93a4f504,song_70a63f991c3f,2025-12-13,哔哩哔哩,BV18LmSBGEam,2025年12月13日直播,,https://www.bilibili.com/video/BV18LmSBGEam
performance_c6b46f071177,song_70a63f991c3f,2025-12-03,哔哩哔哩,BV1onSbBNE9Z,2025年12月3日直播,,https://www.bilibili.com/video/BV1onSbBNE9Z
performance_0ef8f3caadb2,song_70a63f991c3f,2025-10-13,哔哩哔哩,BV1Gn4GzrEcs,2025年10月13日直播,,https://www.bilibili.com/video/BV1Gn4GzrEcs
performance_1d6bf4b49f2a,song_79b504253607,2026-07-22,哔哩哔哩,BV1NG3g6NEMK,2026年7月22日直播,,https://www.bilibili.com/video/BV1NG3g6NEMK/?p=9
performance_e74e44a83aa4,song_79b504253607,2026-05-09,哔哩哔哩,BV1huRfBXEjE,2026年5月9日直播,,https://www.bilibili.com/video/BV1huRfBXEjE/?p=3
performance_ba5c25b9d8b1,song_79b504253607,2026-02-28,哔哩哔哩,BV1gYP7zbE3M,2026年2月28日直播,,https://www.bilibili.com/video/BV1gYP7zbE3M
performance_e12a67ede713,song_79b504253607,2025-12-23,哔哩哔哩,BV1viBMB5ELB,2025年12月23日直播,,https://www.bilibili.com/video/BV1viBMB5ELB
performance_7b541615d68f,song_79b504253607,2025-12-20,哔哩哔哩,BV167qrBkEAj,2025年12月20日直播,,https://www.bilibili.com/video/BV167qrBkEAj
performance_addf84b69f3f,song_79b504253607,2025-12-07,哔哩哔哩,BV1CS29BrEgY,2025年12月7日直播,,https://www.bilibili.com/video/BV1CS29BrEgY
performance_6649151fb1a6,song_79b504253607,2025-10-17,哔哩哔哩,BV1fqWJzwEjs,2025年10月17日直播,,https://www.bilibili.com/video/BV1fqWJzwEjs
performance_acb7d5144d7b,song_79b504253607,2025-09-14,哔哩哔哩,BV1YjpBzvE5e,2025年9月14日直播,,https://www.bilibili.com/video/BV1YjpBzvE5e
performance_647cbe1076d4,song_79b504253607,2025-08-15,哔哩哔哩,BV1KpYCzAEUc,2025年8月15日直播,,https://www.bilibili.com/video/BV1KpYCzAEUc
performance_f0ebc90f5a60,song_79b504253607,2025-05-04,哔哩哔哩,BV1TPV1zsEGr,2025年5月4日直播,,https://www.bilibili.com/video/BV1TPV1zsEGr
performance_eed0fb62a76b,song_79afe835ed1b,2026-07-22,哔哩哔哩,BV1NG3g6NEMK,2026年7月22日直播,,https://www.bilibili.com/video/BV1NG3g6NEMK/?p=13
performance_66cb10a5ca2a,song_79afe835ed1b,2026-06-19,哔哩哔哩,BV1czjJ6KEHq,2026年6月19日直播,,https://www.bilibili.com/video/BV1czjJ6KEHq/?p=2
performance_3dd7fc7ae9c2,song_79afe835ed1b,2026-04-23,哔哩哔哩,BV1b7orB3Em9,2026年4月23日直播,,https://www.bilibili.com/video/BV1b7orB3Em9/?p=1
performance_d672c68bcbe7,song_79afe835ed1b,2026-02-27,哔哩哔哩,BV1YSPuzyE2A,2026年2月27日直播,,https://www.bilibili.com/video/BV1YSPuzyE2A
performance_9d993276c7d5,song_79afe835ed1b,2026-02-24,哔哩哔哩,BV11vArznEb2,2026年2月24日直播,,https://www.bilibili.com/video/BV11vArznEb2
performance_58a17c94f2ed,song_79afe835ed1b,2026-01-16,哔哩哔哩,BV1car9BxE5A,2026年1月16日直播,,https://www.bilibili.com/video/BV1car9BxE5A
performance_7f44a6629cb3,song_79afe835ed1b,2025-10-13,哔哩哔哩,BV1wz4yzUEqK,2025年10月13日直播,,https://www.bilibili.com/video/BV1wz4yzUEqK
performance_1e114da6f039,song_79afe835ed1b,2025-05-23,哔哩哔哩,BV1wejJzSERQ,2025年5月23日直播,,https://www.bilibili.com/video/BV1wejJzSERQ
performance_722eae47c228,song_79afe835ed1b,2025-05-13,哔哩哔哩,BV1CiEwz3EXt,2025年5月13日直播,,https://www.bilibili.com/video/BV1CiEwz3EXt
performance_323090c6f214,song_e46ff5e18f6a,2026-07-22,哔哩哔哩,BV1NG3g6NEMK,2026年7月22日直播,,https://www.bilibili.com/video/BV1NG3g6NEMK/?p=1
performance_11ee198b5007,song_e46ff5e18f6a,2026-04-03,哔哩哔哩,BV1hhDcBUEgA,2026年4月3日直播,,https://www.bilibili.com/video/BV1hhDcBUEgA/?p=1
performance_056287896eeb,song_e46ff5e18f6a,2026-02-06,哔哩哔哩,BV1sTcczhErE,2026年2月6日直播,,https://www.bilibili.com/video/BV1sTcczhErE
performance_0f2c2de93f70,song_e46ff5e18f6a,2026-01-23,哔哩哔哩,BV13pzmBnE5y,2026年1月23日直播,,https://www.bilibili.com/video/BV13pzmBnE5y
performance_38952287b724,song_e46ff5e18f6a,2025-11-24,哔哩哔哩,BV1G4UuBiEvK,2025年11月24日直播,,https://www.bilibili.com/video/BV1G4UuBiEvK
performance_8fb09e6354a2,song_e46ff5e18f6a,2025-05-14,哔哩哔哩,BV1gCEvz1ENH,2025年5月14日直播,,https://www.bilibili.com/video/BV1gCEvz1ENH
performance_5b0cef414a74,song_e46ff5e18f6a,2025-02-14,哔哩哔哩,BV1v6KTenEAG,2025年2月14日直播,,https://www.bilibili.com/video/BV1v6KTenEAG
performance_4b1de94f6116,song_e46ff5e18f6a,2024-12-23,哔哩哔哩,BV1zHkXYoEV7,2024年12月23日直播,,https://www.bilibili.com/video/BV1zHkXYoEV7
performance_d47056d16136,song_c509ad0628fc,2026-07-22,哔哩哔哩,BV1NG3g6NEMK,2026年7月22日直播,,https://www.bilibili.com/video/BV1NG3g6NEMK/?p=11
performance_015629a6cb02,song_c509ad0628fc,2026-07-03,哔哩哔哩,BV1MKMA6LEyC,2026年7月3日直播,,https://www.bilibili.com/video/BV1MKMA6LEyC/?p=3
performance_9c2b7f05e828,song_c509ad0628fc,2026-05-10,哔哩哔哩,BV1aK5W64Ega,2026年5月10日直播,,https://www.bilibili.com/video/BV1aK5W64Ega/?p=10
performance_e413080013a7,song_c509ad0628fc,2026-01-28,哔哩哔哩,BV1rD6ABjEnD,2026年1月28日直播,,https://www.bilibili.com/video/BV1rD6ABjEnD
performance_5b1b6955ea8e,song_c509ad0628fc,2025-12-07,哔哩哔哩,BV1Y829BsEPt,2025年12月7日直播,,https://www.bilibili.com/video/BV1Y829BsEPt
performance_2243eadccc3e,song_c509ad0628fc,2025-11-22,哔哩哔哩,BV15BU7BcEtK,2025年11月22日直播,,https://www.bilibili.com/video/BV15BU7BcEtK
performance_cb2ae713a966,song_c509ad0628fc,2025-09-19,哔哩哔哩,BV11iWAzZEwK,2025年9月19日直播,,https://www.bilibili.com/video/BV11iWAzZEwK
performance_7bcb8c55a71a,song_2e5dc579b5e6,2026-07-22,哔哩哔哩,BV1NG3g6NEMK,2026年7月22日直播,,https://www.bilibili.com/video/BV1NG3g6NEMK/?p=5
performance_cd1f243a4be9,song_2e5dc579b5e6,2026-06-25,哔哩哔哩,BV1Ht7H6LEfF,2026年6月25日直播,,https://www.bilibili.com/video/BV1Ht7H6LEfF/?p=3
performance_a4b19f04dc8b,song_2e5dc579b5e6,2026-04-03,哔哩哔哩,BV1hhDcBUEgA,2026年4月3日直播,,https://www.bilibili.com/video/BV1hhDcBUEgA/?p=8
performance_be95cd47a93b,song_2e5dc579b5e6,2026-02-27,哔哩哔哩,BV1UJPuzNEZx,2026年2月27日直播,,https://www.bilibili.com/video/BV1UJPuzNEZx
performance_34ec6d357b35,song_2e5dc579b5e6,2026-02-05,哔哩哔哩,BV1WsFxzwEbH,2026年2月5日直播,,https://www.bilibili.com/video/BV1WsFxzwEbH
performance_c5d90decbbe2,song_2e5dc579b5e6,2024-11-09,哔哩哔哩,BV1e3DqYZE4A,2024年11月9日直播,,https://www.bilibili.com/video/BV1e3DqYZE4A
performance_70694c4dff13,song_88c1106c749f,2026-07-22,哔哩哔哩,BV1NG3g6NEMK,2026年7月22日直播,,https://www.bilibili.com/video/BV1NG3g6NEMK/?p=2
performance_1903dcbd8885,song_88c1106c749f,2026-07-06,哔哩哔哩,BV1XGM36GEXD,2026年7月6日直播,,https://www.bilibili.com/video/BV1XGM36GEXD/?p=3
performance_2fa9419ae181,song_88c1106c749f,2026-06-15,哔哩哔哩,BV1nkjg6GEzd,2026年6月15日直播,,https://www.bilibili.com/video/BV1nkjg6GEzd/?p=6
performance_ba2c2aa30b50,song_88c1106c749f,2026-05-15,哔哩哔哩,BV1wB5r6bEDW,2026年5月15日直播,,https://www.bilibili.com/video/BV1wB5r6bEDW/?p=6
performance_43b244322b8b,song_88c1106c749f,2026-03-03,哔哩哔哩,BV1t2PyzeEGu,2026年3月3日直播,,https://www.bilibili.com/video/BV1t2PyzeEGu
performance_e1732efd9225,song_88c1106c749f,2026-03-01,哔哩哔哩,BV16dPJznEQh,2026年3月1日直播,,https://www.bilibili.com/video/BV16dPJznEQh
performance_dad3fe79e8a5,song_62aa6daac37e,2026-07-22,哔哩哔哩,BV1NG3g6NEMK,2026年7月22日直播,,https://www.bilibili.com/video/BV1NG3g6NEMK/?p=8
performance_b3fd3befb793,song_62aa6daac37e,2026-01-20,哔哩哔哩,BV1c9zJBxEu3,2026年1月20日直播,,https://www.bilibili.com/video/BV1c9zJBxEu3
performance_ae6e1b78c81d,song_62aa6daac37e,2025-11-17,哔哩哔哩,BV1zuChBfEDT,2025年11月17日直播,,https://www.bilibili.com/video/BV1zuChBfEDT
performance_73b937eba658,song_62aa6daac37e,2025-10-14,哔哩哔哩,BV1hJ49zWEn5,2025年10月14日直播,,https://www.bilibili.com/video/BV1hJ49zWEn5
performance_c8c1f0e479ee,song_62aa6daac37e,2025-08-15,哔哩哔哩,BV1NxYCzcEwD,2025年8月15日直播,,https://www.bilibili.com/video/BV1NxYCzcEwD
performance_4fcc70d0aad8,song_62aa6daac37e,2025-02-04,哔哩哔哩,BV18VP6ecEZ3,2025年2月4日直播,,https://www.bilibili.com/video/BV18VP6ecEZ3
performance_5ff84f7676fa,song_16181dbc6575,2026-07-22,哔哩哔哩,BV1NG3g6NEMK,2026年7月22日直播,,https://www.bilibili.com/video/BV1NG3g6NEMK/?p=15
performance_e5232f1798fa,song_16181dbc6575,2026-07-14,哔哩哔哩,BV1YMKM6hE2B,2026年7月14日直播,,https://www.bilibili.com/video/BV1YMKM6hE2B/?p=1
performance_5749d1314784,song_16181dbc6575,2026-07-05,哔哩哔哩,BV1eLTX6tE7J,2026年7月5日直播,,https://www.bilibili.com/video/BV1eLTX6tE7J/?p=2
performance_a00a80f7b27f,song_16181dbc6575,2026-06-30,哔哩哔哩,BV1jHTi6JE5U,2026年6月30日直播,,https://www.bilibili.com/video/BV1jHTi6JE5U/?p=16
performance_780590c3c846,song_16181dbc6575,2026-06-27,哔哩哔哩,BV1F8KS6tEZF,2026年6月27日直播,,https://www.bilibili.com/video/BV1F8KS6tEZF/?p=1
performance_97fb04766f5a,song_16181dbc6575,2026-06-13,哔哩哔哩,BV1UNJT6DEEk,2026年6月13日直播,,https://www.bilibili.com/video/BV1UNJT6DEEk/?p=2
performance_d1377c0b9212,song_6ba2b9cd490a,2026-07-21,哔哩哔哩,BV1S3gh6aEFw,2026年7月21日直播,,https://www.bilibili.com/video/BV1S3gh6aEFw/?p=9
performance_138c3561b007,song_6ba2b9cd490a,2026-06-23,哔哩哔哩,BV1gsjd6HEFB,2026年6月23日直播,,https://www.bilibili.com/video/BV1gsjd6HEFB/?p=1
performance_9112f56798e8,song_6ba2b9cd490a,2026-06-10,哔哩哔哩,BV1GHEi6zE5H,2026年6月10日直播,,https://www.bilibili.com/video/BV1GHEi6zE5H/?p=10
performance_c8111273a020,song_6ba2b9cd490a,2026-05-09,哔哩哔哩,BV1huRfBXEjE,2026年5月9日直播,,https://www.bilibili.com/video/BV1huRfBXEjE/?p=2
performance_4a75b9ccf09a,song_6ba2b9cd490a,2026-04-26,哔哩哔哩,BV1S7orB3EaV,2026年4月26日直播,,https://www.bilibili.com/video/BV1S7orB3EaV/?p=7
performance_e64a41c13447,song_6ba2b9cd490a,2026-04-10,哔哩哔哩,BV19XQYB2EUD,2026年4月10日直播,,https://www.bilibili.com/video/BV19XQYB2EUD/?p=15
performance_e30f44201bf2,song_6ba2b9cd490a,2026-03-26,哔哩哔哩,BV1Uk9WBJEyk,2026年3月26日直播,,https://www.bilibili.com/video/BV1Uk9WBJEyk
performance_25c648b48f60,song_6ba2b9cd490a,2026-03-18,哔哩哔哩,BV183AHzKE8S,2026年3月18日直播,,https://www.bilibili.com/video/BV183AHzKE8S
performance_fc69b186e467,song_6ba2b9cd490a,2026-03-01,哔哩哔哩,BV16dPJznExf,2026年3月1日直播,,https://www.bilibili.com/video/BV16dPJznExf
performance_fd5536f79bab,song_6ba2b9cd490a,2026-02-17,哔哩哔哩,BV1iDZQBpEDA,2026年2月17日直播,,https://www.bilibili.com/video/BV1iDZQBpEDA
performance_3e3cf4761a40,song_6ba2b9cd490a,2026-02-11,哔哩哔哩,BV1P4c3ztEPM,2026年2月11日直播,,https://www.bilibili.com/video/BV1P4c3ztEPM
performance_7f40da3ad25b,song_6ba2b9cd490a,2026-01-18,哔哩哔哩,BV1aVkEByETC,2026年1月18日直播,,https://www.bilibili.com/video/BV1aVkEByETC
performance_2f87e90c6cbe,song_6ba2b9cd490a,2026-01-09,哔哩哔哩,BV1c56UBzEp5,2026年1月9日直播,,https://www.bilibili.com/video/BV1c56UBzEp5
performance_17697f4d1132,song_6ba2b9cd490a,2026-01-08,哔哩哔哩,BV18qidBwEtB,2026年1月8日直播,,https://www.bilibili.com/video/BV18qidBwEtB
performance_b4e8336d0f71,song_6ba2b9cd490a,2026-01-02,哔哩哔哩,BV1wfiqBNEeE,2026年1月2日直播,,https://www.bilibili.com/video/BV1wfiqBNEeE
performance_b66ec32ac2b6,song_6ba2b9cd490a,2025-12-26,哔哩哔哩,BV1u9BdBMEZ1,2025年12月26日直播,,https://www.bilibili.com/video/BV1u9BdBMEZ1
performance_71af96d7ed7e,song_6ba2b9cd490a,2025-12-20,哔哩哔哩,BV1FBq6BgEgT,2025年12月20日直播,,https://www.bilibili.com/video/BV1FBq6BgEgT
performance_6f7575e6ab7a,song_6ba2b9cd490a,2025-12-02,哔哩哔哩,BV1CBSpBbE4p,2025年12月2日直播,,https://www.bilibili.com/video/BV1CBSpBbE4p
performance_80d842faa988,song_6ba2b9cd490a,2025-11-19,哔哩哔哩,BV1CEyVBXEcR,2025年11月19日直播,,https://www.bilibili.com/video/BV1CEyVBXEcR
performance_ec2f9b5f8dbc,song_6ba2b9cd490a,2025-06-22,哔哩哔哩,BV1QVNmz2Eek,2025年6月22日直播,,https://www.bilibili.com/video/BV1QVNmz2Eek
performance_72f760b53460,song_6ba2b9cd490a,2025-02-04,哔哩哔哩,BV14EP6eoEi4,2025年2月4日直播,,https://www.bilibili.com/video/BV14EP6eoEi4
performance_b4a85f353dc1,song_6ba2b9cd490a,2024-12-20,哔哩哔哩,BV1Bpk8YZEyK,2024年12月20日直播,,https://www.bilibili.com/video/BV1Bpk8YZEyK
performance_908a21d82028,song_8c7a023c9dc2,2026-07-21,哔哩哔哩,BV1S3gh6aEFw,2026年7月21日直播,,https://www.bilibili.com/video/BV1S3gh6aEFw/?p=10
performance_8bb457fce293,song_8c7a023c9dc2,2026-06-15,哔哩哔哩,BV1nkjg6GEzd,2026年6月15日直播,,https://www.bilibili.com/video/BV1nkjg6GEzd/?p=4
performance_3069fb375e26,song_8c7a023c9dc2,2026-05-09,哔哩哔哩,BV1huRfBXEjE,2026年5月9日直播,,https://www.bilibili.com/video/BV1huRfBXEjE/?p=4
performance_8e7b56b2a02d,song_8c7a023c9dc2,2026-04-29,哔哩哔哩,BV18hRABcEry,2026年4月29日直播,,https://www.bilibili.com/video/BV18hRABcEry/?p=17
performance_1f846deac739,song_8c7a023c9dc2,2026-04-01,哔哩哔哩,BV1dD9wBeE3F,2026年4月1日直播,,https://www.bilibili.com/video/BV1dD9wBeE3F
performance_fa644975ff86,song_8c7a023c9dc2,2026-03-20,哔哩哔哩,BV1xkA3zNEMc,2026年3月20日直播,,https://www.bilibili.com/video/BV1xkA3zNEMc
performance_1db84e218df3,song_8c7a023c9dc2,2026-02-27,哔哩哔哩,BV1UJPuzNEVJ,2026年2月27日直播,,https://www.bilibili.com/video/BV1UJPuzNEVJ
performance_9d1b25ded627,song_8c7a023c9dc2,2026-02-18,哔哩哔哩,BV12EZeBnE8Z,2026年2月18日直播,,https://www.bilibili.com/video/BV12EZeBnE8Z
performance_a426eb90e08f,song_8c7a023c9dc2,2026-02-06,哔哩哔哩,BV1k8cFzdEZq,2026年2月6日直播,,https://www.bilibili.com/video/BV1k8cFzdEZq
performance_34af14d85f3a,song_8c7a023c9dc2,2026-01-27,哔哩哔哩,BV12HzXBxEA8,2026年1月27日直播,,https://www.bilibili.com/video/BV12HzXBxEA8
performance_5e113be0f5e5,song_8c7a023c9dc2,2026-01-21,哔哩哔哩,BV1TJzTBcEuG,2026年1月21日直播,,https://www.bilibili.com/video/BV1TJzTBcEuG
performance_76bbccb54d41,song_8c7a023c9dc2,2025-12-25,哔哩哔哩,BV1NyB1BeEg9,2025年12月25日直播,,https://www.bilibili.com/video/BV1NyB1BeEg9
performance_6dfd01b3e416,song_8c7a023c9dc2,2025-12-19,哔哩哔哩,BV1N1qDBLEyd,2025年12月19日直播,,https://www.bilibili.com/video/BV1N1qDBLEyd
performance_cd61e435f692,song_8c7a023c9dc2,2025-12-07,哔哩哔哩,BV14k29BjEGV,2025年12月7日直播,,https://www.bilibili.com/video/BV14k29BjEGV
performance_acf7ab08ba39,song_8c7a023c9dc2,2025-11-22,哔哩哔哩,BV15BU7BcE52,2025年11月22日直播,,https://www.bilibili.com/video/BV15BU7BcE52
performance_615c30af4a46,song_8c7a023c9dc2,2025-10-30,哔哩哔哩,BV1udybBCE8M,2025年10月30日直播,,https://www.bilibili.com/video/BV1udybBCE8M
performance_15b5d38f129d,song_8c7a023c9dc2,2025-08-01,哔哩哔哩,BV1zchWzZECq,2025年8月1日直播,,https://www.bilibili.com/video/BV1zchWzZECq
performance_28b10e88ea59,song_8c7a023c9dc2,2025-07-30,哔哩哔哩,BV14NhpzTEXR,2025年7月30日直播,,https://www.bilibili.com/video/BV14NhpzTEXR
performance_6675af748f26,song_8c7a023c9dc2,2025-07-25,哔哩哔哩,BV1Av84zuEJ4,2025年7月25日直播,,https://www.bilibili.com/video/BV1Av84zuEJ4
performance_e3450e2ffb79,song_8e35b48b0f7f,2026-07-21,哔哩哔哩,BV1S3gh6aEFw,2026年7月21日直播,,https://www.bilibili.com/video/BV1S3gh6aEFw/?p=8
performance_6493348d794b,song_8e35b48b0f7f,2026-06-19,哔哩哔哩,BV1czjJ6KEHq,2026年6月19日直播,,https://www.bilibili.com/video/BV1czjJ6KEHq/?p=18
performance_ffeeb1ff3bd4,song_8e35b48b0f7f,2026-05-22,哔哩哔哩,BV1nBGL61Eim,2026年5月22日直播,,https://www.bilibili.com/video/BV1nBGL61Eim/?p=2
performance_33652651a500,song_8e35b48b0f7f,2026-02-27,哔哩哔哩,BV1G3PuzrEZB,2026年2月27日直播,,https://www.bilibili.com/video/BV1G3PuzrEZB
performance_5c1d54d78dde,song_8e35b48b0f7f,2026-02-18,哔哩哔哩,BV1rbZeBCEUJ,2026年2月18日直播,,https://www.bilibili.com/video/BV1rbZeBCEUJ
performance_f31cdecdcd51,song_8e35b48b0f7f,2026-02-06,哔哩哔哩,BV1H8cFzdExz,2026年2月6日直播,,https://www.bilibili.com/video/BV1H8cFzdExz
performance_2689e9c3b2e5,song_8e35b48b0f7f,2026-01-30,哔哩哔哩,BV1gp6JB6EJz,2026年1月30日直播,,https://www.bilibili.com/video/BV1gp6JB6EJz
performance_5fa72f332ae0,song_8e35b48b0f7f,2026-01-08,哔哩哔哩,BV1mridBbEry,2026年1月8日直播,,https://www.bilibili.com/video/BV1mridBbEry
performance_f56fbecb9222,song_8e35b48b0f7f,2025-12-09,哔哩哔哩,BV17k2CBiEaC,2025年12月9日直播,,https://www.bilibili.com/video/BV17k2CBiEaC
performance_15cd8b758991,song_8e35b48b0f7f,2025-03-28,哔哩哔哩,BV1saZzYqEYZ,2025年3月28日直播,,https://www.bilibili.com/video/BV1saZzYqEYZ
performance_a8089b67bb3f,song_8e35b48b0f7f,2025-03-14,哔哩哔哩,BV1PDXzYoE6s,2025年3月14日直播,,https://www.bilibili.com/video/BV1PDXzYoE6s
performance_46ff72bebc43,song_8e35b48b0f7f,2024-12-07,哔哩哔哩,BV1LGqpY9Eqf,2024年12月7日直播,,https://www.bilibili.com/video/BV1LGqpY9Eqf
performance_b29fe81421bd,song_6ee247dc22e4,2026-07-21,哔哩哔哩,BV1S3gh6aEFw,2026年7月21日直播,,https://www.bilibili.com/video/BV1S3gh6aEFw/?p=11
performance_147f2c13a862,song_6ee247dc22e4,2026-05-24,哔哩哔哩,BV19mGo6SE3t,2026年5月24日直播,,https://www.bilibili.com/video/BV19mGo6SE3t/?p=8
performance_5d345c574102,song_6ee247dc22e4,2026-02-03,哔哩哔哩,BV1wJffBDEQ5,2026年2月3日直播,,https://www.bilibili.com/video/BV1wJffBDEQ5
performance_91267202faee,song_6ee247dc22e4,2026-01-18,哔哩哔哩,BV18EkEB3EaN,2026年1月18日直播,,https://www.bilibili.com/video/BV18EkEB3EaN
performance_8ce71dc56af8,song_6ee247dc22e4,2025-12-30,哔哩哔哩,BV1u5vxBkEEv,2025年12月30日直播,,https://www.bilibili.com/video/BV1u5vxBkEEv
performance_741ed76ab3bc,song_6ee247dc22e4,2025-11-03,哔哩哔哩,BV1zm1aBzEZY,2025年11月3日直播,,https://www.bilibili.com/video/BV1zm1aBzEZY
performance_29bc5413aa32,song_6ee247dc22e4,2025-03-28,哔哩哔哩,BV1WaZzYqEoA,2025年3月28日直播,,https://www.bilibili.com/video/BV1WaZzYqEoA
performance_12ff73e82abc,song_6ee247dc22e4,2024-12-24,哔哩哔哩,BV1qJrkYsEHS,2024年12月24日直播,,https://www.bilibili.com/video/BV1qJrkYsEHS
performance_dfdd2a98f06a,song_6ee247dc22e4,2024-11-17,哔哩哔哩,BV1sRUUY3E8h,2024年11月17日直播,,https://www.bilibili.com/video/BV1sRUUY3E8h
performance_9fc75f4f19d5,song_e343a624ffcd,2026-07-21,哔哩哔哩,BV1S3gh6aEFw,2026年7月21日直播,,https://www.bilibili.com/video/BV1S3gh6aEFw/?p=5
performance_ac09415b8ebf,song_e343a624ffcd,2026-07-09,哔哩哔哩,BV1h5Nw6uEpn,2026年7月9日直播,,https://www.bilibili.com/video/BV1h5Nw6uEpn/?p=8
performance_4a8b3898e7b7,song_e343a624ffcd,2026-06-25,哔哩哔哩,BV1Ht7H6LEfF,2026年6月25日直播,,https://www.bilibili.com/video/BV1Ht7H6LEfF/?p=4
performance_889e1ec485de,song_e343a624ffcd,2026-04-03,哔哩哔哩,BV1hhDcBUEgA,2026年4月3日直播,,https://www.bilibili.com/video/BV1hhDcBUEgA/?p=15
performance_3c05d944060d,song_e343a624ffcd,2025-10-21,哔哩哔哩,BV1BYWSz7Ek5,2025年10月21日直播,,https://www.bilibili.com/video/BV1BYWSz7Ek5
performance_fb989e1219f9,song_e343a624ffcd,2025-05-25,哔哩哔哩,BV1FkjgzpEyi,2025年5月25日直播,,https://www.bilibili.com/video/BV1FkjgzpEyi
performance_a8b79000c925,song_e343a624ffcd,2025-03-06,哔哩哔哩,BV1aqRhYnEJB,2025年3月6日直播,,https://www.bilibili.com/video/BV1aqRhYnEJB
performance_4247fc9e6dae,song_e343a624ffcd,2025-01-31,哔哩哔哩,BV1TMFXeEEYu,2025年1月31日直播,,https://www.bilibili.com/video/BV1TMFXeEEYu
performance_7dd92a909a4b,song_d57b1402db57,2026-07-21,哔哩哔哩,BV1S3gh6aEFw,2026年7月21日直播,,https://www.bilibili.com/video/BV1S3gh6aEFw/?p=4
performance_399547c8d784,song_d57b1402db57,2026-07-05,哔哩哔哩,BV1eLTX6tE7J,2026年7月5日直播,,https://www.bilibili.com/video/BV1eLTX6tE7J/?p=10
performance_5a813862dafc,song_d57b1402db57,2026-01-15,哔哩哔哩,BV1GpkwBeE1e,2026年1月15日直播,,https://www.bilibili.com/video/BV1GpkwBeE1e
performance_e210d588a06b,song_d57b1402db57,2025-07-25,哔哩哔哩,BV1wi84zBEbM,2025年7月25日直播,,https://www.bilibili.com/video/BV1wi84zBEbM
performance_255e1e1b015f,song_d57b1402db57,2024-12-07,哔哩哔哩,BV1LGqpY9EU8,2024年12月7日直播,,https://www.bilibili.com/video/BV1LGqpY9EU8
performance_d0905001d0f6,song_d57b1402db57,2024-11-21,哔哩哔哩,BV1YQidYGEcU,2024年11月21日直播,,https://www.bilibili.com/video/BV1YQidYGEcU
performance_935449e910da,song_f3fe81880bb3,2026-07-21,哔哩哔哩,BV1S3gh6aEFw,2026年7月21日直播,,https://www.bilibili.com/video/BV1S3gh6aEFw/?p=2
performance_6dab6d6c261c,song_f3fe81880bb3,2026-07-17,哔哩哔哩,BV1hGKM6ZEXu,2026年7月17日直播,,https://www.bilibili.com/video/BV1hGKM6ZEXu/?p=3
performance_789296d63052,song_fe8b0be2365d,2026-07-19,哔哩哔哩,BV1PRK16RESv,2026年7月19日直播,,https://www.bilibili.com/video/BV1PRK16RESv/?p=3
performance_d5e694a9ad56,song_fe8b0be2365d,2026-07-10,哔哩哔哩,BV1L1Ne6uEnE,2026年7月10日直播,,https://www.bilibili.com/video/BV1L1Ne6uEnE/?p=6
performance_b9d934a3c2c5,song_fe8b0be2365d,2026-06-20,哔哩哔哩,BV1pMjt6bEyu,2026年6月20日直播,,https://www.bilibili.com/video/BV1pMjt6bEyu/?p=2
performance_37cafa5e5d06,song_fe8b0be2365d,2026-06-19,哔哩哔哩,BV1czjJ6KEHq,2026年6月19日直播,,https://www.bilibili.com/video/BV1czjJ6KEHq/?p=14
performance_5ce2c526557e,song_fe8b0be2365d,2026-06-15,哔哩哔哩,BV1nkjg6GEzd,2026年6月15日直播,,https://www.bilibili.com/video/BV1nkjg6GEzd/?p=1
performance_8aecbe185a8a,song_fe8b0be2365d,2026-06-13,哔哩哔哩,BV1UNJT6DEEk,2026年6月13日直播,,https://www.bilibili.com/video/BV1UNJT6DEEk/?p=14
performance_80ba5c1f0ee1,song_fe8b0be2365d,2026-05-24,哔哩哔哩,BV19mGo6SE3t,2026年5月24日直播,,https://www.bilibili.com/video/BV19mGo6SE3t/?p=7
performance_1c16cff83dca,song_fe8b0be2365d,2026-05-20,哔哩哔哩,BV1GFGE6uEri,2026年5月20日直播,,https://www.bilibili.com/video/BV1GFGE6uEri/?p=7
performance_1dbe959b496f,song_fe8b0be2365d,2026-05-15,哔哩哔哩,BV1wB5r6bEDW,2026年5月15日直播,,https://www.bilibili.com/video/BV1wB5r6bEDW/?p=2
performance_6c8b84f1e8e6,song_fe8b0be2365d,2026-05-14,哔哩哔哩,BV1PL5h6eE85,2026年5月14日直播,,https://www.bilibili.com/video/BV1PL5h6eE85/?p=5
performance_a98db4ad4cff,song_7f4459080590,2026-07-19,哔哩哔哩,BV1PRK16RESv,2026年7月19日直播,,https://www.bilibili.com/video/BV1PRK16RESv/?p=2
performance_74bf30a66d30,song_7f4459080590,2026-02-01,哔哩哔哩,BV1j2fdBvE6y,2026年2月1日直播,,https://www.bilibili.com/video/BV1j2fdBvE6y
performance_5c3a45f5c142,song_7f4459080590,2026-01-16,哔哩哔哩,BV1fir9BQEbV,2026年1月16日直播,,https://www.bilibili.com/video/BV1fir9BQEbV
performance_fb8dd9b41625,song_7f4459080590,2025-02-03,哔哩哔哩,BV1K8PdevE8f,2025年2月3日直播,,https://www.bilibili.com/video/BV1K8PdevE8f
performance_314386b1cb83,song_7f4459080590,2024-12-10,哔哩哔哩,BV1w4qUYgEM6,2024年12月10日直播,,https://www.bilibili.com/video/BV1w4qUYgEM6
performance_f465c8af31d6,song_7f4459080590,2024-11-29,哔哩哔哩,BV1QZi2YjEjq,2024年11月29日直播,,https://www.bilibili.com/video/BV1QZi2YjEjq
performance_6f3701e228c0,song_8b75b942a654,2026-07-19,哔哩哔哩,BV1PRK16RESv,2026年7月19日直播,,https://www.bilibili.com/video/BV1PRK16RESv/?p=4
performance_388e9663e54b,song_8b75b942a654,2026-05-23,哔哩哔哩,BV1WaGL6SEu7,2026年5月23日直播,,https://www.bilibili.com/video/BV1WaGL6SEu7/?p=3
performance_39c98665ea3f,song_8b75b942a654,2026-05-20,哔哩哔哩,BV1GFGE6uEri,2026年5月20日直播,,https://www.bilibili.com/video/BV1GFGE6uEri/?p=9
performance_f58604d81f03,song_8b75b942a654,2026-05-15,哔哩哔哩,BV1wB5r6bEDW,2026年5月15日直播,,https://www.bilibili.com/video/BV1wB5r6bEDW/?p=3
performance_b2f37bee4ec9,song_8b75b942a654,2026-03-13,哔哩哔哩,BV1Mrw8z9EeY,2026年3月13日直播,,https://www.bilibili.com/video/BV1Mrw8z9EeY
performance_781c03acbb22,song_018483518e5d,2026-07-19,哔哩哔哩,BV1PRK16RESv,2026年7月19日直播,,https://www.bilibili.com/video/BV1PRK16RESv/?p=1
performance_5c0db9ce5449,song_018483518e5d,2026-02-18,哔哩哔哩,BV1naZeBkE3x,2026年2月18日直播,,https://www.bilibili.com/video/BV1naZeBkE3x
performance_6fa87946cf01,song_018483518e5d,2026-01-28,哔哩哔哩,BV1kD6ABjEgf,2026年1月28日直播,,https://www.bilibili.com/video/BV1kD6ABjEgf
performance_d4289c9d25ee,song_018483518e5d,2025-12-25,哔哩哔哩,BV1P2B1BAECh,2025年12月25日直播,,https://www.bilibili.com/video/BV1P2B1BAECh
performance_5bc10e818325,song_66308858358f,2026-07-18,哔哩哔哩,BV1a3KM6bECG,2026年7月18日直播,,https://www.bilibili.com/video/BV1a3KM6bECG/?p=1
performance_e8e3d7664573,song_66308858358f,2026-06-17,哔哩哔哩,BV1M2jF6fEQT,2026年6月17日直播,,https://www.bilibili.com/video/BV1M2jF6fEQT/?p=5
performance_fd62aa6985b9,song_66308858358f,2026-03-22,哔哩哔哩,BV1uWXEBNEmQ,2026年3月22日直播,,https://www.bilibili.com/video/BV1uWXEBNEmQ
performance_b5b7497ef8e3,song_66308858358f,2025-10-30,哔哩哔哩,BV18RybB5E8c,2025年10月30日直播,,https://www.bilibili.com/video/BV18RybB5E8c
performance_e89f9026cb51,song_66308858358f,2025-06-21,哔哩哔哩,BV16qNmzcE4T,2025年6月21日直播,,https://www.bilibili.com/video/BV16qNmzcE4T
performance_fbd0b175a1af,song_66308858358f,2025-02-16,哔哩哔哩,BV1hZAmenEfv,2025年2月16日直播,,https://www.bilibili.com/video/BV1hZAmenEfv
performance_c7f24d6db256,song_66308858358f,2024-12-24,哔哩哔哩,BV1T6cnecEiB,2024年12月24日直播,,https://www.bilibili.com/video/BV1T6cnecEiB
performance_5bf422e6d869,song_bbbed5707bf5,2026-07-18,哔哩哔哩,BV1a3KM6bECG,2026年7月18日直播,,https://www.bilibili.com/video/BV1a3KM6bECG/?p=2
performance_442ed08285b1,song_bbbed5707bf5,2026-07-17,哔哩哔哩,BV1hGKM6ZEXu,2026年7月17日直播,,https://www.bilibili.com/video/BV1hGKM6ZEXu/?p=2
performance_efcfe43f7b65,song_bbbed5707bf5,2026-07-14,哔哩哔哩,BV1YMKM6hE2B,2026年7月14日直播,,https://www.bilibili.com/video/BV1YMKM6hE2B/?p=2
performance_a24761484526,song_12d09b2cba08,2026-07-17,哔哩哔哩,BV1hGKM6ZEXu,2026年7月17日直播,,https://www.bilibili.com/video/BV1hGKM6ZEXu/?p=1
performance_5a40b1a3542b,song_87679f05040f,2026-07-16,哔哩哔哩,BV1hGKM6ZEve,2026年7月16日直播,,https://www.bilibili.com/video/BV1hGKM6ZEve/?p=1
performance_b9decf58916c,song_87679f05040f,2026-07-03,哔哩哔哩,BV1MKMA6LEyC,2026年7月3日直播,,https://www.bilibili.com/video/BV1MKMA6LEyC/?p=4
performance_048991b9f952,song_87679f05040f,2026-06-27,哔哩哔哩,BV1F8KS6tEZF,2026年6月27日直播,,https://www.bilibili.com/video/BV1F8KS6tEZF/?p=2
performance_6688c3eba669,song_87679f05040f,2026-05-20,哔哩哔哩,BV1GFGE6uEri,2026年5月20日直播,,https://www.bilibili.com/video/BV1GFGE6uEri/?p=11
performance_3293cf9d0f21,song_87679f05040f,2026-04-10,哔哩哔哩,BV19XQYB2EUD,2026年4月10日直播,,https://www.bilibili.com/video/BV19XQYB2EUD/?p=12
performance_3004df25cb2d,song_87679f05040f,2026-02-04,哔哩哔哩,BV1JRFizHEFj,2026年2月4日直播,,https://www.bilibili.com/video/BV1JRFizHEFj
performance_a54b7cfdd484,song_87679f05040f,2026-01-30,哔哩哔哩,BV1Fk6JBoEXD,2026年1月30日直播,,https://www.bilibili.com/video/BV1Fk6JBoEXD
performance_24accede13bc,song_87679f05040f,2025-11-24,哔哩哔哩,BV1G4UuBiExM,2025年11月24日直播,,https://www.bilibili.com/video/BV1G4UuBiExM
performance_a92292ad16cc,song_87679f05040f,2025-11-16,哔哩哔哩,BV1H5C2BrEjN,2025年11月16日直播,,https://www.bilibili.com/video/BV1H5C2BrEjN
performance_5f1e3057ee44,song_87679f05040f,2025-11-02,哔哩哔哩,BV153ydBbE9b,2025年11月2日直播,,https://www.bilibili.com/video/BV153ydBbE9b
performance_e3a0600c4954,song_87679f05040f,2025-05-08,哔哩哔哩,BV1hS55zjESR,2025年5月8日直播,,https://www.bilibili.com/video/BV1hS55zjESR
performance_c8ece70b2280,song_87679f05040f,2024-11-21,哔哩哔哩,BV1YQidYGEws,2024年11月21日直播,,https://www.bilibili.com/video/BV1YQidYGEws
performance_9d375a65b2d3,song_2c02c5cbddf3,2026-07-15,哔哩哔哩,BV1aGKM6ZEPP,2026年7月15日直播,,https://www.bilibili.com/video/BV1aGKM6ZEPP/?p=2
performance_48041e086ac9,song_2c02c5cbddf3,2026-04-26,哔哩哔哩,BV1S7orB3EaV,2026年4月26日直播,,https://www.bilibili.com/video/BV1S7orB3EaV/?p=5
performance_07360be2c024,song_2c02c5cbddf3,2026-04-10,哔哩哔哩,BV19XQYB2EUD,2026年4月10日直播,,https://www.bilibili.com/video/BV19XQYB2EUD/?p=1
performance_4425a3f8ab94,song_2c02c5cbddf3,2026-04-02,哔哩哔哩,BV1A6DMBdEyC,2026年4月2日直播,,https://www.bilibili.com/video/BV1A6DMBdEyC/?p=11
performance_5e4c4a39be26,song_2c02c5cbddf3,2026-02-14,哔哩哔哩,BV1grZtBGEYP,2026年2月14日直播,,https://www.bilibili.com/video/BV1grZtBGEYP
performance_a63568b4b41c,song_2c02c5cbddf3,2026-02-10,哔哩哔哩,BV1xLFdzSEvR,2026年2月10日直播,,https://www.bilibili.com/video/BV1xLFdzSEvR
performance_af33e51d5598,song_2c02c5cbddf3,2026-02-06,哔哩哔哩,BV1racFzsEfT,2026年2月6日直播,,https://www.bilibili.com/video/BV1racFzsEfT
performance_748819848d0f,song_2c02c5cbddf3,2026-01-30,哔哩哔哩,BV19o6JBjEas,2026年1月30日直播,,https://www.bilibili.com/video/BV19o6JBjEas
performance_b05a6085ffbb,song_2c02c5cbddf3,2026-01-27,哔哩哔哩,BV11szXBWEJa,2026年1月27日直播,,https://www.bilibili.com/video/BV11szXBWEJa
performance_44b470b62e14,song_2c02c5cbddf3,2026-01-23,哔哩哔哩,BV1MbzmBjEHK,2026年1月23日直播,,https://www.bilibili.com/video/BV1MbzmBjEHK
performance_f25a45e53000,song_2c02c5cbddf3,2026-01-09,哔哩哔哩,BV1f76UBiEoP,2026年1月9日直播,,https://www.bilibili.com/video/BV1f76UBiEoP
performance_7c9e6b80a9c6,song_458d5690955e,2026-07-15,哔哩哔哩,BV1aGKM6ZEPP,2026年7月15日直播,,https://www.bilibili.com/video/BV1aGKM6ZEPP/?p=3
performance_f4f1d9fb8c8f,song_458d5690955e,2026-06-30,哔哩哔哩,BV1jHTi6JE5U,2026年6月30日直播,,https://www.bilibili.com/video/BV1jHTi6JE5U/?p=17
performance_82019278bdfd,song_458d5690955e,2026-01-29,哔哩哔哩,BV13R6BBhEAp,2026年1月29日直播,,https://www.bilibili.com/video/BV13R6BBhEAp
performance_eec90b41e204,song_458d5690955e,2026-01-16,哔哩哔哩,BV1nmrDBUEkg,2026年1月16日直播,,https://www.bilibili.com/video/BV1nmrDBUEkg
performance_1a8564bebc93,song_458d5690955e,2026-01-08,哔哩哔哩,BV11Fi9BUEG8,2026年1月8日直播,,https://www.bilibili.com/video/BV11Fi9BUEG8
performance_9f784dbaab93,song_0be62b472bd7,2026-07-15,哔哩哔哩,BV1aGKM6ZEPP,2026年7月15日直播,,https://www.bilibili.com/video/BV1aGKM6ZEPP/?p=1
performance_70a3d6d56e86,song_0be62b472bd7,2026-06-26,哔哩哔哩,BV16GKD6ZEno,2026年6月26日直播,,https://www.bilibili.com/video/BV16GKD6ZEno/?p=1
performance_b998919b3ecc,song_0be62b472bd7,2026-06-17,哔哩哔哩,BV1M2jF6fEQT,2026年6月17日直播,,https://www.bilibili.com/video/BV1M2jF6fEQT/?p=4
performance_6dd5c83dfbba,song_0be62b472bd7,2026-06-13,哔哩哔哩,BV1UNJT6DEEk,2026年6月13日直播,,https://www.bilibili.com/video/BV1UNJT6DEEk/?p=16
performance_9859f4245b68,song_37f66a47ed5e,2026-07-10,哔哩哔哩,BV1L1Ne6uEnE,2026年7月10日直播,,https://www.bilibili.com/video/BV1L1Ne6uEnE/?p=5
performance_ee7ee30f0211,song_37f66a47ed5e,2026-04-29,哔哩哔哩,BV18hRABcEry,2026年4月29日直播,,https://www.bilibili.com/video/BV18hRABcEry/?p=11
performance_dd889e64389b,song_37f66a47ed5e,2026-04-10,哔哩哔哩,BV19XQYB2EUD,2026年4月10日直播,,https://www.bilibili.com/video/BV19XQYB2EUD/?p=20
performance_4c455248d515,song_37f66a47ed5e,2026-02-06,哔哩哔哩,BV1TAcczPEM3,2026年2月6日直播,,https://www.bilibili.com/video/BV1TAcczPEM3
performance_b489f4f6b28c,song_37f66a47ed5e,2026-02-06,哔哩哔哩,BV1AucczFEyq,2026年2月6日直播,,https://www.bilibili.com/video/BV1AucczFEyq
performance_7c9f5f585556,song_37f66a47ed5e,2026-02-05,哔哩哔哩,BV11pFxzYEUw,2026年2月5日直播,,https://www.bilibili.com/video/BV11pFxzYEUw
performance_a2f0f192ffb8,song_37f66a47ed5e,2026-01-21,哔哩哔哩,BV13gzTBTEVP,2026年1月21日直播,,https://www.bilibili.com/video/BV13gzTBTEVP
performance_48ad1ffc1d01,song_37f66a47ed5e,2025-12-20,哔哩哔哩,BV1sMqrBUEEP,2025年12月20日直播,,https://www.bilibili.com/video/BV1sMqrBUEEP
performance_1ad23a712e50,song_37f66a47ed5e,2025-12-03,哔哩哔哩,BV1f7SbBTESu,2025年12月3日直播,,https://www.bilibili.com/video/BV1f7SbBTESu
performance_795348b84a41,song_37f66a47ed5e,2025-11-07,哔哩哔哩,BV1Pd2ABvEcm,2025年11月7日直播,,https://www.bilibili.com/video/BV1Pd2ABvEcm
performance_157b6510fc1e,song_37f66a47ed5e,2025-10-21,哔哩哔哩,BV1ZYWSzjErz,2025年10月21日直播,,https://www.bilibili.com/video/BV1ZYWSzjErz
performance_ff079d5724a1,song_37f66a47ed5e,2025-09-19,哔哩哔哩,BV1yiWAzZEmg,2025年9月19日直播,,https://www.bilibili.com/video/BV1yiWAzZEmg
performance_5351f17d512e,song_37f66a47ed5e,2025-08-10,哔哩哔哩,BV12PbJzpEXQ,2025年8月10日直播,,https://www.bilibili.com/video/BV12PbJzpEXQ
performance_7fa9851b36e1,song_37f66a47ed5e,2025-07-28,哔哩哔哩,BV1Ai8BzMEti,2025年7月28日直播,,https://www.bilibili.com/video/BV1Ai8BzMEti
performance_4765606efa02,song_37f66a47ed5e,2025-05-23,哔哩哔哩,BV1rejJzUEYm,2025年5月23日直播,,https://www.bilibili.com/video/BV1rejJzUEYm
performance_c0a6bf254530,song_37f66a47ed5e,2024-12-24,哔哩哔哩,BV1iJrkYsEqj,2024年12月24日直播,,https://www.bilibili.com/video/BV1iJrkYsEqj
performance_26d96460b8eb,song_37f66a47ed5e,2024-11-09,哔哩哔哩,BV1X5DqYdEWS,2024年11月9日直播,,https://www.bilibili.com/video/BV1X5DqYdEWS
performance_2f665c63dcc9,song_30282b25acb9,2026-07-10,哔哩哔哩,BV1L1Ne6uEnE,2026年7月10日直播,,https://www.bilibili.com/video/BV1L1Ne6uEnE/?p=18
performance_a222483fe2d9,song_30282b25acb9,2026-05-23,哔哩哔哩,BV1WaGL6SEu7,2026年5月23日直播,,https://www.bilibili.com/video/BV1WaGL6SEu7/?p=2
performance_9dd53ef8a07c,song_30282b25acb9,2026-04-02,哔哩哔哩,BV1A6DMBdEyC,2026年4月2日直播,,https://www.bilibili.com/video/BV1A6DMBdEyC/?p=3
performance_b696444c5eeb,song_30282b25acb9,2026-03-13,哔哩哔哩,BV1sSw8zEENe,2026年3月13日直播,,https://www.bilibili.com/video/BV1sSw8zEENe
performance_15b66e7c0e16,song_30282b25acb9,2026-02-18,哔哩哔哩,BV1ktZeB5ELB,2026年2月18日直播,,https://www.bilibili.com/video/BV1ktZeB5ELB
performance_3326fcfb33e3,song_30282b25acb9,2026-02-01,哔哩哔哩,BV1cqfdBkE2b,2026年2月1日直播,,https://www.bilibili.com/video/BV1cqfdBkE2b
performance_f120a156fbaf,song_30282b25acb9,2026-01-24,哔哩哔哩,BV1cTzbBUEZq,2026年1月24日直播,,https://www.bilibili.com/video/BV1cTzbBUEZq
performance_49895875440e,song_30282b25acb9,2026-01-14,哔哩哔哩,BV1qNrZB8Eyj,2026年1月14日直播,,https://www.bilibili.com/video/BV1qNrZB8Eyj
performance_d5520c991ab6,song_30282b25acb9,2026-01-09,哔哩哔哩,BV1s26UB2ENd,2026年1月9日直播,,https://www.bilibili.com/video/BV1s26UB2ENd
performance_071dd51b1d77,song_30282b25acb9,2025-12-29,哔哩哔哩,BV1T3vyB4ESF,2025年12月29日直播,,https://www.bilibili.com/video/BV1T3vyB4ESF
performance_371af0881802,song_30282b25acb9,2025-12-25,哔哩哔哩,BV1PmB1BaENJ,2025年12月25日直播,,https://www.bilibili.com/video/BV1PmB1BaENJ
performance_e7b9a5c933ce,song_80fd1c13a936,2026-07-10,哔哩哔哩,BV1L1Ne6uEnE,2026年7月10日直播,,https://www.bilibili.com/video/BV1L1Ne6uEnE/?p=12
performance_9e3bbc679acf,song_80fd1c13a936,2026-05-22,哔哩哔哩,BV1nBGL61Eim,2026年5月22日直播,,https://www.bilibili.com/video/BV1nBGL61Eim/?p=8
performance_df797d8602fe,song_80fd1c13a936,2026-02-25,哔哩哔哩,BV1p8A2zFE5E,2026年2月25日直播,,https://www.bilibili.com/video/BV1p8A2zFE5E
performance_bd16c591df6a,song_80fd1c13a936,2026-01-23,哔哩哔哩,BV1hWzmBSEFu,2026年1月23日直播,,https://www.bilibili.com/video/BV1hWzmBSEFu
performance_baa58c064d1f,song_80fd1c13a936,2026-01-18,哔哩哔哩,BV1aVkEByEQQ,2026年1月18日直播,,https://www.bilibili.com/video/BV1aVkEByEQQ
performance_859074524f2d,song_80fd1c13a936,2026-01-01,哔哩哔哩,BV1HZvQBMEPg,2026年1月1日直播,,https://www.bilibili.com/video/BV1HZvQBMEPg
performance_2aa26e7e22cb,song_80fd1c13a936,2025-12-23,哔哩哔哩,BV1fHB4BiEx6,2025年12月23日直播,,https://www.bilibili.com/video/BV1fHB4BiEx6
performance_b7f592a7facd,song_80fd1c13a936,2025-12-13,哔哩哔哩,BV1hGmSB5ERi,2025年12月13日直播,,https://www.bilibili.com/video/BV1hGmSB5ERi
performance_5f866995d45f,song_80fd1c13a936,2025-12-08,哔哩哔哩,BV1Zr2CBTEvW,2025年12月8日直播,,https://www.bilibili.com/video/BV1Zr2CBTEvW
performance_5553da3273a0,song_80fd1c13a936,2025-12-07,哔哩哔哩,BV1DY29BpEfz,2025年12月7日直播,,https://www.bilibili.com/video/BV1DY29BpEfz
performance_60a7561a382f,song_80fd1c13a936,2025-11-21,哔哩哔哩,BV1WLULBMEJB,2025年11月21日直播,,https://www.bilibili.com/video/BV1WLULBMEJB
performance_b939a3f83f77,song_e453c58531e3,2026-07-10,哔哩哔哩,BV1L1Ne6uEnE,2026年7月10日直播,,https://www.bilibili.com/video/BV1L1Ne6uEnE/?p=11
performance_bdc011f04d17,song_e453c58531e3,2026-04-23,哔哩哔哩,BV1b7orB3Em9,2026年4月23日直播,,https://www.bilibili.com/video/BV1b7orB3Em9/?p=7
performance_a03391148973,song_e453c58531e3,2026-02-14,哔哩哔哩,BV1pLZtBFEop,2026年2月14日直播,,https://www.bilibili.com/video/BV1pLZtBFEop
performance_d55ec51392e2,song_e453c58531e3,2026-01-16,哔哩哔哩,BV1sBrDB9EAE,2026年1月16日直播,,https://www.bilibili.com/video/BV1sBrDB9EAE
performance_f93014daeb6e,song_e453c58531e3,2025-11-29,哔哩哔哩,BV1FFSnBmEHh,2025年11月29日直播,,https://www.bilibili.com/video/BV1FFSnBmEHh
performance_3c82afc39bec,song_e453c58531e3,2025-11-15,哔哩哔哩,BV1ZoCgBKEm6,2025年11月15日直播,,https://www.bilibili.com/video/BV1ZoCgBKEm6
performance_7125a52815a1,song_e453c58531e3,2025-09-27,哔哩哔哩,BV19PnHzQENR,2025年9月27日直播,,https://www.bilibili.com/video/BV19PnHzQENR
performance_36bba49b2d2d,song_e453c58531e3,2025-02-16,哔哩哔哩,BV1gZAmenEvD,2025年2月16日直播,,https://www.bilibili.com/video/BV1gZAmenEvD
performance_183c14a2ba49,song_e453c58531e3,2024-11-15,哔哩哔哩,BV1QXUpY1EaU,2024年11月15日直播,,https://www.bilibili.com/video/BV1QXUpY1EaU
performance_cb3b5305ea72,song_e453c58531e3,2024-11-14,哔哩哔哩,BV1zaU8YVEPm,2024年11月14日直播,,https://www.bilibili.com/video/BV1zaU8YVEPm
performance_ee05c51c7a9a,song_ef21f296886c,2026-07-10,哔哩哔哩,BV1L1Ne6uEnE,2026年7月10日直播,,https://www.bilibili.com/video/BV1L1Ne6uEnE/?p=2
performance_a44e5880643c,song_ef21f296886c,2026-06-19,哔哩哔哩,BV1czjJ6KEHq,2026年6月19日直播,,https://www.bilibili.com/video/BV1czjJ6KEHq/?p=4
performance_8a104b9f90a5,song_ef21f296886c,2026-02-26,哔哩哔哩,BV1oQADzhEaw,2026年2月26日直播,,https://www.bilibili.com/video/BV1oQADzhEaw
performance_f481dcaac7b4,song_ef21f296886c,2026-02-03,哔哩哔哩,BV1wJffBDEC3,2026年2月3日直播,,https://www.bilibili.com/video/BV1wJffBDEC3
performance_9203e66bb705,song_ef21f296886c,2025-12-29,哔哩哔哩,BV1DgvxB5Eqf,2025年12月29日直播,,https://www.bilibili.com/video/BV1DgvxB5Eqf
performance_276222dc4bb2,song_ef21f296886c,2025-11-22,哔哩哔哩,BV1VzU7B8EBw,2025年11月22日直播,,https://www.bilibili.com/video/BV1VzU7B8EBw
performance_d4360e3f3946,song_ef21f296886c,2025-10-23,哔哩哔哩,BV1rWsYzGE1D,2025年10月23日直播,,https://www.bilibili.com/video/BV1rWsYzGE1D
performance_97455bed0f4a,song_ef21f296886c,2025-08-01,哔哩哔哩,BV1FchWzfELv,2025年8月1日直播,,https://www.bilibili.com/video/BV1FchWzfELv
performance_d77da376998b,song_ef21f296886c,2025-05-23,哔哩哔哩,BV1wejJzSEKC,2025年5月23日直播,,https://www.bilibili.com/video/BV1wejJzSEKC
performance_8bad7bdd72b5,song_332dbc7504a7,2026-07-10,哔哩哔哩,BV1L1Ne6uEnE,2026年7月10日直播,,https://www.bilibili.com/video/BV1L1Ne6uEnE/?p=10
performance_b159dfa08205,song_332dbc7504a7,2026-01-04,哔哩哔哩,BV1PxqKBnEjp,2026年1月4日直播,,https://www.bilibili.com/video/BV1PxqKBnEjp
performance_7641438ff79b,song_332dbc7504a7,2025-10-17,哔哩哔哩,BV1EqWJzAEoe,2025年10月17日直播,,https://www.bilibili.com/video/BV1EqWJzAEoe
performance_ca6ef44c43e3,song_332dbc7504a7,2025-09-05,哔哩哔哩,BV1DFY5zsEz5,2025年9月5日直播,,https://www.bilibili.com/video/BV1DFY5zsEz5
performance_3f3eedab0cdf,song_332dbc7504a7,2025-05-04,哔哩哔哩,BV1NTV1zpERM,2025年5月4日直播,,https://www.bilibili.com/video/BV1NTV1zpERM
performance_32818e91e8fc,song_332dbc7504a7,2025-01-01,哔哩哔哩,BV1EocFeZEyY,2025年1月1日直播,,https://www.bilibili.com/video/BV1EocFeZEyY
performance_3a8a8703c7ed,song_332dbc7504a7,2024-12-24,哔哩哔哩,BV1oJrkYsEdr,2024年12月24日直播,,https://www.bilibili.com/video/BV1oJrkYsEdr
performance_be138a87ee2b,song_489183425321,2026-07-10,哔哩哔哩,BV1L1Ne6uEnE,2026年7月10日直播,,https://www.bilibili.com/video/BV1L1Ne6uEnE/?p=1
performance_5dc6c2b3f2af,song_489183425321,2026-04-06,哔哩哔哩,BV1yzDhB9EiN,2026年4月6日直播,,https://www.bilibili.com/video/BV1yzDhB9EiN/?p=7
performance_61a919c4b72d,song_489183425321,2026-02-14,哔哩哔哩,BV14mZtBTERv,2026年2月14日直播,,https://www.bilibili.com/video/BV14mZtBTERv
performance_baac80bdad9e,song_489183425321,2026-01-09,哔哩哔哩,BV1s26UB2ETA,2026年1月9日直播,,https://www.bilibili.com/video/BV1s26UB2ETA
performance_54eed7505c05,song_489183425321,2025-12-13,哔哩哔哩,BV1agmSB1E6J,2025年12月13日直播,,https://www.bilibili.com/video/BV1agmSB1E6J
performance_edb13d0880a3,song_489183425321,2025-11-07,哔哩哔哩,BV1JQ11B5EU4,2025年11月7日直播,,https://www.bilibili.com/video/BV1JQ11B5EU4
performance_155407c9ff7f,song_489183425321,2024-11-15,哔哩哔哩,BV1QRUpY5EEJ,2024年11月15日直播,,https://www.bilibili.com/video/BV1QRUpY5EEJ
performance_3e3be94b9de2,song_7117cc3839ed,2026-07-10,哔哩哔哩,BV1L1Ne6uEnE,2026年7月10日直播,,https://www.bilibili.com/video/BV1L1Ne6uEnE/?p=15
performance_fc31c9586559,song_7117cc3839ed,2026-05-26,哔哩哔哩,BV1WXVa6PEM3,2026年5月26日直播,,https://www.bilibili.com/video/BV1WXVa6PEM3/?p=1
performance_a8b2e254044f,song_7117cc3839ed,2025-12-23,哔哩哔哩,BV1VVBNBYEep,2025年12月23日直播,,https://www.bilibili.com/video/BV1VVBNBYEep
performance_5abff2d045df,song_7117cc3839ed,2025-11-08,哔哩哔哩,BV1Ue11BdEoM,2025年11月8日直播,,https://www.bilibili.com/video/BV1Ue11BdEoM
performance_4ff8e7917ce2,song_7117cc3839ed,2025-03-06,哔哩哔哩,BV1zARaYYEpE,2025年3月6日直播,,https://www.bilibili.com/video/BV1zARaYYEpE
performance_3ad0d4ea85e4,song_7117cc3839ed,2025-01-31,哔哩哔哩,BV1piFQegEbZ,2025年1月31日直播,,https://www.bilibili.com/video/BV1piFQegEbZ
performance_55bfa4632a59,song_b812f4346c3b,2026-07-10,哔哩哔哩,BV1L1Ne6uEnE,2026年7月10日直播,,https://www.bilibili.com/video/BV1L1Ne6uEnE/?p=4
performance_6fe683fd89b9,song_b812f4346c3b,2026-05-20,哔哩哔哩,BV1nkLi65EFS,2026年5月20日直播,,https://www.bilibili.com/video/BV1nkLi65EFS/?p=4
performance_58d774cfd3eb,song_b812f4346c3b,2026-03-07,哔哩哔哩,BV1CUPQzLEnB,2026年3月7日直播,,https://www.bilibili.com/video/BV1CUPQzLEnB
performance_0350c2bcc8c3,song_b812f4346c3b,2025-12-01,哔哩哔哩,BV1yzSiBKESk,2025年12月1日直播,,https://www.bilibili.com/video/BV1yzSiBKESk
performance_4a69209c04ed,song_b812f4346c3b,2024-12-24,哔哩哔哩,BV1RHcneGEkW,2024年12月24日直播,,https://www.bilibili.com/video/BV1RHcneGEkW
performance_0a8e8f7a6701,song_b812f4346c3b,2024-11-18,哔哩哔哩,BV1B3zqYBEjX,2024年11月18日直播,,https://www.bilibili.com/video/BV1B3zqYBEjX
performance_a04a888718ee,song_493c402db60d,2026-07-10,哔哩哔哩,BV1L1Ne6uEnE,2026年7月10日直播,,https://www.bilibili.com/video/BV1L1Ne6uEnE/?p=8
performance_ab902dcbac89,song_493c402db60d,2026-05-03,哔哩哔哩,BV1zrRJBtE7r,2026年5月3日直播,,https://www.bilibili.com/video/BV1zrRJBtE7r/?p=3
performance_93e24aa9941f,song_493c402db60d,2026-03-07,哔哩哔哩,BV1C2PQz2Ec6,2026年3月7日直播,,https://www.bilibili.com/video/BV1C2PQz2Ec6
performance_5b4797596f9c,song_493c402db60d,2025-03-28,哔哩哔哩,BV1JCZzYFEnQ,2025年3月28日直播,,https://www.bilibili.com/video/BV1JCZzYFEnQ
performance_b79c7921fdfa,song_493c402db60d,2025-01-31,哔哩哔哩,BV13fFQesENJ,2025年1月31日直播,,https://www.bilibili.com/video/BV13fFQesENJ
performance_6674759fdff2,song_493c402db60d,2024-12-15,哔哩哔哩,BV1RSk7YDEPs,2024年12月15日直播,,https://www.bilibili.com/video/BV1RSk7YDEPs
performance_44c0d7c8898d,song_4b87f7af7b85,2026-07-10,哔哩哔哩,BV1L1Ne6uEnE,2026年7月10日直播,,https://www.bilibili.com/video/BV1L1Ne6uEnE/?p=17
performance_238dfe7f3502,song_4b87f7af7b85,2026-06-20,哔哩哔哩,BV1pMjt6bEyu,2026年6月20日直播,,https://www.bilibili.com/video/BV1pMjt6bEyu/?p=3
performance_74fda6191429,song_4b87f7af7b85,2026-05-23,哔哩哔哩,BV1WaGL6SEu7,2026年5月23日直播,,https://www.bilibili.com/video/BV1WaGL6SEu7/?p=4
performance_71f02cde866a,song_4b87f7af7b85,2026-04-05,哔哩哔哩,BV1tZDFB3EAL,2026年4月5日直播,,https://www.bilibili.com/video/BV1tZDFB3EAL/?p=5
performance_8abe3794ce57,song_4b87f7af7b85,2026-03-18,哔哩哔哩,BV1u3AHzKE1D,2026年3月18日直播,,https://www.bilibili.com/video/BV1u3AHzKE1D
performance_f4b21050017f,song_4b87f7af7b85,2026-03-13,哔哩哔哩,BV1brw8z9Eum,2026年3月13日直播,,https://www.bilibili.com/video/BV1brw8z9Eum
performance_4be05c83db95,song_48a9d9f66c57,2026-07-10,哔哩哔哩,BV1L1Ne6uEnE,2026年7月10日直播,,https://www.bilibili.com/video/BV1L1Ne6uEnE/?p=9
performance_0729638447cd,song_48a9d9f66c57,2026-02-25,哔哩哔哩,BV1p8A2zFEbP,2026年2月25日直播,,https://www.bilibili.com/video/BV1p8A2zFEbP
performance_5057b9b6352d,song_48a9d9f66c57,2026-01-24,哔哩哔哩,BV1PAzbBHE2K,2026年1月24日直播,,https://www.bilibili.com/video/BV1PAzbBHE2K
performance_6a540fed9d02,song_48a9d9f66c57,2025-12-05,哔哩哔哩,BV1kP27BiECm,2025年12月5日直播,,https://www.bilibili.com/video/BV1kP27BiECm
performance_9df062d88099,song_48a9d9f66c57,2025-11-07,哔哩哔哩,BV1Pd2ABvEdp,2025年11月7日直播,,https://www.bilibili.com/video/BV1Pd2ABvEdp
performance_712c7335f8f8,song_7d9c10975bd5,2026-07-10,哔哩哔哩,BV1L1Ne6uEnE,2026年7月10日直播,,https://www.bilibili.com/video/BV1L1Ne6uEnE/?p=7
performance_3ff96369260a,song_7d9c10975bd5,2026-05-24,哔哩哔哩,BV19mGo6SE3t,2026年5月24日直播,,https://www.bilibili.com/video/BV19mGo6SE3t/?p=6
performance_bc957df1ab37,song_7d9c10975bd5,2026-05-13,哔哩哔哩,BV1NU5S69EPy,2026年5月13日直播,,https://www.bilibili.com/video/BV1NU5S69EPy/?p=8
performance_064b6d4d7811,song_7d9c10975bd5,2026-04-26,哔哩哔哩,BV1S7orB3EaV,2026年4月26日直播,,https://www.bilibili.com/video/BV1S7orB3EaV/?p=3
performance_afa2f3904694,song_dee0ef929163,2026-07-10,哔哩哔哩,BV1L1Ne6uEnE,2026年7月10日直播,,https://www.bilibili.com/video/BV1L1Ne6uEnE/?p=14
performance_6dff0f166652,song_dee0ef929163,2025-09-05,哔哩哔哩,BV1aZYVzoEx2,2025年9月5日直播,,https://www.bilibili.com/video/BV1aZYVzoEx2
performance_5e8df3293177,song_dee0ef929163,2025-03-06,哔哩哔哩,BV1koRhYqEd5,2025年3月6日直播,,https://www.bilibili.com/video/BV1koRhYqEd5
performance_aab2f9796c73,song_f5f5ac7fb941,2026-07-10,哔哩哔哩,BV1L1Ne6uEnE,2026年7月10日直播,,https://www.bilibili.com/video/BV1L1Ne6uEnE/?p=3
performance_cae246cf8919,song_466a91e02852,2026-07-09,哔哩哔哩,BV1h5Nw6uEpn,2026年7月9日直播,,https://www.bilibili.com/video/BV1h5Nw6uEpn/?p=9
performance_b8ee82c5e982,song_466a91e02852,2026-05-10,哔哩哔哩,BV1aK5W64Ega,2026年5月10日直播,,https://www.bilibili.com/video/BV1aK5W64Ega/?p=2
performance_159ca3cbb35a,song_466a91e02852,2026-04-10,哔哩哔哩,BV19XQYB2EUD,2026年4月10日直播,,https://www.bilibili.com/video/BV19XQYB2EUD/?p=23
performance_f5e1e87b0200,song_466a91e02852,2026-04-06,哔哩哔哩,BV1yzDhB9EiN,2026年4月6日直播,,https://www.bilibili.com/video/BV1yzDhB9EiN/?p=4
performance_e97f25e3acd6,song_466a91e02852,2026-03-20,哔哩哔哩,BV11kA3zPEP5,2026年3月20日直播,,https://www.bilibili.com/video/BV11kA3zPEP5
performance_967984cf39ce,song_466a91e02852,2026-02-27,哔哩哔哩,BV15SPuz1EHE,2026年2月27日直播,,https://www.bilibili.com/video/BV15SPuz1EHE
performance_a8fe51f556a3,song_466a91e02852,2026-01-27,哔哩哔哩,BV1mJzXBoEuw,2026年1月27日直播,,https://www.bilibili.com/video/BV1mJzXBoEuw
performance_900ca5bda9f7,song_466a91e02852,2026-01-17,哔哩哔哩,BV1tok5BfEEZ,2026年1月17日直播,,https://www.bilibili.com/video/BV1tok5BfEEZ
performance_5d727f3eaaee,song_466a91e02852,2025-12-20,哔哩哔哩,BV1qkq6BiEuC,2025年12月20日直播,,https://www.bilibili.com/video/BV1qkq6BiEuC
performance_b68561b8cd29,song_466a91e02852,2025-06-22,哔哩哔哩,BV1QVNmz2E3x,2025年6月22日直播,,https://www.bilibili.com/video/BV1QVNmz2E3x
performance_9c87f07e2b51,song_466a91e02852,2025-05-11,哔哩哔哩,BV1nnEvzhESF,2025年5月11日直播,,https://www.bilibili.com/video/BV1nnEvzhESF
performance_3fee8472b5ca,song_466a91e02852,2025-01-31,哔哩哔哩,BV1DrFXeREQZ,2025年1月31日直播,,https://www.bilibili.com/video/BV1DrFXeREQZ
performance_2b5f4d0aa81e,song_466a91e02852,2025-01-04,哔哩哔哩,BV1VVcAeRE9T,2025年1月4日直播,,https://www.bilibili.com/video/BV1VVcAeRE9T
performance_fb27fc43d493,song_466a91e02852,2024-12-24,哔哩哔哩,BV1ghcneTEdD,2024年12月24日直播,,https://www.bilibili.com/video/BV1ghcneTEdD
performance_5987c960c4d9,song_466a91e02852,2024-11-29,哔哩哔哩,BV1gZi2Y7ESC,2024年11月29日直播,,https://www.bilibili.com/video/BV1gZi2Y7ESC
performance_f67cea071e43,song_466a91e02852,2024-11-21,哔哩哔哩,BV1DdidYzEU2,2024年11月21日直播,,https://www.bilibili.com/video/BV1DdidYzEU2
performance_da69883fbff6,song_466a91e02852,2024-11-15,哔哩哔哩,BV1QXUpY1EYH,2024年11月15日直播,,https://www.bilibili.com/video/BV1QXUpY1EYH
performance_e704490126f5,song_466a91e02852,2024-11-09,哔哩哔哩,BV1VgDqYbEQc,2024年11月9日直播,,https://www.bilibili.com/video/BV1VgDqYbEQc
performance_95cf7b755afb,song_5a66a3df0090,2026-07-09,哔哩哔哩,BV1h5Nw6uEpn,2026年7月9日直播,,https://www.bilibili.com/video/BV1h5Nw6uEpn/?p=5
performance_50abf5f1b80a,song_5a66a3df0090,2026-05-19,哔哩哔哩,BV1yNLy6rEoA,2026年5月19日直播,,https://www.bilibili.com/video/BV1yNLy6rEoA/?p=2
performance_02e1f189f134,song_5a66a3df0090,2026-03-22,哔哩哔哩,BV1shXEBbEU1,2026年3月22日直播,,https://www.bilibili.com/video/BV1shXEBbEU1
performance_4e3ea40edaf6,song_5a66a3df0090,2026-02-25,哔哩哔哩,BV1qUADzYErZ,2026年2月25日直播,,https://www.bilibili.com/video/BV1qUADzYErZ
performance_a124bc528df9,song_5a66a3df0090,2025-12-07,哔哩哔哩,BV1Yt29BdE6X,2025年12月7日直播,,https://www.bilibili.com/video/BV1Yt29BdE6X
performance_838c477f5cfc,song_5a66a3df0090,2025-11-07,哔哩哔哩,BV1sk11BnE49,2025年11月7日直播,,https://www.bilibili.com/video/BV1sk11BnE49
performance_680c91c555cd,song_5a66a3df0090,2025-10-13,哔哩哔哩,BV1dZ42zVELd,2025年10月13日直播,,https://www.bilibili.com/video/BV1dZ42zVELd
performance_9628dd24e245,song_5a66a3df0090,2025-09-19,哔哩哔哩,BV1meWAzFEKy,2025年9月19日直播,,https://www.bilibili.com/video/BV1meWAzFEKy
performance_2704cfdb132d,song_5a66a3df0090,2025-09-05,哔哩哔哩,BV1TxYVzUEKn,2025年9月5日直播,,https://www.bilibili.com/video/BV1TxYVzUEKn
performance_6c2995e7efb4,song_5a66a3df0090,2025-08-10,哔哩哔哩,BV12PbJzpEx8,2025年8月10日直播,,https://www.bilibili.com/video/BV12PbJzpEx8
performance_d0ea078fbe25,song_5a66a3df0090,2025-06-21,哔哩哔哩,BV16BNmz8EA8,2025年6月21日直播,,https://www.bilibili.com/video/BV16BNmz8EA8
performance_c1ce5adbe47b,song_5a66a3df0090,2025-03-28,哔哩哔哩,BV1n6ZzYwEZZ,2025年3月28日直播,,https://www.bilibili.com/video/BV1n6ZzYwEZZ
performance_95a02171285c,song_5a66a3df0090,2025-03-14,哔哩哔哩,BV19bXqYAEgA,2025年3月14日直播,,https://www.bilibili.com/video/BV19bXqYAEgA
performance_1cf90e65f21f,song_5a66a3df0090,2025-02-21,哔哩哔哩,BV1DZAmeJEaY,2025年2月21日直播,,https://www.bilibili.com/video/BV1DZAmeJEaY
performance_bb6ddc63155a,song_5a66a3df0090,2025-01-31,哔哩哔哩,BV1kiFQegEkG,2025年1月31日直播,,https://www.bilibili.com/video/BV1kiFQegEkG
performance_5de320bf7240,song_4d1fcdee4197,2026-07-09,哔哩哔哩,BV1h5Nw6uEpn,2026年7月9日直播,,https://www.bilibili.com/video/BV1h5Nw6uEpn/?p=12
performance_f96c92cdc141,song_4d1fcdee4197,2026-06-13,哔哩哔哩,BV1UNJT6DEEk,2026年6月13日直播,,https://www.bilibili.com/video/BV1UNJT6DEEk/?p=6
performance_3b0bb9fe2aa4,song_4d1fcdee4197,2026-05-20,哔哩哔哩,BV1GFGE6uEri,2026年5月20日直播,,https://www.bilibili.com/video/BV1GFGE6uEri/?p=13
performance_652c2825a043,song_4d1fcdee4197,2026-05-14,哔哩哔哩,BV1PL5h6eE85,2026年5月14日直播,,https://www.bilibili.com/video/BV1PL5h6eE85/?p=8
performance_4b11057a0aad,song_4d1fcdee4197,2026-03-20,哔哩哔哩,BV1yCA3zYExz,2026年3月20日直播,,https://www.bilibili.com/video/BV1yCA3zYExz
performance_30bfb30140bf,song_4d1fcdee4197,2026-03-19,哔哩哔哩,BV1w4Agz4EuZ,2026年3月19日直播,,https://www.bilibili.com/video/BV1w4Agz4EuZ
performance_03c056469862,song_4d1fcdee4197,2026-03-06,哔哩哔哩,BV133NPzFEDe,2026年3月6日直播,,https://www.bilibili.com/video/BV133NPzFEDe
performance_7c5dd7438059,song_4d1fcdee4197,2026-02-08,哔哩哔哩,BV1R3FXzREBJ,2026年2月8日直播,,https://www.bilibili.com/video/BV1R3FXzREBJ
performance_2f55d8fe4962,song_4d1fcdee4197,2026-01-27,哔哩哔哩,BV11szXBWE3c,2026年1月27日直播,,https://www.bilibili.com/video/BV11szXBWE3c
performance_645e6a501f08,song_4d1fcdee4197,2026-01-23,哔哩哔哩,BV1NizmBrEs8,2026年1月23日直播,,https://www.bilibili.com/video/BV1NizmBrEs8
performance_084ad8c18d18,song_4d1fcdee4197,2026-01-08,哔哩哔哩,BV1xyidB4ETb,2026年1月8日直播,,https://www.bilibili.com/video/BV1xyidB4ETb
performance_ea93063fcca9,song_4d1fcdee4197,2026-01-04,哔哩哔哩,BV11WqKBDEn9,2026年1月4日直播,,https://www.bilibili.com/video/BV11WqKBDEn9
performance_112d78ad9049,song_4d1fcdee4197,2025-12-23,哔哩哔哩,BV1ZWB4BNE1r,2025年12月23日直播,,https://www.bilibili.com/video/BV1ZWB4BNE1r
performance_cd1c6e7dd7cc,song_4d1fcdee4197,2025-12-07,哔哩哔哩,BV1J3mABbE1r,2025年12月7日直播,,https://www.bilibili.com/video/BV1J3mABbE1r
performance_686643cfde1e,song_a6d020d57d4f,2026-07-09,哔哩哔哩,BV1h5Nw6uEpn,2026年7月9日直播,,https://www.bilibili.com/video/BV1h5Nw6uEpn/?p=6
performance_fabe517e1c76,song_a6d020d57d4f,2026-05-10,哔哩哔哩,BV1aK5W64Ega,2026年5月10日直播,,https://www.bilibili.com/video/BV1aK5W64Ega/?p=3
performance_b5604f8ecf07,song_a6d020d57d4f,2026-02-25,哔哩哔哩,BV1qUADzYEp1,2026年2月25日直播,,https://www.bilibili.com/video/BV1qUADzYEp1
performance_4c7775606e0b,song_a6d020d57d4f,2026-01-15,哔哩哔哩,BV1KvkwBxECq,2026年1月15日直播,,https://www.bilibili.com/video/BV1KvkwBxECq
performance_446cc5fcb25b,song_a6d020d57d4f,2026-01-02,哔哩哔哩,BV1HfiqBNEBR,2026年1月2日直播,,https://www.bilibili.com/video/BV1HfiqBNEBR
performance_16a6ee5a12fe,song_a6d020d57d4f,2025-12-07,哔哩哔哩,BV1Yt29BdEq2,2025年12月7日直播,,https://www.bilibili.com/video/BV1Yt29BdEq2
performance_6f4af0465094,song_a6d020d57d4f,2025-11-15,哔哩哔哩,BV1UjC3BpE74,2025年11月15日直播,,https://www.bilibili.com/video/BV1UjC3BpE74
performance_9e72b98fa31b,song_a6d020d57d4f,2025-10-14,哔哩哔哩,BV12Z4mzAEG6,2025年10月14日直播,,https://www.bilibili.com/video/BV12Z4mzAEG6
performance_69b6a6b48ece,song_a6d020d57d4f,2025-08-01,哔哩哔哩,BV1ZKhWzsEPV,2025年8月1日直播,,https://www.bilibili.com/video/BV1ZKhWzsEPV
performance_cc461d699e72,song_6f5eba8c9030,2026-07-09,哔哩哔哩,BV1h5Nw6uEpn,2026年7月9日直播,,https://www.bilibili.com/video/BV1h5Nw6uEpn/?p=10
performance_d1fec2a96d57,song_6f5eba8c9030,2026-06-20,哔哩哔哩,BV1pMjt6bEyu,2026年6月20日直播,,https://www.bilibili.com/video/BV1pMjt6bEyu/?p=5
performance_0530f073df69,song_6f5eba8c9030,2025-12-29,哔哩哔哩,BV1X6vyBiEoy,2025年12月29日直播,,https://www.bilibili.com/video/BV1X6vyBiEoy
performance_fb5732895199,song_6f5eba8c9030,2025-12-07,哔哩哔哩,BV18e29BQEoD,2025年12月7日直播,,https://www.bilibili.com/video/BV18e29BQEoD
performance_90781d10dd69,song_6f5eba8c9030,2025-05-23,哔哩哔哩,BV1rqjJz2EMm,2025年5月23日直播,,https://www.bilibili.com/video/BV1rqjJz2EMm
performance_0f550e9a76eb,song_6f5eba8c9030,2025-03-20,哔哩哔哩,BV1NzXHY3ET2,2025年3月20日直播,,https://www.bilibili.com/video/BV1NzXHY3ET2
performance_5c897215e133,song_6f5eba8c9030,2025-01-04,哔哩哔哩,BV1JocFeZEQo,2025年1月4日直播,,https://www.bilibili.com/video/BV1JocFeZEQo
performance_9107b5e42ca9,song_10d4e9b3d3f0,2026-07-09,哔哩哔哩,BV1h5Nw6uEpn,2026年7月9日直播,,https://www.bilibili.com/video/BV1h5Nw6uEpn/?p=1
performance_5b2cb4b508dc,song_10d4e9b3d3f0,2026-05-08,哔哩哔哩,BV1jNRQBVEhN,2026年5月8日直播,,https://www.bilibili.com/video/BV1jNRQBVEhN/?p=13
performance_b48009bc55b6,song_10d4e9b3d3f0,2026-01-17,哔哩哔哩,BV1aLkEBVEuk,2026年1月17日直播,,https://www.bilibili.com/video/BV1aLkEBVEuk
performance_4e428f43494f,song_10d4e9b3d3f0,2025-03-28,哔哩哔哩,BV11aZzYqEwh,2025年3月28日直播,,https://www.bilibili.com/video/BV11aZzYqEwh
performance_b21d82a1fb98,song_10d4e9b3d3f0,2025-01-04,哔哩哔哩,BV1eVcAeRE54,2025年1月4日直播,,https://www.bilibili.com/video/BV1eVcAeRE54
performance_9ce1599152f3,song_10d4e9b3d3f0,2024-12-24,哔哩哔哩,BV1qJrkYsEiw,2024年12月24日直播,,https://www.bilibili.com/video/BV1qJrkYsEiw
performance_71190aa75284,song_10d4e9b3d3f0,2024-11-17,哔哩哔哩,BV1yRUUYgEi8,2024年11月17日直播,,https://www.bilibili.com/video/BV1yRUUYgEi8
performance_018275a17cbc,song_ca5746a1d64d,2026-07-09,哔哩哔哩,BV1h5Nw6uEpn,2026年7月9日直播,,https://www.bilibili.com/video/BV1h5Nw6uEpn/?p=3
performance_8eb2809b10c0,song_ca5746a1d64d,2026-07-04,哔哩哔哩,BV1TBMM6ZEfn,2026年7月4日直播,,https://www.bilibili.com/video/BV1TBMM6ZEfn/?p=2
performance_2df85e563f80,song_ca5746a1d64d,2026-05-03,哔哩哔哩,BV1zrRJBtE7r,2026年5月3日直播,,https://www.bilibili.com/video/BV1zrRJBtE7r/?p=14
performance_3e4ce1307611,song_ca5746a1d64d,2026-01-16,哔哩哔哩,BV1o9rDBCEUA,2026年1月16日直播,,https://www.bilibili.com/video/BV1o9rDBCEUA
performance_40fe394ad9e5,song_ca5746a1d64d,2024-11-14,哔哩哔哩,BV1faU8YVEam,2024年11月14日直播,,https://www.bilibili.com/video/BV1faU8YVEam
performance_a6c529271057,song_dd38ca99c9b8,2026-07-09,哔哩哔哩,BV1h5Nw6uEpn,2026年7月9日直播,,https://www.bilibili.com/video/BV1h5Nw6uEpn/?p=11
performance_b9a9be095d8c,song_dd38ca99c9b8,2026-04-17,哔哩哔哩,BV1XTdHBpEpK,2026年4月17日直播,,https://www.bilibili.com/video/BV1XTdHBpEpK/?p=6
performance_cc95f656d3c6,song_dd38ca99c9b8,2025-12-08,哔哩哔哩,BV1vU2CBaEF2,2025年12月8日直播,,https://www.bilibili.com/video/BV1vU2CBaEF2
performance_240f981f75fa,song_dd38ca99c9b8,2025-01-04,哔哩哔哩,BV19VcAeREo1,2025年1月4日直播,,https://www.bilibili.com/video/BV19VcAeREo1
performance_0f86a27ca37d,song_8a481277bb09,2026-07-09,哔哩哔哩,BV1h5Nw6uEpn,2026年7月9日直播,,https://www.bilibili.com/video/BV1h5Nw6uEpn/?p=2
performance_c8ba5838d4b0,song_8a481277bb09,2026-01-18,哔哩哔哩,BV1kekEBcE7p,2026年1月18日直播,,https://www.bilibili.com/video/BV1kekEBcE7p
performance_98d620884207,song_8a481277bb09,2025-11-22,哔哩哔哩,BV15iU7BaEdN,2025年11月22日直播,,https://www.bilibili.com/video/BV15iU7BaEdN
performance_b080fd03bb34,song_8a481277bb09,2025-08-15,哔哩哔哩,BV12pYCzAErd,2025年8月15日直播,,https://www.bilibili.com/video/BV12pYCzAErd
performance_8765e6a5dd50,song_192473fd1c66,2026-07-09,哔哩哔哩,BV1h5Nw6uEpn,2026年7月9日直播,,https://www.bilibili.com/video/BV1h5Nw6uEpn/?p=13
performance_01ed73584054,song_192473fd1c66,2026-03-20,哔哩哔哩,BV1yCA3zYE7s,2026年3月20日直播,,https://www.bilibili.com/video/BV1yCA3zYE7s
performance_a767f27faa01,song_192473fd1c66,2026-01-16,哔哩哔哩,BV1ZBr9BnEAd,2026年1月16日直播,,https://www.bilibili.com/video/BV1ZBr9BnEAd
performance_fd926ca7271d,song_192473fd1c66,2025-01-04,哔哩哔哩,BV1ndcFebEbm,2025年1月4日直播,,https://www.bilibili.com/video/BV1ndcFebEbm
performance_6254c96e1152,song_5890a73fed38,2026-07-09,哔哩哔哩,BV1h5Nw6uEpn,2026年7月9日直播,,https://www.bilibili.com/video/BV1h5Nw6uEpn/?p=7
performance_971351a8c2d4,song_5890a73fed38,2026-01-03,哔哩哔哩,BV1odqABwEzv,2026年1月3日直播,,https://www.bilibili.com/video/BV1odqABwEzv
performance_e5f5c670898a,song_5890a73fed38,2025-09-19,哔哩哔哩,BV14vWAz8EGo,2025年9月19日直播,,https://www.bilibili.com/video/BV14vWAz8EGo
performance_13a0545e8acc,song_77bbe9f490ae,2026-07-08,哔哩哔哩,BV1gLNw6zE2b,2026年7月8日直播,,https://www.bilibili.com/video/BV1gLNw6zE2b/?p=3
performance_ef756ca65bd8,song_77bbe9f490ae,2026-03-20,哔哩哔哩,BV116A3zvEkP,2026年3月20日直播,,https://www.bilibili.com/video/BV116A3zvEkP
performance_266e9b788b48,song_77bbe9f490ae,2026-03-19,哔哩哔哩,BV1bVAgzNENH,2026年3月19日直播,,https://www.bilibili.com/video/BV1bVAgzNENH
performance_7336116ff851,song_77bbe9f490ae,2026-01-30,哔哩哔哩,BV1aE6JBVEfe,2026年1月30日直播,,https://www.bilibili.com/video/BV1aE6JBVEfe
performance_3d6472f1e3af,song_77bbe9f490ae,2025-11-29,哔哩哔哩,BV1Q7SnBNEgR,2025年11月29日直播,,https://www.bilibili.com/video/BV1Q7SnBNEgR
performance_b8efa10cd174,song_77bbe9f490ae,2025-11-02,哔哩哔哩,BV1Q7ydBWEfT,2025年11月2日直播,,https://www.bilibili.com/video/BV1Q7ydBWEfT
performance_3e6c48b5f9e3,song_77bbe9f490ae,2025-10-30,哔哩哔哩,BV1GSybBmEtw,2025年10月30日直播,,https://www.bilibili.com/video/BV1GSybBmEtw
performance_e6ff15599e09,song_77bbe9f490ae,2025-08-22,哔哩哔哩,BV1VVehzyEPY,2025年8月22日直播,,https://www.bilibili.com/video/BV1VVehzyEPY
performance_a6f6729bd5a1,song_6c1876b2f8bc,2026-07-08,哔哩哔哩,BV1gLNw6zE2b,2026年7月8日直播,,https://www.bilibili.com/video/BV1gLNw6zE2b/?p=1
performance_99abdc13f990,song_6c1876b2f8bc,2026-04-14,哔哩哔哩,BV1pvdqBJESa,2026年4月14日直播,,https://www.bilibili.com/video/BV1pvdqBJESa/?p=6
performance_76ead302fe1a,song_6c1876b2f8bc,2026-02-24,哔哩哔哩,BV1NiArzDE9F,2026年2月24日直播,,https://www.bilibili.com/video/BV1NiArzDE9F
performance_ec4e1d4af7e8,song_6c1876b2f8bc,2026-01-30,哔哩哔哩,BV1fa61BbECn,2026年1月30日直播,,https://www.bilibili.com/video/BV1fa61BbECn
performance_d39bf6f3115b,song_6c1876b2f8bc,2026-01-08,哔哩哔哩,BV11Fi9BUEbL,2026年1月8日直播,,https://www.bilibili.com/video/BV11Fi9BUEbL
performance_3310f644a801,song_6c1876b2f8bc,2025-12-18,哔哩哔哩,BV1y2qDBCEYG,2025年12月18日直播,,https://www.bilibili.com/video/BV1y2qDBCEYG
performance_8706322a44e8,song_6c1876b2f8bc,2025-11-29,哔哩哔哩,BV1FfSJBEEf5,2025年11月29日直播,,https://www.bilibili.com/video/BV1FfSJBEEf5
performance_d6825639538f,song_568df000854d,2026-07-08,哔哩哔哩,BV1gLNw6zE2b,2026年7月8日直播,,https://www.bilibili.com/video/BV1gLNw6zE2b/?p=2
performance_b23617b8acb8,song_568df000854d,2026-04-29,哔哩哔哩,BV18hRABcEry,2026年4月29日直播,,https://www.bilibili.com/video/BV18hRABcEry/?p=9
performance_15762d0bc9ac,song_568df000854d,2026-03-20,哔哩哔哩,BV1yCA3zYEFy,2026年3月20日直播,,https://www.bilibili.com/video/BV1yCA3zYEFy
performance_ca3e171ef734,song_568df000854d,2026-02-27,哔哩哔哩,BV1eUPuzLEh2,2026年2月27日直播,,https://www.bilibili.com/video/BV1eUPuzLEh2
performance_896ca9a90c31,song_568df000854d,2025-12-23,哔哩哔哩,BV1ZWB4BNEWW,2025年12月23日直播,,https://www.bilibili.com/video/BV1ZWB4BNEWW
performance_b50b28f27bab,song_0671362ecab2,2026-07-06,哔哩哔哩,BV1XGM36GEXD,2026年7月6日直播,,https://www.bilibili.com/video/BV1XGM36GEXD/?p=5
performance_a297e95300d1,song_0671362ecab2,2026-05-09,哔哩哔哩,BV1huRfBXEjE,2026年5月9日直播,,https://www.bilibili.com/video/BV1huRfBXEjE/?p=6
performance_1bf1b08d0ac7,song_0671362ecab2,2026-05-08,哔哩哔哩,BV1jNRQBVEhN,2026年5月8日直播,,https://www.bilibili.com/video/BV1jNRQBVEhN/?p=1
performance_927f909ad012,song_0671362ecab2,2026-04-10,哔哩哔哩,BV19XQYB2EUD,2026年4月10日直播,,https://www.bilibili.com/video/BV19XQYB2EUD/?p=4
performance_bbfd9396673c,song_0671362ecab2,2026-04-03,哔哩哔哩,BV1hhDcBUEgA,2026年4月3日直播,,https://www.bilibili.com/video/BV1hhDcBUEgA/?p=10
performance_5a540932e5b6,song_0671362ecab2,2026-03-20,哔哩哔哩,BV1TzA3zTEJh,2026年3月20日直播,,https://www.bilibili.com/video/BV1TzA3zTEJh
performance_50e11b36101d,song_0671362ecab2,2026-02-11,哔哩哔哩,BV1Nsc3zfEv8,2026年2月11日直播,,https://www.bilibili.com/video/BV1Nsc3zfEv8
performance_ba19a2b61a71,song_0671362ecab2,2026-01-30,哔哩哔哩,BV1fa61BbEve,2026年1月30日直播,,https://www.bilibili.com/video/BV1fa61BbEve
performance_8279ad9ea06e,song_0671362ecab2,2026-01-16,哔哩哔哩,BV1JmrDBmE94,2026年1月16日直播,,https://www.bilibili.com/video/BV1JmrDBmE94
performance_ae1f9eb3f117,song_0671362ecab2,2026-01-15,哔哩哔哩,BV1GskwBAEA9,2026年1月15日直播,,https://www.bilibili.com/video/BV1GskwBAEA9
performance_9a9b7eac6c4e,song_0671362ecab2,2026-01-09,哔哩哔哩,BV1Si6UBWECa,2026年1月9日直播,,https://www.bilibili.com/video/BV1Si6UBWECa
performance_959633220c56,song_0671362ecab2,2026-01-04,哔哩哔哩,BV1yxqKBJExr,2026年1月4日直播,,https://www.bilibili.com/video/BV1yxqKBJExr
performance_17cf4610f0e2,song_0671362ecab2,2025-12-26,哔哩哔哩,BV1sHBdBFEqA,2025年12月26日直播,,https://www.bilibili.com/video/BV1sHBdBFEqA
performance_11006fe19406,song_0671362ecab2,2025-12-20,哔哩哔哩,BV1Bzq6BBEE4,2025年12月20日直播,,https://www.bilibili.com/video/BV1Bzq6BBEE4
performance_6d5621b6d326,song_0671362ecab2,2025-11-29,哔哩哔哩,BV1FFSnBmEAa,2025年11月29日直播,,https://www.bilibili.com/video/BV1FFSnBmEAa
performance_a5c6647f49e1,song_0671362ecab2,2025-11-21,哔哩哔哩,BV1NZU7B7Eue,2025年11月21日直播,,https://www.bilibili.com/video/BV1NZU7B7Eue
performance_f911859af7db,song_0671362ecab2,2025-11-15,哔哩哔哩,BV19KC3BFEte,2025年11月15日直播,,https://www.bilibili.com/video/BV19KC3BFEte
performance_0779239f6189,song_0671362ecab2,2025-11-02,哔哩哔哩,BV1AqydBrEco,2025年11月2日直播,,https://www.bilibili.com/video/BV1AqydBrEco
performance_50d7600cbe70,song_0671362ecab2,2025-10-21,哔哩哔哩,BV1N7WSztEsd,2025年10月21日直播,,https://www.bilibili.com/video/BV1N7WSztEsd
performance_a49bb2cc7348,song_0671362ecab2,2025-09-12,哔哩哔哩,BV1g9pFzdEcj,2025年9月12日直播,,https://www.bilibili.com/video/BV1g9pFzdEcj
performance_cf51619075cc,song_0671362ecab2,2025-05-25,哔哩哔哩,BV1oSjgz2EVn,2025年5月25日直播,,https://www.bilibili.com/video/BV1oSjgz2EVn
performance_6d7909574965,song_0671362ecab2,2025-05-18,哔哩哔哩,BV1YwJ3zJEEZ,2025年5月18日直播,,https://www.bilibili.com/video/BV1YwJ3zJEEZ
performance_1f7db4426184,song_0671362ecab2,2025-03-06,哔哩哔哩,BV1HfRhYKErA,2025年3月6日直播,,https://www.bilibili.com/video/BV1HfRhYKErA
performance_01c500cc4761,song_0671362ecab2,2025-01-24,哔哩哔哩,BV1WDfHYsEd2,2025年1月24日直播,,https://www.bilibili.com/video/BV1WDfHYsEd2
performance_eb631c43b6a1,song_3a041a372f3e,2026-07-06,哔哩哔哩,BV1XGM36GEXD,2026年7月6日直播,,https://www.bilibili.com/video/BV1XGM36GEXD/?p=2
performance_86bbf00e4351,song_3a041a372f3e,2026-06-25,哔哩哔哩,BV1Ht7H6LEfF,2026年6月25日直播,,https://www.bilibili.com/video/BV1Ht7H6LEfF/?p=11
performance_f62b6c166388,song_3a041a372f3e,2026-06-13,哔哩哔哩,BV1UNJT6DEEk,2026年6月13日直播,,https://www.bilibili.com/video/BV1UNJT6DEEk/?p=13
performance_559b56e7761c,song_3a041a372f3e,2026-05-19,哔哩哔哩,BV1yNLy6rEoA,2026年5月19日直播,,https://www.bilibili.com/video/BV1yNLy6rEoA/?p=7
performance_227e00b006b5,song_3a041a372f3e,2026-04-26,哔哩哔哩,BV1S7orB3EaV,2026年4月26日直播,,https://www.bilibili.com/video/BV1S7orB3EaV/?p=11
performance_20853dd5e47e,song_3a041a372f3e,2026-04-15,哔哩哔哩,BV1HBdqB7EPP,2026年4月15日直播,,https://www.bilibili.com/video/BV1HBdqB7EPP/?p=4
performance_3fba8424abd6,song_3a041a372f3e,2026-01-11,哔哩哔哩,BV11trvBLEXg,2026年1月11日直播,,https://www.bilibili.com/video/BV11trvBLEXg
performance_ba39648c366d,song_3a041a372f3e,2025-12-17,哔哩哔哩,BV1xLqVBgE4G,2025年12月17日直播,,https://www.bilibili.com/video/BV1xLqVBgE4G
performance_59d84829c743,song_3a041a372f3e,2025-11-27,哔哩哔哩,BV1EJUeBEEnt,2025年11月27日直播,,https://www.bilibili.com/video/BV1EJUeBEEnt
performance_ef85b0f66ca6,song_3a041a372f3e,2025-08-15,哔哩哔哩,BV1PxYCzcE26,2025年8月15日直播,,https://www.bilibili.com/video/BV1PxYCzcE26
performance_90f18a995144,song_3a041a372f3e,2025-06-21,哔哩哔哩,BV1zBNmz8Eyc,2025年6月21日直播,,https://www.bilibili.com/video/BV1zBNmz8Eyc
performance_9d3f8061b1d5,song_3a041a372f3e,2025-05-04,哔哩哔哩,BV1MPV1zsEMs,2025年5月4日直播,,https://www.bilibili.com/video/BV1MPV1zsEMs
performance_c7b56fbad27b,song_3a041a372f3e,2025-03-20,哔哩哔哩,BV1P6XHY6Ece,2025年3月20日直播,,https://www.bilibili.com/video/BV1P6XHY6Ece
performance_2fa1c0dbe8b7,song_6edac74604c4,2026-07-06,哔哩哔哩,BV1XGM36GEXD,2026年7月6日直播,,https://www.bilibili.com/video/BV1XGM36GEXD/?p=1
performance_75d88d5beb5c,song_6edac74604c4,2025-12-29,哔哩哔哩,BV1D1vyBAEqB,2025年12月29日直播,,https://www.bilibili.com/video/BV1D1vyBAEqB
performance_424eeb85080f,song_6edac74604c4,2025-11-29,哔哩哔哩,BV1SHSnBaEnW,2025年11月29日直播,,https://www.bilibili.com/video/BV1SHSnBaEnW
performance_139e92c8eecb,song_6edac74604c4,2025-09-05,哔哩哔哩,BV1TxYVzUExv,2025年9月5日直播,,https://www.bilibili.com/video/BV1TxYVzUExv
performance_16357c5de557,song_6edac74604c4,2025-02-21,哔哩哔哩,BV1DZAmeJEeq,2025年2月21日直播,,https://www.bilibili.com/video/BV1DZAmeJEeq
performance_5c772a411a6c,song_868b7a2e4015,2026-07-06,哔哩哔哩,BV1XGM36GEXD,2026年7月6日直播,,https://www.bilibili.com/video/BV1XGM36GEXD/?p=4
performance_5de053310176,song_868b7a2e4015,2026-06-23,哔哩哔哩,BV1gsjd6HEFB,2026年6月23日直播,,https://www.bilibili.com/video/BV1gsjd6HEFB/?p=2
performance_b0e63409d75a,song_868b7a2e4015,2026-06-15,哔哩哔哩,BV1nkjg6GEzd,2026年6月15日直播,,https://www.bilibili.com/video/BV1nkjg6GEzd/?p=2
performance_bdf2213e925e,song_868b7a2e4015,2026-06-13,哔哩哔哩,BV1UNJT6DEEk,2026年6月13日直播,,https://www.bilibili.com/video/BV1UNJT6DEEk/?p=1
performance_ca765a900729,song_0ba59013c140,2026-07-06,哔哩哔哩,BV1XGM36GEXD,2026年7月6日直播,,https://www.bilibili.com/video/BV1XGM36GEXD/?p=6
performance_ae031c042730,song_0ba59013c140,2026-06-24,哔哩哔哩,BV1gg7H6oEwZ,2026年6月24日直播,,https://www.bilibili.com/video/BV1gg7H6oEwZ/?p=1
performance_2760b3b77396,song_0ba59013c140,2026-05-03,哔哩哔哩,BV1zrRJBtE7r,2026年5月3日直播,,https://www.bilibili.com/video/BV1zrRJBtE7r/?p=22
performance_56b689e0521e,song_673f026672c7,2026-07-05,哔哩哔哩,BV1eLTX6tE7J,2026年7月5日直播,,https://www.bilibili.com/video/BV1eLTX6tE7J/?p=12
performance_f4ec4fa9067f,song_673f026672c7,2026-06-15,哔哩哔哩,BV1nkjg6GEzd,2026年6月15日直播,,https://www.bilibili.com/video/BV1nkjg6GEzd/?p=5
performance_966a12934f59,song_673f026672c7,2026-04-29,哔哩哔哩,BV18hRABcEry,2026年4月29日直播,,https://www.bilibili.com/video/BV18hRABcEry/?p=6
performance_f8aead874c7a,song_673f026672c7,2026-04-03,哔哩哔哩,BV1hhDcBUEgA,2026年4月3日直播,,https://www.bilibili.com/video/BV1hhDcBUEgA/?p=13
performance_56a8521576e5,song_673f026672c7,2026-04-02,哔哩哔哩,BV1A6DMBdEyC,2026年4月2日直播,,https://www.bilibili.com/video/BV1A6DMBdEyC/?p=2
performance_b96e2b3145ce,song_673f026672c7,2026-03-25,哔哩哔哩,BV1U69WBDED8,2026年3月25日直播,,https://www.bilibili.com/video/BV1U69WBDED8
performance_1ec43b0a4dbd,song_673f026672c7,2026-03-06,哔哩哔哩,BV1mBNAzQEip,2026年3月6日直播,,https://www.bilibili.com/video/BV1mBNAzQEip
performance_02a940eaba9d,song_673f026672c7,2026-02-11,哔哩哔哩,BV1Atc3zoEYX,2026年2月11日直播,,https://www.bilibili.com/video/BV1Atc3zoEYX
performance_8846dba2b4b8,song_673f026672c7,2026-01-29,哔哩哔哩,BV1xx6BBnE71,2026年1月29日直播,,https://www.bilibili.com/video/BV1xx6BBnE71
performance_68b027ab4be7,song_673f026672c7,2026-01-21,哔哩哔哩,BV1uVzTBNEes,2026年1月21日直播,,https://www.bilibili.com/video/BV1uVzTBNEes
performance_a20233c75c82,song_673f026672c7,2026-01-03,哔哩哔哩,BV1odqABwEEC,2026年1月3日直播,,https://www.bilibili.com/video/BV1odqABwEEC
performance_156d0621f395,song_673f026672c7,2025-12-17,哔哩哔哩,BV1PJqVBBEvQ,2025年12月17日直播,,https://www.bilibili.com/video/BV1PJqVBBEvQ
performance_a28c38fe13a1,song_673f026672c7,2025-12-03,哔哩哔哩,BV1EESbBqExJ,2025年12月3日直播,,https://www.bilibili.com/video/BV1EESbBqExJ
performance_ff44afe8522f,song_673f026672c7,2025-11-28,哔哩哔哩,BV1ieSGBpEm9,2025年11月28日直播,,https://www.bilibili.com/video/BV1ieSGBpEm9
performance_6a4c94a6cc87,song_673f026672c7,2025-11-07,哔哩哔哩,BV1ut2PBCEGt,2025年11月7日直播,,https://www.bilibili.com/video/BV1ut2PBCEGt
performance_5c2a50eb2f6c,song_673f026672c7,2025-10-30,哔哩哔哩,BV152ybBDEJY,2025年10月30日直播,,https://www.bilibili.com/video/BV152ybBDEJY
performance_98d5b5335d0e,song_673f026672c7,2025-09-19,哔哩哔哩,BV1RjWAzrEh2,2025年9月19日直播,,https://www.bilibili.com/video/BV1RjWAzrEh2
performance_542a98ac826d,song_673f026672c7,2025-09-12,哔哩哔哩,BV1aSpFzbEgP,2025年9月12日直播,,https://www.bilibili.com/video/BV1aSpFzbEgP
performance_c20bcdd4e1ce,song_8fabb3c630ce,2026-07-05,哔哩哔哩,BV1eLTX6tE7J,2026年7月5日直播,,https://www.bilibili.com/video/BV1eLTX6tE7J/?p=9
performance_ba360f26174f,song_8fabb3c630ce,2026-05-26,哔哩哔哩,BV1WXVa6PEM3,2026年5月26日直播,,https://www.bilibili.com/video/BV1WXVa6PEM3/?p=3
performance_7911eda86234,song_8fabb3c630ce,2026-05-08,哔哩哔哩,BV1jNRQBVEhN,2026年5月8日直播,,https://www.bilibili.com/video/BV1jNRQBVEhN/?p=9
performance_486bf5308315,song_8fabb3c630ce,2026-03-19,哔哩哔哩,BV1MVAgzKEpT,2026年3月19日直播,,https://www.bilibili.com/video/BV1MVAgzKEpT
performance_fb63b9bd6692,song_8fabb3c630ce,2026-02-07,哔哩哔哩,BV1rXcczfEr4,2026年2月7日直播,,https://www.bilibili.com/video/BV1rXcczfEr4
performance_a48a7aeac71d,song_8fabb3c630ce,2026-01-09,哔哩哔哩,BV1pQ6UBVEBK,2026年1月9日直播,,https://www.bilibili.com/video/BV1pQ6UBVEBK
performance_3c7b1fd9ffe3,song_8fabb3c630ce,2025-12-26,哔哩哔哩,BV1sHBdBFEfj,2025年12月26日直播,,https://www.bilibili.com/video/BV1sHBdBFEfj
performance_2518655cba0d,song_8fabb3c630ce,2025-12-20,哔哩哔哩,BV1p3qrB2Evj,2025年12月20日直播,,https://www.bilibili.com/video/BV1p3qrB2Evj
performance_1ab960f8fd06,song_8fabb3c630ce,2025-12-02,哔哩哔哩,BV1rKSsBFE5h,2025年12月2日直播,,https://www.bilibili.com/video/BV1rKSsBFE5h
performance_b303923dfb9b,song_8fabb3c630ce,2025-11-29,哔哩哔哩,BV1EwSnBjE1Y,2025年11月29日直播,,https://www.bilibili.com/video/BV1EwSnBjE1Y
performance_19aa456eaa6e,song_8fabb3c630ce,2025-11-07,哔哩哔哩,BV14z11BpEc6,2025年11月7日直播,,https://www.bilibili.com/video/BV14z11BpEc6
performance_86c0b367eee7,song_8fabb3c630ce,2025-08-15,哔哩哔哩,BV1KpYCzAE3R,2025年8月15日直播,,https://www.bilibili.com/video/BV1KpYCzAE3R
performance_f24d9cb79731,song_8fabb3c630ce,2025-07-28,哔哩哔哩,BV1Ai8BzMEup,2025年7月28日直播,,https://www.bilibili.com/video/BV1Ai8BzMEup
performance_697c2dcc672b,song_8fabb3c630ce,2025-06-22,哔哩哔哩,BV13VNmzmEVi,2025年6月22日直播,,https://www.bilibili.com/video/BV13VNmzmEVi
performance_4aa594fdfc1a,song_8fabb3c630ce,2025-02-03,哔哩哔哩,BV1h7PdeCEXQ,2025年2月3日直播,,https://www.bilibili.com/video/BV1h7PdeCEXQ
performance_e1bf3e598c99,song_8fabb3c630ce,2025-01-24,哔哩哔哩,BV1ckfsYtEaX,2025年1月24日直播,,https://www.bilibili.com/video/BV1ckfsYtEaX
performance_f41d61dcab19,song_8fabb3c630ce,2024-11-21,哔哩哔哩,BV1hRidYgEr9,2024年11月21日直播,,https://www.bilibili.com/video/BV1hRidYgEr9
performance_d4c8226b7103,song_8fabb3c630ce,2024-11-15,哔哩哔哩,BV1dCUpYQEXu,2024年11月15日直播,,https://www.bilibili.com/video/BV1dCUpYQEXu
performance_0f4ceda2ae22,song_75af33122f30,2026-07-05,哔哩哔哩,BV1eLTX6tE7J,2026年7月5日直播,,https://www.bilibili.com/video/BV1eLTX6tE7J/?p=18
performance_45b1abe4e7f9,song_75af33122f30,2026-04-26,哔哩哔哩,BV1S7orB3EaV,2026年4月26日直播,,https://www.bilibili.com/video/BV1S7orB3EaV/?p=2
performance_10c473c8cea6,song_75af33122f30,2026-03-20,哔哩哔哩,BV116A3zvEzn,2026年3月20日直播,,https://www.bilibili.com/video/BV116A3zvEzn
performance_19b524f2677f,song_75af33122f30,2026-02-27,哔哩哔哩,BV19UPuzLEf9,2026年2月27日直播,,https://www.bilibili.com/video/BV19UPuzLEf9
performance_c96ecb407cff,song_75af33122f30,2026-02-11,哔哩哔哩,BV1Ptc3zoELQ,2026年2月11日直播,,https://www.bilibili.com/video/BV1Ptc3zoELQ
performance_bd447ef65fde,song_75af33122f30,2026-02-06,哔哩哔哩,BV1UZcFzqE29,2026年2月6日直播,,https://www.bilibili.com/video/BV1UZcFzqE29
performance_a814af15a8fa,song_75af33122f30,2026-01-30,哔哩哔哩,BV1GE6JBVEpx,2026年1月30日直播,,https://www.bilibili.com/video/BV1GE6JBVEpx
performance_bb3f9c620180,song_75af33122f30,2026-01-23,哔哩哔哩,BV1L5zmBdEPj,2026年1月23日直播,,https://www.bilibili.com/video/BV1L5zmBdEPj
performance_d9b95af9d923,song_75af33122f30,2026-01-09,哔哩哔哩,BV18e6UBREdX,2026年1月9日直播,,https://www.bilibili.com/video/BV18e6UBREdX
performance_e78b8ac915b0,song_75af33122f30,2026-01-02,哔哩哔哩,BV1pki7B5EPK,2026年1月2日直播,,https://www.bilibili.com/video/BV1pki7B5EPK
performance_2a4c5c36b6d7,song_75af33122f30,2025-12-20,哔哩哔哩,BV1WgqrB7EAT,2025年12月20日直播,,https://www.bilibili.com/video/BV1WgqrB7EAT
performance_31597d553f52,song_75af33122f30,2025-12-13,哔哩哔哩,BV1SjmSBrEqg,2025年12月13日直播,,https://www.bilibili.com/video/BV1SjmSBrEqg
performance_160cdb07d845,song_75af33122f30,2025-12-03,哔哩哔哩,BV1pSSbB5E6e,2025年12月3日直播,,https://www.bilibili.com/video/BV1pSSbB5E6e
performance_4117d1028ed9,song_75af33122f30,2025-11-29,哔哩哔哩,BV1X5SnBTEe6,2025年11月29日直播,,https://www.bilibili.com/video/BV1X5SnBTEe6
performance_51fe545e22a8,song_75af33122f30,2025-11-23,哔哩哔哩,BV186UwBCEP4,2025年11月23日直播,,https://www.bilibili.com/video/BV186UwBCEP4
performance_a8ab58716d7f,song_75af33122f30,2025-11-21,哔哩哔哩,BV1c8yKBAEQv,2025年11月21日直播,,https://www.bilibili.com/video/BV1c8yKBAEQv
performance_aebc28b36bd8,song_75af33122f30,2024-12-07,哔哩哔哩,BV1BKqpYZE9a,2024年12月7日直播,,https://www.bilibili.com/video/BV1BKqpYZE9a
performance_b20b774164fa,song_01d2feb5d39b,2026-07-05,哔哩哔哩,BV1eLTX6tE7J,2026年7月5日直播,,https://www.bilibili.com/video/BV1eLTX6tE7J/?p=1
performance_2a01a8653322,song_01d2feb5d39b,2026-06-30,哔哩哔哩,BV1jHTi6JE5U,2026年6月30日直播,,https://www.bilibili.com/video/BV1jHTi6JE5U/?p=4
performance_f3b00c3557e1,song_01d2feb5d39b,2026-05-14,哔哩哔哩,BV1PL5h6eE85,2026年5月14日直播,,https://www.bilibili.com/video/BV1PL5h6eE85/?p=13
performance_516702d5114d,song_01d2feb5d39b,2026-04-26,哔哩哔哩,BV1S7orB3EaV,2026年4月26日直播,,https://www.bilibili.com/video/BV1S7orB3EaV/?p=15
performance_ce97f7f81569,song_01d2feb5d39b,2026-02-27,哔哩哔哩,BV1aQPuzVE97,2026年2月27日直播,,https://www.bilibili.com/video/BV1aQPuzVE97
performance_c88b1e8b29ea,song_01d2feb5d39b,2025-12-25,哔哩哔哩,BV1NCB1BNEaA,2025年12月25日直播,,https://www.bilibili.com/video/BV1NCB1BNEaA
performance_e19c1bf6e81a,song_01d2feb5d39b,2025-03-14,哔哩哔哩,BV1yDXzYdEwk,2025年3月14日直播,,https://www.bilibili.com/video/BV1yDXzYdEwk
performance_b07ae2341969,song_01d2feb5d39b,2025-03-06,哔哩哔哩,BV1jMRaYFEUX,2025年3月6日直播,,https://www.bilibili.com/video/BV1jMRaYFEUX
performance_60c557d31215,song_01d2feb5d39b,2025-02-21,哔哩哔哩,BV1DZAmeJENL,2025年2月21日直播,,https://www.bilibili.com/video/BV1DZAmeJENL
performance_7b3f7a6ac4a3,song_01d2feb5d39b,2025-01-29,哔哩哔哩,BV1SsFkedEtQ,2025年1月29日直播,,https://www.bilibili.com/video/BV1SsFkedEtQ
performance_84309cc1ce32,song_01d2feb5d39b,2024-12-29,哔哩哔哩,BV1EocFeZEXq,2024年12月29日直播,,https://www.bilibili.com/video/BV1EocFeZEXq
performance_b23634d94826,song_01d2feb5d39b,2024-11-20,哔哩哔哩,BV1ocidYjEKc,2024年11月20日直播,,https://www.bilibili.com/video/BV1ocidYjEKc
performance_a6697efd0af7,song_0704e59e48c0,2026-07-05,哔哩哔哩,BV1eLTX6tE7J,2026年7月5日直播,,https://www.bilibili.com/video/BV1eLTX6tE7J/?p=15
performance_1bb8cf356859,song_0704e59e48c0,2026-06-22,哔哩哔哩,BV1Bi7g6gESh,2026年6月22日直播,,https://www.bilibili.com/video/BV1Bi7g6gESh/?p=3
performance_294f6f64fdfa,song_0704e59e48c0,2026-04-18,哔哩哔哩,BV12wdoBCE4k,2026年4月18日直播,,https://www.bilibili.com/video/BV12wdoBCE4k/?p=3
performance_4c317995f078,song_0704e59e48c0,2025-12-26,哔哩哔哩,BV1g9BdBMEcJ,2025年12月26日直播,,https://www.bilibili.com/video/BV1g9BdBMEcJ
performance_5552a998f3cc,song_0704e59e48c0,2025-12-13,哔哩哔哩,BV1YgmSB1En5,2025年12月13日直播,,https://www.bilibili.com/video/BV1YgmSB1En5
performance_009e5ef49801,song_0704e59e48c0,2025-12-03,哔哩哔哩,BV1JLSbBzEx6,2025年12月3日直播,,https://www.bilibili.com/video/BV1JLSbBzEx6
performance_58004059d83d,song_0704e59e48c0,2025-11-23,哔哩哔哩,BV1qWUwBsEsP,2025年11月23日直播,,https://www.bilibili.com/video/BV1qWUwBsEsP
performance_bac03bff99db,song_0704e59e48c0,2025-09-12,哔哩哔哩,BV1udpFzsEBh,2025年9月12日直播,,https://www.bilibili.com/video/BV1udpFzsEBh
performance_2b5f49a5bea5,song_0704e59e48c0,2025-05-14,哔哩哔哩,BV1gkEvzjExL,2025年5月14日直播,,https://www.bilibili.com/video/BV1gkEvzjExL
performance_3af261bbf80c,song_0704e59e48c0,2025-02-16,哔哩哔哩,BV1DZAmeJEad,2025年2月16日直播,,https://www.bilibili.com/video/BV1DZAmeJEad
performance_302cfe069149,song_0704e59e48c0,2025-01-01,哔哩哔哩,BV1EocFeZEfw,2025年1月1日直播,,https://www.bilibili.com/video/BV1EocFeZEfw
performance_23e2d1324506,song_0704e59e48c0,2024-12-20,哔哩哔哩,BV1p5k8YPEek,2024年12月20日直播,,https://www.bilibili.com/video/BV1p5k8YPEek
performance_2814d3c5fcb1,song_244461e191b0,2026-07-05,哔哩哔哩,BV1eLTX6tE7J,2026年7月5日直播,,https://www.bilibili.com/video/BV1eLTX6tE7J/?p=5
performance_a7354690c159,song_244461e191b0,2026-05-13,哔哩哔哩,BV1NU5S69EPy,2026年5月13日直播,,https://www.bilibili.com/video/BV1NU5S69EPy/?p=7
performance_0250c0fcae98,song_244461e191b0,2026-04-03,哔哩哔哩,BV1hhDcBUEgA,2026年4月3日直播,,https://www.bilibili.com/video/BV1hhDcBUEgA/?p=4
performance_df49dfbee0a4,song_244461e191b0,2026-03-24,哔哩哔哩,BV1CXX7BsE4w,2026年3月24日直播,,https://www.bilibili.com/video/BV1CXX7BsE4w
performance_2892a4c317da,song_244461e191b0,2026-03-07,哔哩哔哩,BV1rQPQzVEaA,2026年3月7日直播,,https://www.bilibili.com/video/BV1rQPQzVEaA
performance_7ef68a8ae594,song_244461e191b0,2026-02-27,哔哩哔哩,BV1VQPuz5EsJ,2026年2月27日直播,,https://www.bilibili.com/video/BV1VQPuz5EsJ
performance_603c8ee09acf,song_244461e191b0,2025-12-18,哔哩哔哩,BV1P2qDByEbc,2025年12月18日直播,,https://www.bilibili.com/video/BV1P2qDByEbc
performance_0344e21db9b8,song_244461e191b0,2025-12-13,哔哩哔哩,BV1anm9BsEjc,2025年12月13日直播,,https://www.bilibili.com/video/BV1anm9BsEjc
performance_04384b096fe4,song_244461e191b0,2025-10-13,哔哩哔哩,BV13p4GzgE9t,2025年10月13日直播,,https://www.bilibili.com/video/BV13p4GzgE9t
performance_dfaf48559d19,song_244461e191b0,2025-03-06,哔哩哔哩,BV1WdRhYMEwD,2025年3月6日直播,,https://www.bilibili.com/video/BV1WdRhYMEwD
performance_88f0af350bfb,song_244461e191b0,2024-12-24,哔哩哔哩,BV11rcnebEpa,2024年12月24日直播,,https://www.bilibili.com/video/BV11rcnebEpa
performance_8cb43a9f9738,song_7faff01ae4a8,2026-07-05,哔哩哔哩,BV1eLTX6tE7J,2026年7月5日直播,,https://www.bilibili.com/video/BV1eLTX6tE7J/?p=21
performance_20d98b5ea754,song_7faff01ae4a8,2026-05-22,哔哩哔哩,BV1nBGL61Eim,2026年5月22日直播,,https://www.bilibili.com/video/BV1nBGL61Eim/?p=18
performance_646fd2e86106,song_7faff01ae4a8,2026-04-10,哔哩哔哩,BV19XQYB2EUD,2026年4月10日直播,,https://www.bilibili.com/video/BV19XQYB2EUD/?p=2
performance_7b36e9f831fe,song_7faff01ae4a8,2026-01-09,哔哩哔哩,BV16j6UBTEwM,2026年1月9日直播,,https://www.bilibili.com/video/BV16j6UBTEwM
performance_af7d18e1daeb,song_7faff01ae4a8,2025-12-20,哔哩哔哩,BV1okq6BiEZX,2025年12月20日直播,,https://www.bilibili.com/video/BV1okq6BiEZX
performance_184af640b836,song_7faff01ae4a8,2025-09-12,哔哩哔哩,BV1g9pFzdEuD,2025年9月12日直播,,https://www.bilibili.com/video/BV1g9pFzdEuD
performance_a89156069fdc,song_7faff01ae4a8,2025-03-28,哔哩哔哩,BV1HBZzYYEbX,2025年3月28日直播,,https://www.bilibili.com/video/BV1HBZzYYEbX
performance_0b71e568a6f4,song_7faff01ae4a8,2025-01-29,哔哩哔哩,BV1QnFkebEez,2025年1月29日直播,,https://www.bilibili.com/video/BV1QnFkebEez
performance_f072730d85ad,song_7faff01ae4a8,2024-12-24,哔哩哔哩,BV1iJrkYsEao,2024年12月24日直播,,https://www.bilibili.com/video/BV1iJrkYsEao
performance_8ef433fd505f,song_7faff01ae4a8,2024-11-09,哔哩哔哩,BV19ZDzYPE7U,2024年11月9日直播,,https://www.bilibili.com/video/BV19ZDzYPE7U
performance_bde8e5dc4707,song_dcff90f841f5,2026-07-05,哔哩哔哩,BV1eLTX6tE7J,2026年7月5日直播,,https://www.bilibili.com/video/BV1eLTX6tE7J/?p=24
performance_09ec7b48e4a5,song_dcff90f841f5,2026-05-22,哔哩哔哩,BV1nBGL61Eim,2026年5月22日直播,,https://www.bilibili.com/video/BV1nBGL61Eim/?p=12
performance_c948ff59966c,song_dcff90f841f5,2026-01-09,哔哩哔哩,BV14C6UBUELs,2026年1月9日直播,,https://www.bilibili.com/video/BV14C6UBUELs
performance_da9e8720858e,song_dcff90f841f5,2025-12-18,哔哩哔哩,BV16dqDBqE7y,2025年12月18日直播,,https://www.bilibili.com/video/BV16dqDBqE7y
performance_d32a2de6f8c7,song_dcff90f841f5,2025-03-06,哔哩哔哩,BV1JwRaYPEqH,2025年3月6日直播,,https://www.bilibili.com/video/BV1JwRaYPEqH
performance_1f4d92d09837,song_dcff90f841f5,2025-01-04,哔哩哔哩,BV1Z2cAewECm,2025年1月4日直播,,https://www.bilibili.com/video/BV1Z2cAewECm
performance_67dbe342a3d2,song_dcff90f841f5,2024-12-24,哔哩哔哩,BV1qJrkYsEaM,2024年12月24日直播,,https://www.bilibili.com/video/BV1qJrkYsEaM
performance_10e844ab3296,song_dcff90f841f5,2024-12-10,哔哩哔哩,BV1w4qUYgE76,2024年12月10日直播,,https://www.bilibili.com/video/BV1w4qUYgE76
performance_f332b6153da5,song_dcff90f841f5,2024-11-20,哔哩哔哩,BV17cidY7EvH,2024年11月20日直播,,https://www.bilibili.com/video/BV17cidY7EvH
performance_a372cdabff75,song_7545658be771,2026-07-05,哔哩哔哩,BV1eLTX6tE7J,2026年7月5日直播,,https://www.bilibili.com/video/BV1eLTX6tE7J/?p=19
performance_953e2b44167c,song_7545658be771,2026-05-01,哔哩哔哩,BV1zMRcBMEei,2026年5月1日直播,,https://www.bilibili.com/video/BV1zMRcBMEei/?p=11
performance_3f0beaa1c9b9,song_7545658be771,2026-04-17,哔哩哔哩,BV1XTdHBpEpK,2026年4月17日直播,,https://www.bilibili.com/video/BV1XTdHBpEpK/?p=5
performance_bec1758d5ba9,song_7545658be771,2025-11-23,哔哩哔哩,BV1qWUwBsE6J,2025年11月23日直播,,https://www.bilibili.com/video/BV1qWUwBsE6J
performance_e5b735a49703,song_7545658be771,2025-11-03,哔哩哔哩,BV1ky1aBrE3D,2025年11月3日直播,,https://www.bilibili.com/video/BV1ky1aBrE3D
performance_6aed5afa63ff,song_7545658be771,2025-09-19,哔哩哔哩,BV1LjWAzkENS,2025年9月19日直播,,https://www.bilibili.com/video/BV1LjWAzkENS
performance_1b96b71ee0aa,song_7545658be771,2025-08-15,哔哩哔哩,BV14pYCzAEjk,2025年8月15日直播,,https://www.bilibili.com/video/BV14pYCzAEjk
performance_bb2acd37dde1,song_7545658be771,2025-03-20,哔哩哔哩,BV1F2XHYiEUW,2025年3月20日直播,,https://www.bilibili.com/video/BV1F2XHYiEUW
performance_b4743de7835d,song_dde2a56335e8,2026-07-05,哔哩哔哩,BV1eLTX6tE7J,2026年7月5日直播,,https://www.bilibili.com/video/BV1eLTX6tE7J/?p=3
performance_4ea72a8225b6,song_dde2a56335e8,2026-05-14,哔哩哔哩,BV1PL5h6eE85,2026年5月14日直播,,https://www.bilibili.com/video/BV1PL5h6eE85/?p=7
performance_25e74364ecd0,song_dde2a56335e8,2026-03-25,哔哩哔哩,BV1UC9WBUEgZ,2026年3月25日直播,,https://www.bilibili.com/video/BV1UC9WBUEgZ
performance_141b5d2d04e7,song_dde2a56335e8,2026-03-08,哔哩哔哩,BV1Xzw3zGEaG,2026年3月8日直播,,https://www.bilibili.com/video/BV1Xzw3zGEaG
performance_dbf0518bcd5d,song_dde2a56335e8,2026-01-29,哔哩哔哩,BV13R6BBhEhd,2026年1月29日直播,,https://www.bilibili.com/video/BV13R6BBhEhd
performance_872a88a8b702,song_dde2a56335e8,2025-12-26,哔哩哔哩,BV1V1BdBCECZ,2025年12月26日直播,,https://www.bilibili.com/video/BV1V1BdBCECZ
performance_5592abb73ad8,song_dde2a56335e8,2025-10-30,哔哩哔哩,BV13XybB1EFq,2025年10月30日直播,,https://www.bilibili.com/video/BV13XybB1EFq
performance_f4ad90dd573e,song_7b9294bfd943,2026-07-05,哔哩哔哩,BV1eLTX6tE7J,2026年7月5日直播,,https://www.bilibili.com/video/BV1eLTX6tE7J/?p=6
performance_33a06a2d9bec,song_7b9294bfd943,2026-05-19,哔哩哔哩,BV1yNLy6rEoA,2026年5月19日直播,,https://www.bilibili.com/video/BV1yNLy6rEoA/?p=1
performance_05db9e99c719,song_7b9294bfd943,2026-01-23,哔哩哔哩,BV1dRzmBtEsa,2026年1月23日直播,,https://www.bilibili.com/video/BV1dRzmBtEsa
performance_9070e8c62e9c,song_7b9294bfd943,2026-01-16,哔哩哔哩,BV1JmrDBmE21,2026年1月16日直播,,https://www.bilibili.com/video/BV1JmrDBmE21
performance_f55b4b2a21fe,song_7b9294bfd943,2026-01-09,哔哩哔哩,BV1c56UBzEGQ,2026年1月9日直播,,https://www.bilibili.com/video/BV1c56UBzEGQ
performance_d5398243a806,song_7b9294bfd943,2025-12-26,哔哩哔哩,BV1MoBdBKEuh,2025年12月26日直播,,https://www.bilibili.com/video/BV1MoBdBKEuh
performance_c9d62ced0984,song_7b9294bfd943,2025-03-06,哔哩哔哩,BV1pfRhYKE5Q,2025年3月6日直播,,https://www.bilibili.com/video/BV1pfRhYKE5Q
performance_ff8dae7f989a,song_bc14782fadcf,2026-07-05,哔哩哔哩,BV1eLTX6tE7J,2026年7月5日直播,,https://www.bilibili.com/video/BV1eLTX6tE7J/?p=7
performance_906319d6f3a6,song_bc14782fadcf,2026-05-08,哔哩哔哩,BV1jNRQBVEhN,2026年5月8日直播,,https://www.bilibili.com/video/BV1jNRQBVEhN/?p=7
performance_1e2d2fe797d7,song_bc14782fadcf,2026-01-24,哔哩哔哩,BV1HuzbB7EJj,2026年1月24日直播,,https://www.bilibili.com/video/BV1HuzbB7EJj
performance_5a7cd014282b,song_bc14782fadcf,2025-12-29,哔哩哔哩,BV1T3vyB4EkL,2025年12月29日直播,,https://www.bilibili.com/video/BV1T3vyB4EkL
performance_14f8b1fb8f31,song_bc14782fadcf,2025-12-13,哔哩哔哩,BV18jmSBrEpc,2025年12月13日直播,,https://www.bilibili.com/video/BV18jmSBrEpc
performance_cc20c47541b0,song_bc14782fadcf,2025-07-25,哔哩哔哩,BV1Cv84zuE7P,2025年7月25日直播,,https://www.bilibili.com/video/BV1Cv84zuE7P
performance_48b08fd637d7,song_bc14782fadcf,2025-05-11,哔哩哔哩,BV1XzEvzEEWS,2025年5月11日直播,,https://www.bilibili.com/video/BV1XzEvzEEWS
performance_c71ac7b917fe,song_76c1d9497797,2026-07-05,哔哩哔哩,BV1eLTX6tE7J,2026年7月5日直播,,https://www.bilibili.com/video/BV1eLTX6tE7J/?p=23
performance_a7e462033e84,song_76c1d9497797,2026-03-03,哔哩哔哩,BV1T2PyzeEH4,2026年3月3日直播,,https://www.bilibili.com/video/BV1T2PyzeEH4
performance_b927cf4539e1,song_76c1d9497797,2026-01-25,哔哩哔哩,BV1Ze63BFE4C,2026年1月25日直播,,https://www.bilibili.com/video/BV1Ze63BFE4C
performance_bea6a1a1efaf,song_76c1d9497797,2025-12-25,哔哩哔哩,BV1W2B1BAEbu,2025年12月25日直播,,https://www.bilibili.com/video/BV1W2B1BAEbu
performance_d5faa6dabaf7,song_76c1d9497797,2025-12-12,哔哩哔哩,BV1RdmgBrEZn,2025年12月12日直播,,https://www.bilibili.com/video/BV1RdmgBrEZn
performance_63c42a2ad783,song_76c1d9497797,2025-10-30,哔哩哔哩,BV1aSybBmEio,2025年10月30日直播,,https://www.bilibili.com/video/BV1aSybBmEio
performance_1495d0e3fd3b,song_76c1d9497797,2025-10-21,哔哩哔哩,BV1BhWSzUEQN,2025年10月21日直播,,https://www.bilibili.com/video/BV1BhWSzUEQN
performance_59e4868d8daf,song_4aa522f0bed9,2026-07-05,哔哩哔哩,BV1eLTX6tE7J,2026年7月5日直播,,https://www.bilibili.com/video/BV1eLTX6tE7J/?p=20
performance_0c32bae1780d,song_4aa522f0bed9,2026-04-04,哔哩哔哩,BV1D8DcBEEfr,2026年4月4日直播,,https://www.bilibili.com/video/BV1D8DcBEEfr/?p=2
performance_470ba0bc8d9d,song_4aa522f0bed9,2026-03-04,哔哩哔哩,BV1s3PyztEK6,2026年3月4日直播,,https://www.bilibili.com/video/BV1s3PyztEK6
performance_279afe994aba,song_4aa522f0bed9,2026-01-17,哔哩哔哩,BV1xfk5BtEo4,2026年1月17日直播,,https://www.bilibili.com/video/BV1xfk5BtEo4
performance_16bebd89e5bb,song_4aa522f0bed9,2025-05-25,哔哩哔哩,BV1nkjgzpEKo,2025年5月25日直播,,https://www.bilibili.com/video/BV1nkjgzpEKo
performance_98e5726a9632,song_f05f5305f577,2026-07-05,哔哩哔哩,BV1eLTX6tE7J,2026年7月5日直播,,https://www.bilibili.com/video/BV1eLTX6tE7J/?p=4
performance_ab1a278dd23f,song_f05f5305f577,2026-04-08,哔哩哔哩,BV1sgQFBTEgi,2026年4月8日直播,,https://www.bilibili.com/video/BV1sgQFBTEgi/?p=2
performance_f9d632ec36e4,song_f05f5305f577,2026-02-25,哔哩哔哩,BV1paA2zfEjY,2026年2月25日直播,,https://www.bilibili.com/video/BV1paA2zfEjY
performance_8eef1f86d8eb,song_f05f5305f577,2026-01-20,哔哩哔哩,BV1jHzJB7Emq,2026年1月20日直播,,https://www.bilibili.com/video/BV1jHzJB7Emq
performance_569d4867662a,song_f05f5305f577,2026-01-01,哔哩哔哩,BV148vXBjEAA,2026年1月1日直播,,https://www.bilibili.com/video/BV148vXBjEAA
performance_213f27941712,song_10d515b5388c,2026-07-05,哔哩哔哩,BV1eLTX6tE7J,2026年7月5日直播,,https://www.bilibili.com/video/BV1eLTX6tE7J/?p=8
performance_e3b771e0a173,song_10d515b5388c,2025-11-21,哔哩哔哩,BV1ZVUEBKE5N,2025年11月21日直播,,https://www.bilibili.com/video/BV1ZVUEBKE5N
performance_a2c0aaa79a73,song_10d515b5388c,2025-09-19,哔哩哔哩,BV1LjWAzkE7t,2025年9月19日直播,,https://www.bilibili.com/video/BV1LjWAzkE7t
performance_cdc978d25be2,song_10d515b5388c,2024-11-29,哔哩哔哩,BV1HYz9YtEE2,2024年11月29日直播,,https://www.bilibili.com/video/BV1HYz9YtEE2
performance_6140d3a65f1e,song_140d626e9bb6,2026-07-05,哔哩哔哩,BV1eLTX6tE7J,2026年7月5日直播,,https://www.bilibili.com/video/BV1eLTX6tE7J/?p=13
performance_04c462d22757,song_140d626e9bb6,2026-04-12,哔哩哔哩,BV1z6QYBRE6E,2026年4月12日直播,,https://www.bilibili.com/video/BV1z6QYBRE6E/?p=9
performance_bdb63c842378,song_140d626e9bb6,2026-01-14,哔哩哔哩,BV1sSroB6Et5,2026年1月14日直播,,https://www.bilibili.com/video/BV1sSroB6Et5
performance_2e267584264f,song_140d626e9bb6,2025-12-17,哔哩哔哩,BV1WJqVBqEEr,2025年12月17日直播,,https://www.bilibili.com/video/BV1WJqVBqEEr
performance_6ac0a0cb3be0,song_597561d08928,2026-07-05,哔哩哔哩,BV1eLTX6tE7J,2026年7月5日直播,,https://www.bilibili.com/video/BV1eLTX6tE7J/?p=14
performance_767dfc17bca0,song_597561d08928,2026-01-16,哔哩哔哩,BV1prrDBQE1b,2026年1月16日直播,,https://www.bilibili.com/video/BV1prrDBQE1b
performance_89cfc16775d0,song_597561d08928,2025-08-10,哔哩哔哩,BV12PbJzpEsu,2025年8月10日直播,,https://www.bilibili.com/video/BV12PbJzpEsu
performance_6712ab416e4a,song_597561d08928,2024-12-24,哔哩哔哩,BV1iJrkYsE4k,2024年12月24日直播,,https://www.bilibili.com/video/BV1iJrkYsE4k
performance_db0e346fb6ca,song_9a30f5996426,2026-07-05,哔哩哔哩,BV1eLTX6tE7J,2026年7月5日直播,,https://www.bilibili.com/video/BV1eLTX6tE7J/?p=16
performance_4b69745d09f1,song_9a30f5996426,2026-05-22,哔哩哔哩,BV1nBGL61Eim,2026年5月22日直播,,https://www.bilibili.com/video/BV1nBGL61Eim/?p=19
performance_ac76d11f5d6d,song_9a30f5996426,2024-11-17,哔哩哔哩,BV1sRUUY3EPK,2024年11月17日直播,,https://www.bilibili.com/video/BV1sRUUY3EPK
performance_49863f7946fd,song_6b10209d7c55,2026-07-05,哔哩哔哩,BV1eLTX6tE7J,2026年7月5日直播,,https://www.bilibili.com/video/BV1eLTX6tE7J/?p=17
performance_7955cbc4bd53,song_6b10209d7c55,2026-01-04,哔哩哔哩,BV1yWqKBDEBf,2026年1月4日直播,,https://www.bilibili.com/video/BV1yWqKBDEBf
performance_15f3ac1aa7e4,song_6b10209d7c55,2025-11-15,哔哩哔哩,BV1QTC3BbEZu,2025年11月15日直播,,https://www.bilibili.com/video/BV1QTC3BbEZu
performance_c12b39864f0f,song_1720911b72c2,2026-07-05,哔哩哔哩,BV1eLTX6tE7J,2026年7月5日直播,,https://www.bilibili.com/video/BV1eLTX6tE7J/?p=11
performance_85479d8e6acf,song_1720911b72c2,2026-05-14,哔哩哔哩,BV1PL5h6eE85,2026年5月14日直播,,https://www.bilibili.com/video/BV1PL5h6eE85/?p=4
performance_4d37f19f19b8,song_743f5a66b29c,2026-07-05,哔哩哔哩,BV1eLTX6tE7J,2026年7月5日直播,,https://www.bilibili.com/video/BV1eLTX6tE7J/?p=22
performance_b0811ec33613,song_793b9123f961,2026-07-04,哔哩哔哩,BV1TBMM6ZEfn,2026年7月4日直播,,https://www.bilibili.com/video/BV1TBMM6ZEfn/?p=3
performance_172e2dd5ddf0,song_793b9123f961,2026-04-10,哔哩哔哩,BV19XQYB2EUD,2026年4月10日直播,,https://www.bilibili.com/video/BV19XQYB2EUD/?p=10
performance_40f202224f90,song_793b9123f961,2026-02-08,哔哩哔哩,BV1Q7FXzDEGF,2026年2月8日直播,,https://www.bilibili.com/video/BV1Q7FXzDEGF
performance_839c0d80fd37,song_793b9123f961,2025-12-03,哔哩哔哩,BV1BESbBqEZY,2025年12月3日直播,,https://www.bilibili.com/video/BV1BESbBqEZY
performance_ad3ee43f715a,song_793b9123f961,2025-05-14,哔哩哔哩,BV1gCEvz1EhC,2025年5月14日直播,,https://www.bilibili.com/video/BV1gCEvz1EhC
performance_1a558a6940c6,song_793b9123f961,2025-02-07,哔哩哔哩,BV1giNPeYE2U,2025年2月7日直播,,https://www.bilibili.com/video/BV1giNPeYE2U
performance_e7f721ea4c59,song_793b9123f961,2024-12-29,哔哩哔哩,BV1EocFeZE96,2024年12月29日直播,,https://www.bilibili.com/video/BV1EocFeZE96
performance_0e81187107ca,song_793b9123f961,2024-12-24,哔哩哔哩,BV1qJrkYsEpa,2024年12月24日直播,,https://www.bilibili.com/video/BV1qJrkYsEpa
performance_400b1fccb7a7,song_793b9123f961,2024-11-21,哔哩哔哩,BV1ziidYpEDC,2024年11月21日直播,,https://www.bilibili.com/video/BV1ziidYpEDC
performance_fbc938a74b3e,song_c5a869ae105b,2026-07-04,哔哩哔哩,BV1TBMM6ZEfn,2026年7月4日直播,,https://www.bilibili.com/video/BV1TBMM6ZEfn/?p=1
performance_6b139c84b32c,song_c5a869ae105b,2026-03-26,哔哩哔哩,BV1Xe9WBREu3,2026年3月26日直播,,https://www.bilibili.com/video/BV1Xe9WBREu3
performance_5438da5a2e63,song_c5a869ae105b,2026-02-22,哔哩哔哩,BV1BbfiBLEgV,2026年2月22日直播,,https://www.bilibili.com/video/BV1BbfiBLEgV
performance_bb8322032195,song_c5a869ae105b,2026-02-01,哔哩哔哩,BV1qSfZB3EWy,2026年2月1日直播,,https://www.bilibili.com/video/BV1qSfZB3EWy
performance_9a5eaf5bd930,song_c5a869ae105b,2025-12-26,哔哩哔哩,BV1uRBdBqE5w,2025年12月26日直播,,https://www.bilibili.com/video/BV1uRBdBqE5w
performance_e8f4e80fdbc1,song_c5a869ae105b,2025-12-23,哔哩哔哩,BV1eGBNBPEB7,2025年12月23日直播,,https://www.bilibili.com/video/BV1eGBNBPEB7
performance_31c707f6a726,song_c5a869ae105b,2025-09-12,哔哩哔哩,BV1g9pFzdEu1,2025年9月12日直播,,https://www.bilibili.com/video/BV1g9pFzdEu1
performance_9d4812708f18,song_c5a869ae105b,2025-03-20,哔哩哔哩,BV1NiXHYVEoA,2025年3月20日直播,,https://www.bilibili.com/video/BV1NiXHYVEoA
performance_daa30481e79e,song_0670639ee059,2026-07-04,哔哩哔哩,BV1TBMM6ZEfn,2026年7月4日直播,,https://www.bilibili.com/video/BV1TBMM6ZEfn/?p=4
performance_40558fb8935d,song_0670639ee059,2026-04-03,哔哩哔哩,BV1hhDcBUEgA,2026年4月3日直播,,https://www.bilibili.com/video/BV1hhDcBUEgA/?p=3
performance_eed33f136dbe,song_0670639ee059,2025-12-26,哔哩哔哩,BV18uB9B8EFJ,2025年12月26日直播,,https://www.bilibili.com/video/BV18uB9B8EFJ
performance_e381bc98068d,song_6520147f0cde,2026-07-03,哔哩哔哩,BV1MKMA6LEyC,2026年7月3日直播,,https://www.bilibili.com/video/BV1MKMA6LEyC/?p=2
performance_1c6c030dcf69,song_6520147f0cde,2026-06-25,哔哩哔哩,BV1Ht7H6LEfF,2026年6月25日直播,,https://www.bilibili.com/video/BV1Ht7H6LEfF/?p=10
performance_70b88ef985a1,song_6520147f0cde,2026-03-20,哔哩哔哩,BV1NCA3zeEjS,2026年3月20日直播,,https://www.bilibili.com/video/BV1NCA3zeEjS
performance_087bcec77d99,song_6520147f0cde,2026-01-31,哔哩哔哩,BV1Tb6hBKE87,2026年1月31日直播,,https://www.bilibili.com/video/BV1Tb6hBKE87
performance_98ec70099068,song_6520147f0cde,2025-10-30,哔哩哔哩,BV1bZybBGEck,2025年10月30日直播,,https://www.bilibili.com/video/BV1bZybBGEck
performance_d7c0468367cf,song_6520147f0cde,2025-09-19,哔哩哔哩,BV1maWAzhEqF,2025年9月19日直播,,https://www.bilibili.com/video/BV1maWAzhEqF
performance_a9777a211cbb,song_6520147f0cde,2025-09-05,哔哩哔哩,BV1QZYVzdE8u,2025年9月5日直播,,https://www.bilibili.com/video/BV1QZYVzdE8u
performance_fba200eb8c52,song_6520147f0cde,2025-08-10,哔哩哔哩,BV1mPbJzpEnB,2025年8月10日直播,,https://www.bilibili.com/video/BV1mPbJzpEnB
performance_7cf7d23e77db,song_6520147f0cde,2025-08-01,哔哩哔哩,BV19LhWzEEHT,2025年8月1日直播,,https://www.bilibili.com/video/BV19LhWzEEHT
performance_aa6edc743cb9,song_6520147f0cde,2025-07-25,哔哩哔哩,BV1wi84zBE4j,2025年7月25日直播,,https://www.bilibili.com/video/BV1wi84zBE4j
performance_11c489382f43,song_6520147f0cde,2025-06-22,哔哩哔哩,BV13VNmzmEBn,2025年6月22日直播,,https://www.bilibili.com/video/BV13VNmzmEBn
performance_c7bda694f989,song_6520147f0cde,2025-05-23,哔哩哔哩,BV1rijJz7EU8,2025年5月23日直播,,https://www.bilibili.com/video/BV1rijJz7EU8
performance_40e1ea5160b2,song_6520147f0cde,2025-03-20,哔哩哔哩,BV1NqXHYkE5P,2025年3月20日直播,,https://www.bilibili.com/video/BV1NqXHYkE5P
performance_d27c088b25ee,song_6520147f0cde,2025-02-16,哔哩哔哩,BV1DZAmeJEBo,2025年2月16日直播,,https://www.bilibili.com/video/BV1DZAmeJEBo
performance_f4676ee6efd4,song_6520147f0cde,2025-02-07,哔哩哔哩,BV1cdNPeSELZ,2025年2月7日直播,,https://www.bilibili.com/video/BV1cdNPeSELZ
performance_8b2834d5e66d,song_6520147f0cde,2025-01-29,哔哩哔哩,BV1QnFkebEC9,2025年1月29日直播,,https://www.bilibili.com/video/BV1QnFkebEC9
performance_e82b92031644,song_6520147f0cde,2025-01-24,哔哩哔哩,BV19dfsYmEQP,2025年1月24日直播,,https://www.bilibili.com/video/BV19dfsYmEQP
performance_5aba988a8309,song_6520147f0cde,2024-12-24,哔哩哔哩,BV1iJrkYsEix,2024年12月24日直播,,https://www.bilibili.com/video/BV1iJrkYsEix
performance_14c10ce2fcf6,song_6520147f0cde,2024-12-15,哔哩哔哩,BV19Sk7YDE6a,2024年12月15日直播,,https://www.bilibili.com/video/BV19Sk7YDE6a
performance_756e76a4d145,song_6520147f0cde,2024-11-21,哔哩哔哩,BV1hRidYgE1m,2024年11月21日直播,,https://www.bilibili.com/video/BV1hRidYgE1m
performance_62ee99767a92,song_6f2e559c9e9f,2026-07-03,哔哩哔哩,BV1MKMA6LEyC,2026年7月3日直播,,https://www.bilibili.com/video/BV1MKMA6LEyC/?p=1
performance_6ea8ef937600,song_6f2e559c9e9f,2026-03-18,哔哩哔哩,BV1PnAHzFEZJ,2026年3月18日直播,,https://www.bilibili.com/video/BV1PnAHzFEZJ
performance_c89f4a3571e9,song_6f2e559c9e9f,2026-02-10,哔哩哔哩,BV1pnFdzjEk6,2026年2月10日直播,,https://www.bilibili.com/video/BV1pnFdzjEk6
performance_c2ef542d2d89,song_6f2e559c9e9f,2025-12-20,哔哩哔哩,BV1qkq6BiEKs,2025年12月20日直播,,https://www.bilibili.com/video/BV1qkq6BiEKs
performance_b5b46652c5e9,song_6f2e559c9e9f,2025-12-13,哔哩哔哩,BV1dPmSBSEFF,2025年12月13日直播,,https://www.bilibili.com/video/BV1dPmSBSEFF
performance_efca05bf2d49,song_6f2e559c9e9f,2025-11-22,哔哩哔哩,BV1wPUEBVEVt,2025年11月22日直播,,https://www.bilibili.com/video/BV1wPUEBVEVt
performance_5f669b059226,song_6f2e559c9e9f,2025-08-01,哔哩哔哩,BV1xuhpzeEFp,2025年8月1日直播,,https://www.bilibili.com/video/BV1xuhpzeEFp
performance_d067fd85528a,song_6f2e559c9e9f,2025-05-23,哔哩哔哩,BV16ijJz7EDq,2025年5月23日直播,,https://www.bilibili.com/video/BV16ijJz7EDq
performance_6c999f39885c,song_6f2e559c9e9f,2025-03-28,哔哩哔哩,BV1r6ZzYwEHm,2025年3月28日直播,,https://www.bilibili.com/video/BV1r6ZzYwEHm
performance_90f262aab2c1,song_6f2e559c9e9f,2025-03-06,哔哩哔哩,BV1JARaYYEAF,2025年3月6日直播,,https://www.bilibili.com/video/BV1JARaYYEAF
performance_bb1149dc8e24,song_324ddb68ca56,2026-07-02,哔哩哔哩,BV1dUMw6dEQ1,2026年7月2日直播,,https://www.bilibili.com/video/BV1dUMw6dEQ1/?p=5
performance_98c6c0d7964e,song_324ddb68ca56,2026-04-05,哔哩哔哩,BV1tZDFB3EAL,2026年4月5日直播,,https://www.bilibili.com/video/BV1tZDFB3EAL/?p=4
performance_17292f46bcaf,song_324ddb68ca56,2026-02-17,哔哩哔哩,BV1jDZQBpEU7,2026年2月17日直播,,https://www.bilibili.com/video/BV1jDZQBpEU7
performance_cfe302e92e14,song_324ddb68ca56,2026-02-10,哔哩哔哩,BV1ynFdzjEwy,2026年2月10日直播,,https://www.bilibili.com/video/BV1ynFdzjEwy
performance_378850c66563,song_324ddb68ca56,2026-01-29,哔哩哔哩,BV1uf6BBZEav,2026年1月29日直播,,https://www.bilibili.com/video/BV1uf6BBZEav
performance_81aa4ce9585c,song_324ddb68ca56,2026-01-15,哔哩哔哩,BV1GpkwBeEZk,2026年1月15日直播,,https://www.bilibili.com/video/BV1GpkwBeEZk
performance_a33fca4317be,song_324ddb68ca56,2026-01-11,哔哩哔哩,BV11trvBLE6N,2026年1月11日直播,,https://www.bilibili.com/video/BV11trvBLE6N
performance_9e54f54e0df9,song_324ddb68ca56,2026-01-06,哔哩哔哩,BV1mPquBwEdn,2026年1月6日直播,,https://www.bilibili.com/video/BV1mPquBwEdn
performance_096ea6c65dd0,song_324ddb68ca56,2025-12-17,哔哩哔哩,BV1buqVB5EKC,2025年12月17日直播,,https://www.bilibili.com/video/BV1buqVB5EKC
performance_0e7a99f0a0b6,song_324ddb68ca56,2025-12-03,哔哩哔哩,BV17nSbBKEQ6,2025年12月3日直播,,https://www.bilibili.com/video/BV17nSbBKEQ6
performance_b9d09ab56ca7,song_324ddb68ca56,2025-12-02,哔哩哔哩,BV1kzSpBZEQE,2025年12月2日直播,,https://www.bilibili.com/video/BV1kzSpBZEQE
performance_14134ee94000,song_324ddb68ca56,2025-05-25,哔哩哔哩,BV1fkjgzHERe,2025年5月25日直播,,https://www.bilibili.com/video/BV1fkjgzHERe
performance_8d0040ec58f8,song_e805014aa5cc,2026-07-02,哔哩哔哩,BV1dUMw6dEQ1,2026年7月2日直播,,https://www.bilibili.com/video/BV1dUMw6dEQ1/?p=4
performance_a28cd94ba4f0,song_e805014aa5cc,2026-06-10,哔哩哔哩,BV1GHEi6zE5H,2026年6月10日直播,,https://www.bilibili.com/video/BV1GHEi6zE5H/?p=1
performance_b6fab018493c,song_e805014aa5cc,2026-04-15,哔哩哔哩,BV1HBdqB7EPP,2026年4月15日直播,,https://www.bilibili.com/video/BV1HBdqB7EPP/?p=2
performance_a97eb675a673,song_e805014aa5cc,2026-03-25,哔哩哔哩,BV1mC9WBUEQP,2026年3月25日直播,,https://www.bilibili.com/video/BV1mC9WBUEQP
performance_af263777d833,song_e805014aa5cc,2026-03-18,哔哩哔哩,BV1b3AHzKECs,2026年3月18日直播,,https://www.bilibili.com/video/BV1b3AHzKECs
performance_1e351ba60c3a,song_e805014aa5cc,2026-03-01,哔哩哔哩,BV1zdPJznEXr,2026年3月1日直播,,https://www.bilibili.com/video/BV1zdPJznEXr
performance_06cbca791c86,song_e805014aa5cc,2026-02-26,哔哩哔哩,BV1jQADzhELc,2026年2月26日直播,,https://www.bilibili.com/video/BV1jQADzhELc
performance_0f873b1cc494,song_e805014aa5cc,2026-01-08,哔哩哔哩,BV12fiXBJEHq,2026年1月8日直播,,https://www.bilibili.com/video/BV12fiXBJEHq
performance_f79518f8577f,song_e805014aa5cc,2025-11-15,哔哩哔哩,BV1RAC3BwEjx,2025年11月15日直播,,https://www.bilibili.com/video/BV1RAC3BwEjx
performance_d7f8324e2912,song_e805014aa5cc,2025-11-07,哔哩哔哩,BV1w32gBUEYu,2025年11月7日直播,,https://www.bilibili.com/video/BV1w32gBUEYu
performance_813809a6a12a,song_e805014aa5cc,2025-02-21,哔哩哔哩,BV1QZAmeJEFP,2025年2月21日直播,,https://www.bilibili.com/video/BV1QZAmeJEFP
performance_8d260d51c5fc,song_e805014aa5cc,2024-12-20,哔哩哔哩,BV1qRkvY3E2G,2024年12月20日直播,,https://www.bilibili.com/video/BV1qRkvY3E2G
performance_26e87262e7f9,song_bcae4d9abfa3,2026-07-02,哔哩哔哩,BV1dUMw6dEQ1,2026年7月2日直播,,https://www.bilibili.com/video/BV1dUMw6dEQ1/?p=7
performance_21d8bd812dc8,song_bcae4d9abfa3,2025-12-10,哔哩哔哩,BV1QBm8BREFP,2025年12月10日直播,,https://www.bilibili.com/video/BV1QBm8BREFP
performance_2a250c3c9129,song_bcae4d9abfa3,2025-11-08,哔哩哔哩,BV1UR1yBpEcW,2025年11月8日直播,,https://www.bilibili.com/video/BV1UR1yBpEcW
performance_fe380abf7551,song_bcae4d9abfa3,2025-09-21,哔哩哔哩,BV1cinczgEo7,2025年9月21日直播,,https://www.bilibili.com/video/BV1cinczgEo7
performance_6ab067817e0c,song_bcae4d9abfa3,2025-08-10,哔哩哔哩,BV12PbJzpEJh,2025年8月10日直播,,https://www.bilibili.com/video/BV12PbJzpEJh
performance_82ea3abcaf66,song_bcae4d9abfa3,2025-05-23,哔哩哔哩,BV16qjJz2ENi,2025年5月23日直播,,https://www.bilibili.com/video/BV16qjJz2ENi
performance_3fbbdb425baa,song_bcae4d9abfa3,2025-05-11,哔哩哔哩,BV1zsEvzZEkS,2025年5月11日直播,,https://www.bilibili.com/video/BV1zsEvzZEkS
performance_603378eaa836,song_bcae4d9abfa3,2025-03-20,哔哩哔哩,BV1PzXHY3ED4,2025年3月20日直播,,https://www.bilibili.com/video/BV1PzXHY3ED4
performance_b4522359c838,song_bcae4d9abfa3,2025-01-29,哔哩哔哩,BV1DWFke4EAe,2025年1月29日直播,,https://www.bilibili.com/video/BV1DWFke4EAe
performance_db96373ee981,song_bcae4d9abfa3,2024-11-15,哔哩哔哩,BV13RUpYLEDq,2024年11月15日直播,,https://www.bilibili.com/video/BV13RUpYLEDq
performance_3a28bebb1d85,song_5b2cba007378,2026-07-02,哔哩哔哩,BV1dUMw6dEQ1,2026年7月2日直播,,https://www.bilibili.com/video/BV1dUMw6dEQ1/?p=3
performance_13762e84fb74,song_5b2cba007378,2026-06-24,哔哩哔哩,BV1gg7H6oEwZ,2026年6月24日直播,,https://www.bilibili.com/video/BV1gg7H6oEwZ/?p=3
performance_19ed9f3b0890,song_5b2cba007378,2026-04-17,哔哩哔哩,BV1XTdHBpEpK,2026年4月17日直播,,https://www.bilibili.com/video/BV1XTdHBpEpK/?p=7
performance_ef06072a1005,song_5b2cba007378,2026-01-31,哔哩哔哩,BV1U46hBiEjn,2026年1月31日直播,,https://www.bilibili.com/video/BV1U46hBiEjn
performance_bb360e6320d0,song_5b2cba007378,2025-12-19,哔哩哔哩,BV1kSqDBrEhH,2025年12月19日直播,,https://www.bilibili.com/video/BV1kSqDBrEhH
performance_68e5293b0bec,song_5b2cba007378,2025-10-31,哔哩哔哩,BV159yYBhET5,2025年10月31日直播,,https://www.bilibili.com/video/BV159yYBhET5
performance_87985f34e336,song_5b2cba007378,2025-08-10,哔哩哔哩,BV1mPbJzpE5N,2025年8月10日直播,,https://www.bilibili.com/video/BV1mPbJzpE5N
performance_1243ca921362,song_5b2cba007378,2024-11-21,哔哩哔哩,BV1aXidYrEkE,2024年11月21日直播,,https://www.bilibili.com/video/BV1aXidYrEkE
performance_81aeb93a9e77,song_4c70b2a165d1,2026-07-02,哔哩哔哩,BV1dUMw6dEQ1,2026年7月2日直播,,https://www.bilibili.com/video/BV1dUMw6dEQ1/?p=1
performance_10fa6387cfa3,song_4c70b2a165d1,2026-05-21,哔哩哔哩,BV1nkLi65Ew4,2026年5月21日直播,,https://www.bilibili.com/video/BV1nkLi65Ew4/?p=1
performance_ae21b0141717,song_4c70b2a165d1,2026-01-21,哔哩哔哩,BV1U5zTBeE2R,2026年1月21日直播,,https://www.bilibili.com/video/BV1U5zTBeE2R
performance_9a5788f89a83,song_4c70b2a165d1,2025-12-26,哔哩哔哩,BV1hNB9BAEoq,2025年12月26日直播,,https://www.bilibili.com/video/BV1hNB9BAEoq
performance_d47bbc775561,song_4c70b2a165d1,2025-12-13,哔哩哔哩,BV1sxmSBvEdq,2025年12月13日直播,,https://www.bilibili.com/video/BV1sxmSBvEdq
performance_6f47293239ac,song_4c70b2a165d1,2024-12-23,哔哩哔哩,BV1fHkXYoExN,2024年12月23日直播,,https://www.bilibili.com/video/BV1fHkXYoExN
performance_df48bbabb42d,song_6d99c1944beb,2026-07-02,哔哩哔哩,BV1dUMw6dEQ1,2026年7月2日直播,,https://www.bilibili.com/video/BV1dUMw6dEQ1/?p=2
performance_d6746a7bb795,song_6d99c1944beb,2026-04-12,哔哩哔哩,BV1z6QYBRE6E,2026年4月12日直播,,https://www.bilibili.com/video/BV1z6QYBRE6E/?p=10
performance_51a83321f92c,song_6d99c1944beb,2026-01-16,哔哩哔哩,BV1EBr9BHEK6,2026年1月16日直播,,https://www.bilibili.com/video/BV1EBr9BHEK6
performance_63661da4369c,song_6d99c1944beb,2025-07-28,哔哩哔哩,BV1ki8BzTE2P,2025年7月28日直播,,https://www.bilibili.com/video/BV1ki8BzTE2P
performance_6ac94946d290,song_6d99c1944beb,2025-05-23,哔哩哔哩,BV1zzjJzLEDH,2025年5月23日直播,,https://www.bilibili.com/video/BV1zzjJzLEDH
performance_bf7f42e4ad21,song_6d99c1944beb,2024-11-14,哔哩哔哩,BV1zaU8YVETY,2024年11月14日直播,,https://www.bilibili.com/video/BV1zaU8YVETY
performance_d8610a66eeee,song_aa8c7802ad8f,2026-07-02,哔哩哔哩,BV1dUMw6dEQ1,2026年7月2日直播,,https://www.bilibili.com/video/BV1dUMw6dEQ1/?p=6
performance_e2ab0183ea21,song_aa8c7802ad8f,2026-05-01,哔哩哔哩,BV1zMRcBMEei,2026年5月1日直播,,https://www.bilibili.com/video/BV1zMRcBMEei/?p=12
performance_e27a05c8a2a3,song_aa8c7802ad8f,2025-12-02,哔哩哔哩,BV1kzSpBZEEa,2025年12月2日直播,,https://www.bilibili.com/video/BV1kzSpBZEEa
performance_267a8e49e848,song_aa8c7802ad8f,2024-11-15,哔哩哔哩,BV1jCUpYXEQe,2024年11月15日直播,,https://www.bilibili.com/video/BV1jCUpYXEQe
performance_b1394cbcfdb1,song_74a2860ff378,2026-06-30,哔哩哔哩,BV1jHTi6JE5U,2026年6月30日直播,,https://www.bilibili.com/video/BV1jHTi6JE5U/?p=15
performance_ce3bb5ffe018,song_74a2860ff378,2026-05-14,哔哩哔哩,BV1PL5h6eE85,2026年5月14日直播,,https://www.bilibili.com/video/BV1PL5h6eE85/?p=3
performance_d59f1d4c7755,song_74a2860ff378,2026-03-01,哔哩哔哩,BV169PJzQEyv,2026年3月1日直播,,https://www.bilibili.com/video/BV169PJzQEyv
performance_3fdb411f516b,song_74a2860ff378,2026-02-11,哔哩哔哩,BV1Atc3zoEHn,2026年2月11日直播,,https://www.bilibili.com/video/BV1Atc3zoEHn
performance_a52d415f285a,song_74a2860ff378,2026-01-09,哔哩哔哩,BV1116UB7EJK,2026年1月9日直播,,https://www.bilibili.com/video/BV1116UB7EJK
performance_96056e0db673,song_74a2860ff378,2025-12-12,哔哩哔哩,BV1B8m3BEEtm,2025年12月12日直播,,https://www.bilibili.com/video/BV1B8m3BEEtm
performance_30ca11241494,song_74a2860ff378,2025-12-03,哔哩哔哩,BV1fLSbBBEQY,2025年12月3日直播,,https://www.bilibili.com/video/BV1fLSbBBEQY
performance_e2dc9ab1a320,song_74a2860ff378,2025-11-29,哔哩哔哩,BV1SnSnBAEkc,2025年11月29日直播,,https://www.bilibili.com/video/BV1SnSnBAEkc
performance_3f611ce5742a,song_74a2860ff378,2025-11-08,哔哩哔哩,BV1SY11B4EeJ,2025年11月8日直播,,https://www.bilibili.com/video/BV1SY11B4EeJ
performance_02adaf08a6b3,song_74a2860ff378,2025-11-03,哔哩哔哩,BV1ry1aBrErH,2025年11月3日直播,,https://www.bilibili.com/video/BV1ry1aBrErH
performance_a0a05625c4f7,song_74a2860ff378,2025-02-16,哔哩哔哩,BV1DZAmeJEeJ,2025年2月16日直播,,https://www.bilibili.com/video/BV1DZAmeJEeJ
performance_34d882ebde4b,song_74a2860ff378,2024-12-24,哔哩哔哩,BV1qJrkYsEi4,2024年12月24日直播,,https://www.bilibili.com/video/BV1qJrkYsEi4
performance_a146e92482ef,song_74a2860ff378,2024-11-20,哔哩哔哩,BV1ocidYjEYj,2024年11月20日直播,,https://www.bilibili.com/video/BV1ocidYjEYj
performance_f2e853cd73cc,song_b6b31538c344,2026-06-30,哔哩哔哩,BV1jHTi6JE5U,2026年6月30日直播,,https://www.bilibili.com/video/BV1jHTi6JE5U/?p=9
performance_fc24901c85a5,song_b6b31538c344,2026-05-13,哔哩哔哩,BV1NU5S69EPy,2026年5月13日直播,,https://www.bilibili.com/video/BV1NU5S69EPy/?p=1
performance_8e0400a0048a,song_b6b31538c344,2026-03-18,哔哩哔哩,BV1guAHzqE5j,2026年3月18日直播,,https://www.bilibili.com/video/BV1guAHzqE5j
performance_588afb9dd598,song_b6b31538c344,2026-03-03,哔哩哔哩,BV1T2PyzeEmg,2026年3月3日直播,,https://www.bilibili.com/video/BV1T2PyzeEmg
performance_215205e64be2,song_b6b31538c344,2026-02-08,哔哩哔哩,BV1D7FXzDEZK,2026年2月8日直播,,https://www.bilibili.com/video/BV1D7FXzDEZK
performance_f9b4aead9fae,song_b6b31538c344,2026-01-30,哔哩哔哩,BV1wt61BAEgu,2026年1月30日直播,,https://www.bilibili.com/video/BV1wt61BAEgu
performance_4164ec4742dd,song_b6b31538c344,2026-01-02,哔哩哔哩,BV13BiqBUEBV,2026年1月2日直播,,https://www.bilibili.com/video/BV13BiqBUEBV
performance_8fb6fba5e859,song_b6b31538c344,2025-12-31,哔哩哔哩,BV1KmiAByEDS,2025年12月31日直播,,https://www.bilibili.com/video/BV1KmiAByEDS
performance_4694b6649163,song_b6b31538c344,2025-12-07,哔哩哔哩,BV1CNmABYE3K,2025年12月7日直播,,https://www.bilibili.com/video/BV1CNmABYE3K
performance_b867ab80398d,song_b6b31538c344,2025-11-19,哔哩哔哩,BV1CEyVBXEFt,2025年11月19日直播,,https://www.bilibili.com/video/BV1CEyVBXEFt
performance_17d6d6915721,song_b6b31538c344,2025-09-05,哔哩哔哩,BV13ZYVzoEWb,2025年9月5日直播,,https://www.bilibili.com/video/BV13ZYVzoEWb
performance_e0ad89c7892c,song_b6b31538c344,2025-08-21,哔哩哔哩,BV1whe4z2EVf,2025年8月21日直播,,https://www.bilibili.com/video/BV1whe4z2EVf
performance_bd9eaecc154b,song_b6b31538c344,2025-05-18,哔哩哔哩,BV1hNJ3z7EXY,2025年5月18日直播,,https://www.bilibili.com/video/BV1hNJ3z7EXY
performance_d236afe7016c,song_2ded728ebf87,2026-06-30,哔哩哔哩,BV1jHTi6JE5U,2026年6月30日直播,,https://www.bilibili.com/video/BV1jHTi6JE5U/?p=10
performance_c0b543d713b1,song_2ded728ebf87,2026-05-20,哔哩哔哩,BV1GFGE6uEri,2026年5月20日直播,,https://www.bilibili.com/video/BV1GFGE6uEri/?p=2
performance_5ca525614f8d,song_2ded728ebf87,2026-03-15,哔哩哔哩,BV1GSAGzEEzD,2026年3月15日直播,,https://www.bilibili.com/video/BV1GSAGzEEzD
performance_71f0f8eb50a4,song_2ded728ebf87,2026-02-11,哔哩哔哩,BV1P4c3ztEDG,2026年2月11日直播,,https://www.bilibili.com/video/BV1P4c3ztEDG
performance_654a166a0cfb,song_2ded728ebf87,2026-01-30,哔哩哔哩,BV1ct61BAEUJ,2026年1月30日直播,,https://www.bilibili.com/video/BV1ct61BAEUJ
performance_05e21f527237,song_2ded728ebf87,2025-10-23,哔哩哔哩,BV1XksYzFEHt,2025年10月23日直播,,https://www.bilibili.com/video/BV1XksYzFEHt
performance_cc418a78a7d7,song_2ded728ebf87,2025-09-05,哔哩哔哩,BV1QZYVzdEWH,2025年9月5日直播,,https://www.bilibili.com/video/BV1QZYVzdEWH
performance_304f715f81e1,song_2ded728ebf87,2025-05-25,哔哩哔哩,BV1dSjgz2EKe,2025年5月25日直播,,https://www.bilibili.com/video/BV1dSjgz2EKe
performance_c0dbf4206384,song_2ded728ebf87,2024-12-17,哔哩哔哩,BV15ykBY1EDY,2024年12月17日直播,,https://www.bilibili.com/video/BV15ykBY1EDY
performance_54e200758824,song_2ded728ebf87,2024-11-17,哔哩哔哩,BV1xXUUYkEnU,2024年11月17日直播,,https://www.bilibili.com/video/BV1xXUUYkEnU
performance_a0736b907be3,song_5cd5b57a627d,2026-06-30,哔哩哔哩,BV1jHTi6JE5U,2026年6月30日直播,,https://www.bilibili.com/video/BV1jHTi6JE5U/?p=2
performance_4d79c00ae8c2,song_5cd5b57a627d,2026-05-10,哔哩哔哩,BV1aK5W64Ega,2026年5月10日直播,,https://www.bilibili.com/video/BV1aK5W64Ega/?p=7
performance_aa3c14edf32b,song_5cd5b57a627d,2026-03-22,哔哩哔哩,BV1SWXEBPEPS,2026年3月22日直播,,https://www.bilibili.com/video/BV1SWXEBPEPS
performance_020b3196e413,song_5cd5b57a627d,2026-02-18,哔哩哔哩,BV1qqZeBMEoi,2026年2月18日直播,,https://www.bilibili.com/video/BV1qqZeBMEoi
performance_7ef56247b17f,song_5cd5b57a627d,2026-01-23,哔哩哔哩,BV1GnzmBQE5C,2026年1月23日直播,,https://www.bilibili.com/video/BV1GnzmBQE5C
performance_1c587961de93,song_5cd5b57a627d,2025-09-19,哔哩哔哩,BV12eWAzFEHG,2025年9月19日直播,,https://www.bilibili.com/video/BV12eWAzFEHG
performance_c9b07317ea45,song_5cd5b57a627d,2025-03-14,哔哩哔哩,BV19bXqYAEE2,2025年3月14日直播,,https://www.bilibili.com/video/BV19bXqYAEE2
performance_ece7c2750f88,song_5cd5b57a627d,2024-11-09,哔哩哔哩,BV1dQDzYMEpk,2024年11月9日直播,,https://www.bilibili.com/video/BV1dQDzYMEpk
performance_e519f791eade,song_88c61ffe702a,2026-06-30,哔哩哔哩,BV1jHTi6JE5U,2026年6月30日直播,,https://www.bilibili.com/video/BV1jHTi6JE5U/?p=14
performance_cfc976c77e24,song_88c61ffe702a,2026-05-22,哔哩哔哩,BV1nBGL61Eim,2026年5月22日直播,,https://www.bilibili.com/video/BV1nBGL61Eim/?p=7
performance_c2419ff407fe,song_88c61ffe702a,2026-05-01,哔哩哔哩,BV1zMRcBMEei,2026年5月1日直播,,https://www.bilibili.com/video/BV1zMRcBMEei/?p=5
performance_bb3942d04ef6,song_88c61ffe702a,2026-02-25,哔哩哔哩,BV17UADzYEQS,2026年2月25日直播,,https://www.bilibili.com/video/BV17UADzYEQS
performance_1f8327013664,song_88c61ffe702a,2025-12-29,哔哩哔哩,BV1QCvyBeE2P,2025年12月29日直播,,https://www.bilibili.com/video/BV1QCvyBeE2P
performance_2d2b8ae9f974,song_88c61ffe702a,2025-11-24,哔哩哔哩,BV1VxUuBTEtd,2025年11月24日直播,,https://www.bilibili.com/video/BV1VxUuBTEtd
performance_a084a805950a,song_88c61ffe702a,2025-05-25,哔哩哔哩,BV1fkjgzHEQ7,2025年5月25日直播,,https://www.bilibili.com/video/BV1fkjgzHEQ7
performance_ca24d66bf8bb,song_88c61ffe702a,2025-01-24,哔哩哔哩,BV1XffsY1Ewo,2025年1月24日直播,,https://www.bilibili.com/video/BV1XffsY1Ewo
performance_f438531c973d,song_dfbcd84af6df,2026-06-30,哔哩哔哩,BV1jHTi6JE5U,2026年6月30日直播,,https://www.bilibili.com/video/BV1jHTi6JE5U/?p=8
performance_116b563f52fe,song_dfbcd84af6df,2026-05-15,哔哩哔哩,BV1wB5r6bEDW,2026年5月15日直播,,https://www.bilibili.com/video/BV1wB5r6bEDW/?p=4
performance_2e1cfdce50ab,song_dfbcd84af6df,2026-04-03,哔哩哔哩,BV1hhDcBUEgA,2026年4月3日直播,,https://www.bilibili.com/video/BV1hhDcBUEgA/?p=2
performance_3297baa1a88f,song_dfbcd84af6df,2026-04-01,哔哩哔哩,BV1RD9wBeEiJ,2026年4月1日直播,,https://www.bilibili.com/video/BV1RD9wBeEiJ
performance_05128422c980,song_dfbcd84af6df,2026-03-25,哔哩哔哩,BV13z9WBpEPR,2026年3月25日直播,,https://www.bilibili.com/video/BV13z9WBpEPR
performance_defb28c4f71e,song_dfbcd84af6df,2026-03-13,哔哩哔哩,BV1ADw8zmEsA,2026年3月13日直播,,https://www.bilibili.com/video/BV1ADw8zmEsA
performance_2d345714c9f0,song_cff20db60e72,2026-06-30,哔哩哔哩,BV1jHTi6JE5U,2026年6月30日直播,,https://www.bilibili.com/video/BV1jHTi6JE5U/?p=5
performance_e1589d827790,song_cff20db60e72,2026-05-22,哔哩哔哩,BV1nBGL61Eim,2026年5月22日直播,,https://www.bilibili.com/video/BV1nBGL61Eim/?p=14
performance_1fd3da5a5988,song_cff20db60e72,2026-02-18,哔哩哔哩,BV16bZeBCECM,2026年2月18日直播,,https://www.bilibili.com/video/BV16bZeBCECM
performance_d61f93aeb825,song_cff20db60e72,2025-12-17,哔哩哔哩,BV1WEqVBMEXw,2025年12月17日直播,,https://www.bilibili.com/video/BV1WEqVBMEXw
performance_cf5672e61ff7,song_cff20db60e72,2025-09-21,哔哩哔哩,BV1kenczrEF6,2025年9月21日直播,,https://www.bilibili.com/video/BV1kenczrEF6
performance_00650cf41e80,song_85481d1cd5f4,2026-06-30,哔哩哔哩,BV1jHTi6JE5U,2026年6月30日直播,,https://www.bilibili.com/video/BV1jHTi6JE5U/?p=6
performance_20237e11d31a,song_85481d1cd5f4,2026-04-17,哔哩哔哩,BV1XTdHBpEpK,2026年4月17日直播,,https://www.bilibili.com/video/BV1XTdHBpEpK/?p=4
performance_087971d2f2ec,song_85481d1cd5f4,2026-02-14,哔哩哔哩,BV18rZtB3E1w,2026年2月14日直播,,https://www.bilibili.com/video/BV18rZtB3E1w
performance_70e9dd092c00,song_85481d1cd5f4,2025-11-21,哔哩哔哩,BV1w8yKBAEwa,2025年11月21日直播,,https://www.bilibili.com/video/BV1w8yKBAEwa
performance_6a0ff98c9289,song_85481d1cd5f4,2024-11-21,哔哩哔哩,BV1GQidYVEBk,2024年11月21日直播,,https://www.bilibili.com/video/BV1GQidYVEBk
performance_3f739ee0b579,song_45d7e325b06e,2026-06-30,哔哩哔哩,BV1jHTi6JE5U,2026年6月30日直播,,https://www.bilibili.com/video/BV1jHTi6JE5U/?p=12
performance_5fe8c79f294e,song_45d7e325b06e,2026-05-20,哔哩哔哩,BV1GFGE6uEri,2026年5月20日直播,,https://www.bilibili.com/video/BV1GFGE6uEri/?p=5
performance_a827e4079cc7,song_45d7e325b06e,2026-05-16,哔哩哔哩,BV1L1LF6iEYF,2026年5月16日直播,,https://www.bilibili.com/video/BV1L1LF6iEYF/?p=4
performance_aa5aa13fe6ce,song_45d7e325b06e,2026-05-13,哔哩哔哩,BV1NU5S69EPy,2026年5月13日直播,,https://www.bilibili.com/video/BV1NU5S69EPy/?p=5
performance_3cfb134a9967,song_d42b93ac882e,2026-06-30,哔哩哔哩,BV1jHTi6JE5U,2026年6月30日直播,,https://www.bilibili.com/video/BV1jHTi6JE5U/?p=1
performance_8def0892ae6a,song_d42b93ac882e,2026-01-08,哔哩哔哩,BV11yidB4EY5,2026年1月8日直播,,https://www.bilibili.com/video/BV11yidB4EY5
performance_1a9b32c61325,song_d42b93ac882e,2025-12-07,哔哩哔哩,BV1a829BsEXG,2025年12月7日直播,,https://www.bilibili.com/video/BV1a829BsEXG
performance_cb1ecddd1599,song_d42b93ac882e,2025-01-29,哔哩哔哩,BV1SsFkedEGH,2025年1月29日直播,,https://www.bilibili.com/video/BV1SsFkedEGH
performance_4148b238d5a6,song_fd3021eecd08,2026-06-30,哔哩哔哩,BV1jHTi6JE5U,2026年6月30日直播,,https://www.bilibili.com/video/BV1jHTi6JE5U/?p=11
performance_eaa4c7c10cdf,song_fd3021eecd08,2026-05-22,哔哩哔哩,BV1nBGL61Eim,2026年5月22日直播,,https://www.bilibili.com/video/BV1nBGL61Eim/?p=13
performance_f6f551656695,song_fd3021eecd08,2026-04-10,哔哩哔哩,BV19XQYB2EUD,2026年4月10日直播,,https://www.bilibili.com/video/BV19XQYB2EUD/?p=5
performance_5e906e1cd6de,song_4df5c00ddc4f,2026-06-30,哔哩哔哩,BV1jHTi6JE5U,2026年6月30日直播,,https://www.bilibili.com/video/BV1jHTi6JE5U/?p=3
performance_09f95dee284b,song_4df5c00ddc4f,2026-01-23,哔哩哔哩,BV1T8zmB1Eo5,2026年1月23日直播,,https://www.bilibili.com/video/BV1T8zmB1Eo5
performance_c995d3bd1062,song_4df5c00ddc4f,2025-12-29,哔哩哔哩,BV1u5vxBkECm,2025年12月29日直播,,https://www.bilibili.com/video/BV1u5vxBkECm
performance_8df86dce2f61,song_87046f020bbd,2026-06-30,哔哩哔哩,BV1jHTi6JE5U,2026年6月30日直播,,https://www.bilibili.com/video/BV1jHTi6JE5U/?p=7
performance_b31cb10bddcd,song_87046f020bbd,2026-03-20,哔哩哔哩,BV1K6A3ziEpy,2026年3月20日直播,,https://www.bilibili.com/video/BV1K6A3ziEpy
performance_f433300d1093,song_87046f020bbd,2025-05-23,哔哩哔哩,BV1kejJzUEc6,2025年5月23日直播,,https://www.bilibili.com/video/BV1kejJzUEc6
performance_33b2a8d09398,song_f7e36dcb94b4,2026-06-30,哔哩哔哩,BV1jHTi6JE5U,2026年6月30日直播,,https://www.bilibili.com/video/BV1jHTi6JE5U/?p=13
performance_4246085bf3f3,song_f7e36dcb94b4,2026-02-24,哔哩哔哩,BV1yiArzSEyg,2026年2月24日直播,,https://www.bilibili.com/video/BV1yiArzSEyg
performance_841d9577bcf1,song_4f2d19c30bd9,2026-06-27,哔哩哔哩,BV1F8KS6tEZF,2026年6月27日直播,,https://www.bilibili.com/video/BV1F8KS6tEZF/?p=4
performance_e4a274c4cbf6,song_4f2d19c30bd9,2026-06-13,哔哩哔哩,BV1UNJT6DEEk,2026年6月13日直播,,https://www.bilibili.com/video/BV1UNJT6DEEk/?p=15
performance_d38818b5cc91,song_4f2d19c30bd9,2026-03-15,哔哩哔哩,BV1VSAGzEEKN,2026年3月15日直播,,https://www.bilibili.com/video/BV1VSAGzEEKN
performance_e549ec4ca267,song_4f2d19c30bd9,2026-02-27,哔哩哔哩,BV1vUPuzLEjx,2026年2月27日直播,,https://www.bilibili.com/video/BV1vUPuzLEjx
performance_5340d4430e98,song_4f2d19c30bd9,2026-02-22,哔哩哔哩,BV1vYfiBkEf5,2026年2月22日直播,,https://www.bilibili.com/video/BV1vYfiBkEf5
performance_245fa1dfe57a,song_4f2d19c30bd9,2026-02-03,哔哩哔哩,BV1wJffBDEA2,2026年2月3日直播,,https://www.bilibili.com/video/BV1wJffBDEA2
performance_32a316dc39f5,song_4f2d19c30bd9,2025-11-16,哔哩哔哩,BV1H5C2BrE5D,2025年11月16日直播,,https://www.bilibili.com/video/BV1H5C2BrE5D
performance_8f40f6cdef5b,song_4f2d19c30bd9,2025-02-21,哔哩哔哩,BV1DZAmeJEq3,2025年2月21日直播,,https://www.bilibili.com/video/BV1DZAmeJEq3
performance_574028a7625a,song_4f2d19c30bd9,2024-12-24,哔哩哔哩,BV1dJrkYsEos,2024年12月24日直播,,https://www.bilibili.com/video/BV1dJrkYsEos
performance_b37408ee1e48,song_4f2d19c30bd9,2024-12-03,哔哩哔哩,BV1tZi9Y8EGY,2024年12月3日直播,,https://www.bilibili.com/video/BV1tZi9Y8EGY
performance_aaf6b8b8071e,song_4f2d19c30bd9,2024-11-13,哔哩哔哩,BV1c4U8YmEDn,2024年11月13日直播,,https://www.bilibili.com/video/BV1c4U8YmEDn
performance_1adeef185bfc,song_4f2d19c30bd9,2024-11-09,哔哩哔哩,BV1G5DqYoEdW,2024年11月9日直播,,https://www.bilibili.com/video/BV1G5DqYoEdW
performance_86326bc55d6a,song_8703afd98ee5,2026-06-27,哔哩哔哩,BV1F8KS6tEZF,2026年6月27日直播,,https://www.bilibili.com/video/BV1F8KS6tEZF/?p=3
performance_befdc6ecdc85,song_8703afd98ee5,2026-01-15,哔哩哔哩,BV1NzkwBXE7A,2026年1月15日直播,,https://www.bilibili.com/video/BV1NzkwBXE7A
performance_00e2f7bda3f9,song_8703afd98ee5,2026-01-04,哔哩哔哩,BV1bcquBPEpD,2026年1月4日直播,,https://www.bilibili.com/video/BV1bcquBPEpD
performance_8dd81095993c,song_8703afd98ee5,2025-12-23,哔哩哔哩,BV1eVBNBYENA,2025年12月23日直播,,https://www.bilibili.com/video/BV1eVBNBYENA
performance_a5ee5fb351d8,song_8703afd98ee5,2025-08-10,哔哩哔哩,BV1TPbJzWEHX,2025年8月10日直播,,https://www.bilibili.com/video/BV1TPbJzWEHX
performance_4abfbf77f3b3,song_8703afd98ee5,2025-06-22,哔哩哔哩,BV1XuNmzJEXs,2025年6月22日直播,,https://www.bilibili.com/video/BV1XuNmzJEXs
performance_cd95b6f0e92e,song_8703afd98ee5,2025-05-25,哔哩哔哩,BV1jSjgzmEk9,2025年5月25日直播,,https://www.bilibili.com/video/BV1jSjgzmEk9
performance_6da8133a0c93,song_b0aa6f90488b,2026-06-27,哔哩哔哩,BV1F8KS6tEZF,2026年6月27日直播,,https://www.bilibili.com/video/BV1F8KS6tEZF/?p=5
performance_7f73d7620b3c,song_b0aa6f90488b,2026-05-13,哔哩哔哩,BV1NU5S69EPy,2026年5月13日直播,,https://www.bilibili.com/video/BV1NU5S69EPy/?p=4
performance_5e29d4bacb15,song_b0aa6f90488b,2026-01-31,哔哩哔哩,BV1U46hBiEYE,2026年1月31日直播,,https://www.bilibili.com/video/BV1U46hBiEYE
performance_6927c65a478b,song_b0aa6f90488b,2026-01-02,哔哩哔哩,BV1AoiqBiE5P,2026年1月2日直播,,https://www.bilibili.com/video/BV1AoiqBiE5P
performance_7bb4078c162c,song_b0aa6f90488b,2025-11-15,哔哩哔哩,BV1oZCgBvEWY,2025年11月15日直播,,https://www.bilibili.com/video/BV1oZCgBvEWY
performance_166e7df4f5b3,song_5630b886f9cd,2026-06-26,哔哩哔哩,BV16GKD6ZEno,2026年6月26日直播,,https://www.bilibili.com/video/BV16GKD6ZEno/?p=7
performance_e58eee493bd2,song_5630b886f9cd,2026-04-01,哔哩哔哩,BV1LD9wBvEKS,2026年4月1日直播,,https://www.bilibili.com/video/BV1LD9wBvEKS
performance_68b5ec94f29f,song_5630b886f9cd,2026-02-01,哔哩哔哩,BV1j2fdBvEWc,2026年2月1日直播,,https://www.bilibili.com/video/BV1j2fdBvEWc
performance_8b9f42632972,song_5630b886f9cd,2025-11-21,哔哩哔哩,BV1mEyKB6EGp,2025年11月21日直播,,https://www.bilibili.com/video/BV1mEyKB6EGp
performance_4635137c5fe9,song_5630b886f9cd,2025-09-05,哔哩哔哩,BV1TxYVzUEhh,2025年9月5日直播,,https://www.bilibili.com/video/BV1TxYVzUEhh
performance_86bf59768d50,song_5630b886f9cd,2025-08-22,哔哩哔哩,BV1kBehz4ETR,2025年8月22日直播,,https://www.bilibili.com/video/BV1kBehz4ETR
performance_97964c4b3bf4,song_5630b886f9cd,2025-08-15,哔哩哔哩,BV1NxYCzcEhm,2025年8月15日直播,,https://www.bilibili.com/video/BV1NxYCzcEhm
performance_a97efc8ff808,song_5630b886f9cd,2025-08-15,哔哩哔哩,BV1TnYCzeE3z,2025年8月15日直播,,https://www.bilibili.com/video/BV1TnYCzeE3z
performance_2d04cca94339,song_5630b886f9cd,2025-08-01,哔哩哔哩,BV1wLhpz8EUe,2025年8月1日直播,,https://www.bilibili.com/video/BV1wLhpz8EUe
performance_a5a2f669a329,song_5630b886f9cd,2025-07-25,哔哩哔哩,BV1wi84zBEEf,2025年7月25日直播,,https://www.bilibili.com/video/BV1wi84zBEEf
performance_0de7c094fb14,song_5630b886f9cd,2025-03-20,哔哩哔哩,BV1w1XHYTEF7,2025年3月20日直播,,https://www.bilibili.com/video/BV1w1XHYTEF7
performance_7525333fb351,song_5630b886f9cd,2025-02-21,哔哩哔哩,BV1DZAmeJEBc,2025年2月21日直播,,https://www.bilibili.com/video/BV1DZAmeJEBc
performance_7aaf1ca1b2d0,song_5630b886f9cd,2025-02-03,哔哩哔哩,BV1gnPderEmg,2025年2月3日直播,,https://www.bilibili.com/video/BV1gnPderEmg
performance_2a362295cb02,song_5630b886f9cd,2024-12-24,哔哩哔哩,BV1iJrkYsEi8,2024年12月24日直播,,https://www.bilibili.com/video/BV1iJrkYsEi8
performance_12e0af7380f0,song_5630b886f9cd,2024-12-20,哔哩哔哩,BV1qRkvY3E2P,2024年12月20日直播,,https://www.bilibili.com/video/BV1qRkvY3E2P
performance_19e9e428fbb5,song_5630b886f9cd,2024-12-20,哔哩哔哩,BV1BRkvY3E7C,2024年12月20日直播,,https://www.bilibili.com/video/BV1BRkvY3E7C
performance_678f8c61b2c4,song_5630b886f9cd,2024-12-15,哔哩哔哩,BV1RSk7YDEA4,2024年12月15日直播,,https://www.bilibili.com/video/BV1RSk7YDEA4
performance_4209cffb7ffe,song_5630b886f9cd,2024-12-07,哔哩哔哩,BV1quqpYdEx5,2024年12月7日直播,,https://www.bilibili.com/video/BV1quqpYdEx5
performance_dc803673bbe5,song_5630b886f9cd,2024-12-07,哔哩哔哩,BV1e7qpYnEMN,2024年12月7日直播,,https://www.bilibili.com/video/BV1e7qpYnEMN
performance_f42b4f2d5f94,song_5630b886f9cd,2024-11-17,哔哩哔哩,BV1NXUUYkESd,2024年11月17日直播,,https://www.bilibili.com/video/BV1NXUUYkESd
performance_8669fd713f3a,song_8e355c996037,2026-06-26,哔哩哔哩,BV16GKD6ZEno,2026年6月26日直播,,https://www.bilibili.com/video/BV16GKD6ZEno/?p=3
performance_a3d2131b29b0,song_8e355c996037,2026-05-15,哔哩哔哩,BV1wB5r6bEDW,2026年5月15日直播,,https://www.bilibili.com/video/BV1wB5r6bEDW/?p=1
performance_b31834cced47,song_8e355c996037,2026-04-29,哔哩哔哩,BV18hRABcEry,2026年4月29日直播,,https://www.bilibili.com/video/BV18hRABcEry/?p=7
performance_c172d72364ba,song_8e355c996037,2026-04-26,哔哩哔哩,BV1S7orB3EaV,2026年4月26日直播,,https://www.bilibili.com/video/BV1S7orB3EaV/?p=17
performance_ce667024d3aa,song_8e355c996037,2026-04-11,哔哩哔哩,BV19QQYB7EBm,2026年4月11日直播,,https://www.bilibili.com/video/BV19QQYB7EBm/?p=4
performance_35f704a05f4a,song_8e355c996037,2026-01-09,哔哩哔哩,BV1PS6UB1Ew2,2026年1月9日直播,,https://www.bilibili.com/video/BV1PS6UB1Ew2
performance_2065ff95511a,song_8e355c996037,2025-11-22,哔哩哔哩,BV1ezU7B8E6g,2025年11月22日直播,,https://www.bilibili.com/video/BV1ezU7B8E6g
performance_52950cb83459,song_8e355c996037,2025-10-17,哔哩哔哩,BV1LkWJzfE6q,2025年10月17日直播,,https://www.bilibili.com/video/BV1LkWJzfE6q
performance_9e7f30c599c0,song_8e355c996037,2025-09-05,哔哩哔哩,BV1TxYVzUEh1,2025年9月5日直播,,https://www.bilibili.com/video/BV1TxYVzUEh1
performance_ec7062feabed,song_396f73d66f23,2026-06-26,哔哩哔哩,BV16GKD6ZEno,2026年6月26日直播,,https://www.bilibili.com/video/BV16GKD6ZEno/?p=2
performance_824df57e7277,song_396f73d66f23,2026-02-06,哔哩哔哩,BV1UkcczqEGB,2026年2月6日直播,,https://www.bilibili.com/video/BV1UkcczqEGB
performance_e078083d63a2,song_396f73d66f23,2026-01-08,哔哩哔哩,BV1mridBbE7c,2026年1月8日直播,,https://www.bilibili.com/video/BV1mridBbE7c
performance_e95f37960b68,song_396f73d66f23,2026-01-01,哔哩哔哩,BV1wZvQBuEzG,2026年1月1日直播,,https://www.bilibili.com/video/BV1wZvQBuEzG
performance_01284512e58f,song_396f73d66f23,2025-12-03,哔哩哔哩,BV1EESbBqEgB,2025年12月3日直播,,https://www.bilibili.com/video/BV1EESbBqEgB
performance_e1e6f892990c,song_396f73d66f23,2025-05-25,哔哩哔哩,BV1jSjgzmEKX,2025年5月25日直播,,https://www.bilibili.com/video/BV1jSjgzmEKX
performance_80fa69b847f5,song_396f73d66f23,2024-12-24,哔哩哔哩,BV1PycnetExN,2024年12月24日直播,,https://www.bilibili.com/video/BV1PycnetExN
performance_12d1f062fa8d,song_13cd27e3b399,2026-06-26,哔哩哔哩,BV16GKD6ZEno,2026年6月26日直播,,https://www.bilibili.com/video/BV16GKD6ZEno/?p=4
performance_d4175d0d465a,song_13cd27e3b399,2026-03-13,哔哩哔哩,BV1ADw8zmEah,2026年3月13日直播,,https://www.bilibili.com/video/BV1ADw8zmEah
performance_b918f6c22e2f,song_13cd27e3b399,2026-03-03,哔哩哔哩,BV1TUPyzAEcB,2026年3月3日直播,,https://www.bilibili.com/video/BV1TUPyzAEcB
performance_b8410f8d1740,song_13cd27e3b399,2026-01-16,哔哩哔哩,BV1Zir9BQEDA,2026年1月16日直播,,https://www.bilibili.com/video/BV1Zir9BQEDA
performance_fa38ecafcdf5,song_13cd27e3b399,2025-03-06,哔哩哔哩,BV1HoRhYqE9k,2025年3月6日直播,,https://www.bilibili.com/video/BV1HoRhYqE9k
performance_e57919912246,song_13cd27e3b399,2025-01-04,哔哩哔哩,BV16dcFebEKJ,2025年1月4日直播,,https://www.bilibili.com/video/BV16dcFebEKJ
performance_c9bab8572c43,song_13cd27e3b399,2024-11-20,哔哩哔哩,BV1fdiRYSEke,2024年11月20日直播,,https://www.bilibili.com/video/BV1fdiRYSEke
performance_dd0854afdcd8,song_1cef5b74b933,2026-06-26,哔哩哔哩,BV16GKD6ZEno,2026年6月26日直播,,https://www.bilibili.com/video/BV16GKD6ZEno/?p=5
performance_901208a86b97,song_1cef5b74b933,2026-06-10,哔哩哔哩,BV1GHEi6zE5H,2026年6月10日直播,,https://www.bilibili.com/video/BV1GHEi6zE5H/?p=6
performance_e4d23066a6da,song_1cef5b74b933,2026-05-14,哔哩哔哩,BV1PL5h6eE85,2026年5月14日直播,,https://www.bilibili.com/video/BV1PL5h6eE85/?p=2
performance_ee9a22936748,song_1cef5b74b933,2026-04-06,哔哩哔哩,BV1yzDhB9EiN,2026年4月6日直播,,https://www.bilibili.com/video/BV1yzDhB9EiN/?p=5
performance_96014026f1dd,song_1cef5b74b933,2026-03-20,哔哩哔哩,BV12zA3zKEHx,2026年3月20日直播,,https://www.bilibili.com/video/BV12zA3zKEHx
performance_fe1917c7b566,song_1cef5b74b933,2026-03-13,哔哩哔哩,BV1WDw8zmEyb,2026年3月13日直播,,https://www.bilibili.com/video/BV1WDw8zmEyb
performance_af375d66d464,song_38f535152059,2026-06-26,哔哩哔哩,BV16GKD6ZEno,2026年6月26日直播,,https://www.bilibili.com/video/BV16GKD6ZEno/?p=6
performance_c8b1386cfb34,song_38f535152059,2026-04-23,哔哩哔哩,BV1b7orB3Em9,2026年4月23日直播,,https://www.bilibili.com/video/BV1b7orB3Em9/?p=2
performance_376399eca133,song_38f535152059,2026-01-21,哔哩哔哩,BV1b5zTBeE2G,2026年1月21日直播,,https://www.bilibili.com/video/BV1b5zTBeE2G
performance_de4be2104bb1,song_38f535152059,2025-11-17,哔哩哔哩,BV1VQCiBiEUd,2025年11月17日直播,,https://www.bilibili.com/video/BV1VQCiBiEUd
performance_05d78f53620f,song_38f535152059,2024-12-20,哔哩哔哩,BV1BRkvY3E7f,2024年12月20日直播,,https://www.bilibili.com/video/BV1BRkvY3E7f
performance_062984180b8d,song_722553e1016e,2026-06-25,哔哩哔哩,BV1Ht7H6LEfF,2026年6月25日直播,,https://www.bilibili.com/video/BV1Ht7H6LEfF/?p=9
performance_a33dc8ad8be8,song_722553e1016e,2026-05-06,哔哩哔哩,BV1dKRQBrEvH,2026年5月6日直播,,https://www.bilibili.com/video/BV1dKRQBrEvH/
performance_e24f6bf8cc72,song_722553e1016e,2026-01-31,哔哩哔哩,BV1mb6hBNEX6,2026年1月31日直播,,https://www.bilibili.com/video/BV1mb6hBNEX6
performance_e1e86320c824,song_722553e1016e,2026-01-02,哔哩哔哩,BV1WoiqBiEFp,2026年1月2日直播,,https://www.bilibili.com/video/BV1WoiqBiEFp
performance_a9c5052e300f,song_722553e1016e,2025-12-20,哔哩哔哩,BV1Brq6BTEG8,2025年12月20日直播,,https://www.bilibili.com/video/BV1Brq6BTEG8
performance_30e2263ecd35,song_722553e1016e,2025-09-19,哔哩哔哩,BV12eWAzFEXA,2025年9月19日直播,,https://www.bilibili.com/video/BV12eWAzFEXA
performance_d72625bd5cb3,song_722553e1016e,2025-08-22,哔哩哔哩,BV1TtehzNENL,2025年8月22日直播,,https://www.bilibili.com/video/BV1TtehzNENL
performance_31de3f7937bf,song_722553e1016e,2024-11-15,哔哩哔哩,BV1GXUpY2EcW,2024年11月15日直播,,https://www.bilibili.com/video/BV1GXUpY2EcW
performance_b614ecc9703a,song_be9cb728a5cc,2026-06-25,哔哩哔哩,BV1Ht7H6LEfF,2026年6月25日直播,,https://www.bilibili.com/video/BV1Ht7H6LEfF/?p=7
performance_e581810ba5ce,song_be9cb728a5cc,2026-05-14,哔哩哔哩,BV1PL5h6eE85,2026年5月14日直播,,https://www.bilibili.com/video/BV1PL5h6eE85/?p=10
performance_6a1f391a81f3,song_be9cb728a5cc,2026-02-14,哔哩哔哩,BV1aiZtByE5v,2026年2月14日直播,,https://www.bilibili.com/video/BV1aiZtByE5v
performance_1eb15fdfe5ff,song_be9cb728a5cc,2025-07-25,哔哩哔哩,BV1Av84zuEEh,2025年7月25日直播,,https://www.bilibili.com/video/BV1Av84zuEEh
performance_aa786f815e02,song_62ba40d1ca41,2026-06-25,哔哩哔哩,BV1Ht7H6LEfF,2026年6月25日直播,,https://www.bilibili.com/video/BV1Ht7H6LEfF/?p=6
performance_54dfdb7afd59,song_168173fed5c7,2026-06-24,哔哩哔哩,BV1gg7H6oEwZ,2026年6月24日直播,,https://www.bilibili.com/video/BV1gg7H6oEwZ/?p=4
performance_82cbe32ef91d,song_168173fed5c7,2026-05-16,哔哩哔哩,BV1L1LF6iEYF,2026年5月16日直播,,https://www.bilibili.com/video/BV1L1LF6iEYF/?p=9
performance_031a23c2ede7,song_168173fed5c7,2025-12-26,哔哩哔哩,BV13DBdBgE66,2025年12月26日直播,,https://www.bilibili.com/video/BV13DBdBgE66
performance_3e0693793efd,song_168173fed5c7,2025-02-14,哔哩哔哩,BV1DZAmeJEez,2025年2月14日直播,,https://www.bilibili.com/video/BV1DZAmeJEez
performance_dbc6105a9708,song_d8974e9f3942,2026-06-24,哔哩哔哩,BV1gg7H6oEwZ,2026年6月24日直播,,https://www.bilibili.com/video/BV1gg7H6oEwZ/?p=5
performance_b76186240337,song_d8974e9f3942,2025-11-29,哔哩哔哩,BV1DnSnBAEAx,2025年11月29日直播,,https://www.bilibili.com/video/BV1DnSnBAEAx
performance_8e7d353dc179,song_d8974e9f3942,2025-11-22,哔哩哔哩,BV13CU7BoEvh,2025年11月22日直播,,https://www.bilibili.com/video/BV13CU7BoEvh
performance_c58d333e2173,song_03f263d0f4cc,2026-06-24,哔哩哔哩,BV1gg7H6oEwZ,2026年6月24日直播,,https://www.bilibili.com/video/BV1gg7H6oEwZ/?p=2
performance_6c8182f7ec22,song_03f263d0f4cc,2025-01-27,哔哩哔哩,BV1h4fSYyEad,2025年1月27日直播,,https://www.bilibili.com/video/BV1h4fSYyEad
performance_c7c784701b9c,song_f88db7a48ec4,2026-06-22,哔哩哔哩,BV1Bi7g6gESh,2026年6月22日直播,,https://www.bilibili.com/video/BV1Bi7g6gESh/?p=2
performance_f9b97f8d6a23,song_f88db7a48ec4,2026-05-03,哔哩哔哩,BV1zrRJBtE7r,2026年5月3日直播,,https://www.bilibili.com/video/BV1zrRJBtE7r/?p=19
performance_21eca66fec97,song_f88db7a48ec4,2026-03-01,哔哩哔哩,BV16dPJznE9m,2026年3月1日直播,,https://www.bilibili.com/video/BV16dPJznE9m
performance_471600320e70,song_f88db7a48ec4,2026-01-01,哔哩哔哩,BV1HqvXBrE1J,2026年1月1日直播,,https://www.bilibili.com/video/BV1HqvXBrE1J
performance_5ea9486977e8,song_f88db7a48ec4,2025-12-02,哔哩哔哩,BV1FySpBxEbj,2025年12月2日直播,,https://www.bilibili.com/video/BV1FySpBxEbj
performance_38d130ac0213,song_f88db7a48ec4,2025-10-23,哔哩哔哩,BV1qesYzvEce,2025年10月23日直播,,https://www.bilibili.com/video/BV1qesYzvEce
performance_6ae04cf582ae,song_bfd87df38403,2026-06-22,哔哩哔哩,BV1Bi7g6gESh,2026年6月22日直播,,https://www.bilibili.com/video/BV1Bi7g6gESh/?p=1
performance_009f24abb0c3,song_bfd87df38403,2026-05-08,哔哩哔哩,BV1jNRQBVEhN,2026年5月8日直播,,https://www.bilibili.com/video/BV1jNRQBVEhN/?p=12
performance_f70b2ced8c56,song_bfd87df38403,2026-02-14,哔哩哔哩,BV1WRZtBaE58,2026年2月14日直播,,https://www.bilibili.com/video/BV1WRZtBaE58
performance_655c73d94f96,song_bfd87df38403,2026-01-20,哔哩哔哩,BV1jHzJB7ESJ,2026年1月20日直播,,https://www.bilibili.com/video/BV1jHzJB7ESJ
performance_c92d735b216c,song_bfd87df38403,2026-01-01,哔哩哔哩,BV1PYvXB5ESm,2026年1月1日直播,,https://www.bilibili.com/video/BV1PYvXB5ESm
performance_407deb7206f7,song_4465ad470102,2026-06-21,哔哩哔哩,BV11Jjf6HE9s,2026年6月21日直播,,https://www.bilibili.com/video/BV11Jjf6HE9s/?p=5
performance_ecd7d164a1bf,song_4465ad470102,2026-05-24,哔哩哔哩,BV19mGo6SE3t,2026年5月24日直播,,https://www.bilibili.com/video/BV19mGo6SE3t/?p=4
performance_5e4e3f32774b,song_4465ad470102,2026-02-17,哔哩哔哩,BV1L9ZQBnEeR,2026年2月17日直播,,https://www.bilibili.com/video/BV1L9ZQBnEeR
performance_08f7686b23e7,song_4465ad470102,2026-01-25,哔哩哔哩,BV19r63BsEVL,2026年1月25日直播,,https://www.bilibili.com/video/BV19r63BsEVL
performance_29c9168219bb,song_4465ad470102,2026-01-15,哔哩哔哩,BV1NErQB4EoT,2026年1月15日直播,,https://www.bilibili.com/video/BV1NErQB4EoT
performance_85581f9dd181,song_4465ad470102,2025-12-26,哔哩哔哩,BV1MRBdBqEXL,2025年12月26日直播,,https://www.bilibili.com/video/BV1MRBdBqEXL
performance_9e5c0cb73275,song_4465ad470102,2025-11-02,哔哩哔哩,BV1EwydBvEfo,2025年11月2日直播,,https://www.bilibili.com/video/BV1EwydBvEfo
performance_0d6d43c82390,song_4465ad470102,2025-10-14,哔哩哔哩,BV1Sn49zQEHP,2025年10月14日直播,,https://www.bilibili.com/video/BV1Sn49zQEHP
performance_cbd45c02d35d,song_4465ad470102,2025-08-15,哔哩哔哩,BV1KpYCzAEGF,2025年8月15日直播,,https://www.bilibili.com/video/BV1KpYCzAEGF
performance_be5c98d350ae,song_4465ad470102,2025-05-25,哔哩哔哩,BV1nkjgzpEKj,2025年5月25日直播,,https://www.bilibili.com/video/BV1nkjgzpEKj
performance_e21e031add40,song_4465ad470102,2025-03-28,哔哩哔哩,BV1pvZzYvEox,2025年3月28日直播,,https://www.bilibili.com/video/BV1pvZzYvEox
performance_f4e08209f9dc,song_4218a932b86c,2026-06-21,哔哩哔哩,BV11Jjf6HE9s,2026年6月21日直播,,https://www.bilibili.com/video/BV11Jjf6HE9s/?p=3
performance_1ab865240ad7,song_4218a932b86c,2026-05-08,哔哩哔哩,BV1jNRQBVEhN,2026年5月8日直播,,https://www.bilibili.com/video/BV1jNRQBVEhN/?p=15
performance_277d31a7f12a,song_4218a932b86c,2026-01-01,哔哩哔哩,BV1Bai8BzEEM,2026年1月1日直播,,https://www.bilibili.com/video/BV1Bai8BzEEM
performance_dea3c5256fc5,song_4218a932b86c,2025-11-08,哔哩哔哩,BV1mR1yBpEHP,2025年11月8日直播,,https://www.bilibili.com/video/BV1mR1yBpEHP
performance_726aad8fcd7c,song_4218a932b86c,2025-03-06,哔哩哔哩,BV1XvRhYQEYy,2025年3月6日直播,,https://www.bilibili.com/video/BV1XvRhYQEYy
performance_d07ada3ff304,song_4218a932b86c,2024-11-09,哔哩哔哩,BV1a5DqYdE9v,2024年11月9日直播,,https://www.bilibili.com/video/BV1a5DqYdE9v
performance_8bfd09e11299,song_b811a50b4511,2026-06-21,哔哩哔哩,BV11Jjf6HE9s,2026年6月21日直播,,https://www.bilibili.com/video/BV11Jjf6HE9s/?p=4
performance_514f03ba5e86,song_b811a50b4511,2026-05-03,哔哩哔哩,BV1zrRJBtE7r,2026年5月3日直播,,https://www.bilibili.com/video/BV1zrRJBtE7r/?p=11
performance_bda6fb5ea79e,song_b811a50b4511,2025-12-02,哔哩哔哩,BV1kzSpBZEnn,2025年12月2日直播,,https://www.bilibili.com/video/BV1kzSpBZEnn
performance_b8cfd88fc88f,song_b3d0f8145a62,2026-06-21,哔哩哔哩,BV11Jjf6HE9s,2026年6月21日直播,,https://www.bilibili.com/video/BV11Jjf6HE9s/?p=2
performance_2ce1f5859517,song_3747035d7005,2026-06-20,哔哩哔哩,BV1pMjt6bEyu,2026年6月20日直播,,https://www.bilibili.com/video/BV1pMjt6bEyu/?p=7
performance_19dd1240de19,song_3747035d7005,2026-03-04,哔哩哔哩,BV1suPyzfEmn,2026年3月4日直播,,https://www.bilibili.com/video/BV1suPyzfEmn
performance_69097a5ab909,song_3747035d7005,2025-12-25,哔哩哔哩,BV1WmB1BaEvw,2025年12月25日直播,,https://www.bilibili.com/video/BV1WmB1BaEvw
performance_e2a97412769a,song_3747035d7005,2025-11-02,哔哩哔哩,BV1kqydB6Ehb,2025年11月2日直播,,https://www.bilibili.com/video/BV1kqydB6Ehb
performance_d065c4d2df1f,song_3747035d7005,2025-05-04,哔哩哔哩,BV1TwV1zdE9H,2025年5月4日直播,,https://www.bilibili.com/video/BV1TwV1zdE9H
performance_02adf9c470bc,song_3747035d7005,2025-03-06,哔哩哔哩,BV1P9RhY6EsR,2025年3月6日直播,,https://www.bilibili.com/video/BV1P9RhY6EsR
performance_54db44bcc7a6,song_3747035d7005,2025-02-03,哔哩哔哩,BV1jTPdenEUb,2025年2月3日直播,,https://www.bilibili.com/video/BV1jTPdenEUb
performance_37b3d6a74ee0,song_3747035d7005,2024-12-24,哔哩哔哩,BV1iJrkYsEhf,2024年12月24日直播,,https://www.bilibili.com/video/BV1iJrkYsEhf
performance_02e755898420,song_3747035d7005,2024-11-09,哔哩哔哩,BV1jQDzYuEqq,2024年11月9日直播,,https://www.bilibili.com/video/BV1jQDzYuEqq
performance_f913628e06b2,song_fe23f7c63bd7,2026-06-20,哔哩哔哩,BV1pMjt6bEyu,2026年6月20日直播,,https://www.bilibili.com/video/BV1pMjt6bEyu/?p=4
performance_c541cafe859a,song_fe23f7c63bd7,2026-05-20,哔哩哔哩,BV1GFGE6uEri,2026年5月20日直播,,https://www.bilibili.com/video/BV1GFGE6uEri/?p=12
performance_6d785961eaeb,song_fe23f7c63bd7,2025-12-03,哔哩哔哩,BV1f7SbBTEgH,2025年12月3日直播,,https://www.bilibili.com/video/BV1f7SbBTEgH
performance_44e2720fd02d,song_fe23f7c63bd7,2025-11-07,哔哩哔哩,BV1PR2ABKE1D,2025年11月7日直播,,https://www.bilibili.com/video/BV1PR2ABKE1D
performance_27b8779f3113,song_fe23f7c63bd7,2025-05-04,哔哩哔哩,BV1NMV1zQEV6,2025年5月4日直播,,https://www.bilibili.com/video/BV1NMV1zQEV6
performance_6be3b84034b4,song_fe23f7c63bd7,2024-11-09,哔哩哔哩,BV1ZSDzY6ExM,2024年11月9日直播,,https://www.bilibili.com/video/BV1ZSDzY6ExM
performance_eeeee1a682fa,song_51c554d697b5,2026-06-20,哔哩哔哩,BV1pMjt6bEyu,2026年6月20日直播,,https://www.bilibili.com/video/BV1pMjt6bEyu/?p=6
performance_716e3c6a34c5,song_51c554d697b5,2026-06-13,哔哩哔哩,BV1UNJT6DEEk,2026年6月13日直播,,https://www.bilibili.com/video/BV1UNJT6DEEk/?p=4
performance_348af685effc,song_51c554d697b5,2026-01-11,哔哩哔哩,BV1DErvBHEgS,2026年1月11日直播,,https://www.bilibili.com/video/BV1DErvBHEgS
performance_ab97d8aa0bd6,song_51c554d697b5,2025-08-21,哔哩哔哩,BV16Ye4z5EP4,2025年8月21日直播,,https://www.bilibili.com/video/BV16Ye4z5EP4
performance_3535bf42066a,song_486f17dd12d6,2026-06-20,哔哩哔哩,BV1pMjt6bEyu,2026年6月20日直播,,https://www.bilibili.com/video/BV1pMjt6bEyu/?p=1
performance_78ec87bf052d,song_486f17dd12d6,2026-06-16,哔哩哔哩,BV1izLX6nECu,2026年6月16日直播,,https://www.bilibili.com/video/BV1izLX6nECu/?p=4
performance_c525c8dbaef8,song_7ccdee3daf2c,2026-06-19,哔哩哔哩,BV1czjJ6KEHq,2026年6月19日直播,,https://www.bilibili.com/video/BV1czjJ6KEHq/?p=10
performance_b0777d8c4e12,song_7ccdee3daf2c,2026-04-10,哔哩哔哩,BV19XQYB2EUD,2026年4月10日直播,,https://www.bilibili.com/video/BV19XQYB2EUD/?p=11
performance_c0eda59aa592,song_7ccdee3daf2c,2026-03-18,哔哩哔哩,BV1u3AHzKE1D,2026年3月18日直播,,https://www.bilibili.com/video/BV1u3AHzKE1D
performance_70a36aeb4d6d,song_7ccdee3daf2c,2026-01-25,哔哩哔哩,BV19r63BsE5W,2026年1月25日直播,,https://www.bilibili.com/video/BV19r63BsE5W
performance_a6195ca50021,song_7ccdee3daf2c,2025-11-29,哔哩哔哩,BV1QLSnBiERC,2025年11月29日直播,,https://www.bilibili.com/video/BV1QLSnBiERC
performance_d91f0766ce17,song_7ccdee3daf2c,2025-10-30,哔哩哔哩,BV1SdybBCES8,2025年10月30日直播,,https://www.bilibili.com/video/BV1SdybBCES8
performance_8d1aeb7826a0,song_7ccdee3daf2c,2025-10-21,哔哩哔哩,BV17YWSz7EDS,2025年10月21日直播,,https://www.bilibili.com/video/BV17YWSz7EDS
performance_945977e148dc,song_7ccdee3daf2c,2025-09-05,哔哩哔哩,BV1TxYVzUEvA,2025年9月5日直播,,https://www.bilibili.com/video/BV1TxYVzUEvA
performance_7493386ab020,song_7ccdee3daf2c,2025-08-15,哔哩哔哩,BV1KpYCzAEvn,2025年8月15日直播,,https://www.bilibili.com/video/BV1KpYCzAEvn
performance_c19f33d5653a,song_7ccdee3daf2c,2025-05-11,哔哩哔哩,BV1EsEvzZE22,2025年5月11日直播,,https://www.bilibili.com/video/BV1EsEvzZE22
performance_569dd6b4d0c0,song_7ccdee3daf2c,2025-03-28,哔哩哔哩,BV1HBZzYYEZu,2025年3月28日直播,,https://www.bilibili.com/video/BV1HBZzYYEZu
performance_2c68d8e442a6,song_7ccdee3daf2c,2025-02-07,哔哩哔哩,BV1dNNNekEfh,2025年2月7日直播,,https://www.bilibili.com/video/BV1dNNNekEfh
performance_5082783c9c7e,song_7ccdee3daf2c,2025-01-31,哔哩哔哩,BV1Z4FXeNEBh,2025年1月31日直播,,https://www.bilibili.com/video/BV1Z4FXeNEBh
performance_5dc632bf7e19,song_7ccdee3daf2c,2025-01-24,哔哩哔哩,BV1kRfHYQE8Y,2025年1月24日直播,,https://www.bilibili.com/video/BV1kRfHYQE8Y
performance_573b22ed7825,song_7ccdee3daf2c,2025-01-04,哔哩哔哩,BV1JdcFebEzu,2025年1月4日直播,,https://www.bilibili.com/video/BV1JdcFebEzu
performance_c263354c5dd7,song_7ccdee3daf2c,2024-12-24,哔哩哔哩,BV1iJrkYsEti,2024年12月24日直播,,https://www.bilibili.com/video/BV1iJrkYsEti
performance_bc3b521a7509,song_7ccdee3daf2c,2024-12-20,哔哩哔哩,BV1qRkvY3ERD,2024年12月20日直播,,https://www.bilibili.com/video/BV1qRkvY3ERD
performance_abd0ea49cc2f,song_7ccdee3daf2c,2024-12-03,哔哩哔哩,BV1J5iRYUEJT,2024年12月3日直播,,https://www.bilibili.com/video/BV1J5iRYUEJT
performance_1043633c1d26,song_7ccdee3daf2c,2024-11-21,哔哩哔哩,BV18didYzE9z,2024年11月21日直播,,https://www.bilibili.com/video/BV18didYzE9z
performance_22cab9837271,song_7ccdee3daf2c,2024-11-14,哔哩哔哩,BV1faU8YVEim,2024年11月14日直播,,https://www.bilibili.com/video/BV1faU8YVEim
performance_9bbcbf6339c4,song_7ccdee3daf2c,2024-11-09,哔哩哔哩,BV19ZDzYPEsj,2024年11月9日直播,,https://www.bilibili.com/video/BV19ZDzYPEsj
performance_10394b137d6b,song_193fe5367abb,2026-06-19,哔哩哔哩,BV1czjJ6KEHq,2026年6月19日直播,,https://www.bilibili.com/video/BV1czjJ6KEHq/?p=17
performance_efe43b6761ff,song_193fe5367abb,2026-05-08,哔哩哔哩,BV1jNRQBVEhN,2026年5月8日直播,,https://www.bilibili.com/video/BV1jNRQBVEhN/?p=2
performance_3deb2ce55541,song_193fe5367abb,2026-03-22,哔哩哔哩,BV144XEBwE9v,2026年3月22日直播,,https://www.bilibili.com/video/BV144XEBwE9v
performance_8f9e795837d1,song_193fe5367abb,2026-02-14,哔哩哔哩,BV14mZtBTET4,2026年2月14日直播,,https://www.bilibili.com/video/BV14mZtBTET4
performance_d22f759fde8c,song_193fe5367abb,2025-12-31,哔哩哔哩,BV14miAByE4E,2025年12月31日直播,,https://www.bilibili.com/video/BV14miAByE4E
performance_62d9aa4e816e,song_193fe5367abb,2025-07-25,哔哩哔哩,BV1Av84zuEW7,2025年7月25日直播,,https://www.bilibili.com/video/BV1Av84zuEW7
performance_977e2ccb7f8c,song_193fe5367abb,2024-12-24,哔哩哔哩,BV1qJrkYsEHX,2024年12月24日直播,,https://www.bilibili.com/video/BV1qJrkYsEHX
performance_decde492f032,song_193fe5367abb,2024-11-15,哔哩哔哩,BV1d1UpYnE3v,2024年11月15日直播,,https://www.bilibili.com/video/BV1d1UpYnE3v
performance_ceffdab683d5,song_32d75717008a,2026-06-19,哔哩哔哩,BV1czjJ6KEHq,2026年6月19日直播,,https://www.bilibili.com/video/BV1czjJ6KEHq/?p=6
performance_e3c03890a235,song_32d75717008a,2026-01-02,哔哩哔哩,BV1P9iqBBEyJ,2026年1月2日直播,,https://www.bilibili.com/video/BV1P9iqBBEyJ
performance_c76b1590fa81,song_32d75717008a,2025-12-26,哔哩哔哩,BV1KcBoBYEqh,2025年12月26日直播,,https://www.bilibili.com/video/BV1KcBoBYEqh
performance_2f1f034ab87f,song_32d75717008a,2025-10-26,哔哩哔哩,BV1kVxczXEcs,2025年10月26日直播,,https://www.bilibili.com/video/BV1kVxczXEcs
performance_58d9277a2866,song_32d75717008a,2025-08-15,哔哩哔哩,BV1KnYCzeEfP,2025年8月15日直播,,https://www.bilibili.com/video/BV1KnYCzeEfP
performance_53e37f02d545,song_32d75717008a,2025-05-08,哔哩哔哩,BV1Ev55zdE5y,2025年5月8日直播,,https://www.bilibili.com/video/BV1Ev55zdE5y
performance_f25478a6d7bc,song_32d75717008a,2024-12-17,哔哩哔哩,BV15ykBY1ErU,2024年12月17日直播,,https://www.bilibili.com/video/BV15ykBY1ErU
performance_f2320375a685,song_32d75717008a,2024-12-15,哔哩哔哩,BV1nCkgYkEMN,2024年12月15日直播,,https://www.bilibili.com/video/BV1nCkgYkEMN
performance_03fd2bef8850,song_f0575baf185d,2026-06-19,哔哩哔哩,BV1czjJ6KEHq,2026年6月19日直播,,https://www.bilibili.com/video/BV1czjJ6KEHq/?p=13
performance_c46ae97e06e2,song_f0575baf185d,2026-04-07,哔哩哔哩,BV1bMDrBdEs6,2026年4月7日直播,,https://www.bilibili.com/video/BV1bMDrBdEs6/?p=2
performance_2d1495f7eb0a,song_f0575baf185d,2026-01-18,哔哩哔哩,BV1hLkEBVEyB,2026年1月18日直播,,https://www.bilibili.com/video/BV1hLkEBVEyB
performance_625a2259598b,song_f0575baf185d,2025-12-25,哔哩哔哩,BV1JVB1BREbK,2025年12月25日直播,,https://www.bilibili.com/video/BV1JVB1BREbK
performance_f66bf25cdf94,song_f0575baf185d,2025-12-12,哔哩哔哩,BV1XfmgBzEZD,2025年12月12日直播,,https://www.bilibili.com/video/BV1XfmgBzEZD
performance_b32aead29609,song_f0575baf185d,2025-07-30,哔哩哔哩,BV14NhpzTEyL,2025年7月30日直播,,https://www.bilibili.com/video/BV14NhpzTEyL
performance_1336d5f0bcc0,song_b48ab6189613,2026-06-19,哔哩哔哩,BV1czjJ6KEHq,2026年6月19日直播,,https://www.bilibili.com/video/BV1czjJ6KEHq/?p=9
performance_40a81792ca94,song_b48ab6189613,2026-05-26,哔哩哔哩,BV1WXVa6PEM3,2026年5月26日直播,,https://www.bilibili.com/video/BV1WXVa6PEM3/?p=4
performance_b173b674a942,song_b48ab6189613,2025-12-19,哔哩哔哩,BV1RNqQBhESr,2025年12月19日直播,,https://www.bilibili.com/video/BV1RNqQBhESr
performance_47e65f2ad7e3,song_b48ab6189613,2025-11-15,哔哩哔哩,BV1jcC3BeETU,2025年11月15日直播,,https://www.bilibili.com/video/BV1jcC3BeETU
performance_598aa8a045e8,song_b48ab6189613,2025-09-19,哔哩哔哩,BV1taWAzaEsZ,2025年9月19日直播,,https://www.bilibili.com/video/BV1taWAzaEsZ
performance_7a6456fa0c77,song_b48ab6189613,2025-01-31,哔哩哔哩,BV1U4FkesEqK,2025年1月31日直播,,https://www.bilibili.com/video/BV1U4FkesEqK
performance_e25be0345312,song_9f556e8c0f54,2026-06-19,哔哩哔哩,BV1czjJ6KEHq,2026年6月19日直播,,https://www.bilibili.com/video/BV1czjJ6KEHq/?p=15
performance_38826a8226a6,song_9f556e8c0f54,2026-05-10,哔哩哔哩,BV1aK5W64Ega,2026年5月10日直播,,https://www.bilibili.com/video/BV1aK5W64Ega/?p=11
performance_ebcd7f321971,song_9f556e8c0f54,2026-02-05,哔哩哔哩,BV1D9FxzGEK5,2026年2月5日直播,,https://www.bilibili.com/video/BV1D9FxzGEK5
performance_1088e8fee41a,song_9f556e8c0f54,2026-01-09,哔哩哔哩,BV1De6UBREq8,2026年1月9日直播,,https://www.bilibili.com/video/BV1De6UBREq8
performance_24389c23b92a,song_9f556e8c0f54,2024-11-14,哔哩哔哩,BV1ZYU8YkEdF,2024年11月14日直播,,https://www.bilibili.com/video/BV1ZYU8YkEdF
performance_e41f26f53243,song_161f2f9bb5a7,2026-06-19,哔哩哔哩,BV1czjJ6KEHq,2026年6月19日直播,,https://www.bilibili.com/video/BV1czjJ6KEHq/?p=1
performance_0a99861121e2,song_161f2f9bb5a7,2026-05-24,哔哩哔哩,BV19mGo6SE3t,2026年5月24日直播,,https://www.bilibili.com/video/BV19mGo6SE3t/?p=5
performance_e2394b0b6453,song_161f2f9bb5a7,2025-01-24,哔哩哔哩,BV1ZUfsYpEXp,2025年1月24日直播,,https://www.bilibili.com/video/BV1ZUfsYpEXp
performance_042d44dd6851,song_161f2f9bb5a7,2024-12-24,哔哩哔哩,BV1qJrkYsE4z,2024年12月24日直播,,https://www.bilibili.com/video/BV1qJrkYsE4z
performance_e41889d9046b,song_d70cdf3b6ce2,2026-06-19,哔哩哔哩,BV1czjJ6KEHq,2026年6月19日直播,,https://www.bilibili.com/video/BV1czjJ6KEHq/?p=7
performance_755f55eba3aa,song_d70cdf3b6ce2,2026-05-03,哔哩哔哩,BV1zrRJBtE7r,2026年5月3日直播,,https://www.bilibili.com/video/BV1zrRJBtE7r/?p=21
performance_d2c2b4026fe7,song_d70cdf3b6ce2,2026-04-10,哔哩哔哩,BV19XQYB2EUD,2026年4月10日直播,,https://www.bilibili.com/video/BV19XQYB2EUD/?p=13
performance_01e842a7e625,song_d70cdf3b6ce2,2025-12-31,哔哩哔哩,BV1T2iABLEo8,2025年12月31日直播,,https://www.bilibili.com/video/BV1T2iABLEo8
performance_02f05b425248,song_0982a9da79f6,2026-06-19,哔哩哔哩,BV1czjJ6KEHq,2026年6月19日直播,,https://www.bilibili.com/video/BV1czjJ6KEHq/?p=11
performance_2ae004661dc1,song_0982a9da79f6,2026-05-22,哔哩哔哩,BV1nBGL61Eim,2026年5月22日直播,,https://www.bilibili.com/video/BV1nBGL61Eim/?p=10
performance_db8ec10f4341,song_0982a9da79f6,2026-04-06,哔哩哔哩,BV1yzDhB9EiN,2026年4月6日直播,,https://www.bilibili.com/video/BV1yzDhB9EiN/?p=2
performance_b5072c1b9b47,song_f6b6e3eec87b,2026-06-19,哔哩哔哩,BV1czjJ6KEHq,2026年6月19日直播,,https://www.bilibili.com/video/BV1czjJ6KEHq/?p=16
performance_426b03127a53,song_f6b6e3eec87b,2026-05-20,哔哩哔哩,BV1nkLi65EFS,2026年5月20日直播,,https://www.bilibili.com/video/BV1nkLi65EFS/?p=5
performance_101748e3525d,song_f6b6e3eec87b,2026-02-27,哔哩哔哩,BV1uJPuzKEsx,2026年2月27日直播,,https://www.bilibili.com/video/BV1uJPuzKEsx
performance_836e007ad4da,song_69e5d9c12115,2026-06-19,哔哩哔哩,BV1czjJ6KEHq,2026年6月19日直播,,https://www.bilibili.com/video/BV1czjJ6KEHq/?p=5
performance_91cba57d1573,song_69e5d9c12115,2026-01-14,哔哩哔哩,BV1LurZBoE63,2026年1月14日直播,,https://www.bilibili.com/video/BV1LurZBoE63
performance_eda5ce7d7236,song_6932fc3dbc4b,2026-06-19,哔哩哔哩,BV1czjJ6KEHq,2026年6月19日直播,,https://www.bilibili.com/video/BV1czjJ6KEHq/?p=12
performance_25087147e373,song_6932fc3dbc4b,2024-11-09,哔哩哔哩,BV1QcD6YwEM4,2024年11月9日直播,,https://www.bilibili.com/video/BV1QcD6YwEM4
performance_5d88c0054827,song_e4587d929335,2026-06-18,哔哩哔哩,BV1Kxj76MEE7,2026年6月18日直播,,https://www.bilibili.com/video/BV1Kxj76MEE7/?p=2
performance_68adef8577fc,song_e4587d929335,2026-06-10,哔哩哔哩,BV1GHEi6zE5H,2026年6月10日直播,,https://www.bilibili.com/video/BV1GHEi6zE5H/?p=7
performance_aae9b899f743,song_e4587d929335,2026-05-14,哔哩哔哩,BV1PL5h6eE85,2026年5月14日直播,,https://www.bilibili.com/video/BV1PL5h6eE85/?p=1
performance_de1e7916a435,song_e4587d929335,2026-03-22,哔哩哔哩,BV1bWXEBPEEh,2026年3月22日直播,,https://www.bilibili.com/video/BV1bWXEBPEEh
performance_7ee8740a2892,song_e4587d929335,2026-02-27,哔哩哔哩,BV1Q3Puz6EeN,2026年2月27日直播,,https://www.bilibili.com/video/BV1Q3Puz6EeN
performance_32b8ce7ddf06,song_e4587d929335,2025-12-23,哔哩哔哩,BV1ZWB4BNEWR,2025年12月23日直播,,https://www.bilibili.com/video/BV1ZWB4BNEWR
performance_8f1ca736b377,song_e4587d929335,2025-10-21,哔哩哔哩,BV1diWSz5E6u,2025年10月21日直播,,https://www.bilibili.com/video/BV1diWSz5E6u
performance_dea83e154750,song_e4587d929335,2025-09-19,哔哩哔哩,BV1maWAzhEzg,2025年9月19日直播,,https://www.bilibili.com/video/BV1maWAzhEzg
performance_44fb1055f89c,song_e4587d929335,2025-09-05,哔哩哔哩,BV13ZYVzoEdv,2025年9月5日直播,,https://www.bilibili.com/video/BV13ZYVzoEdv
performance_1e28359e3cf6,song_e4587d929335,2025-07-28,哔哩哔哩,BV1ki8BzTEUT,2025年7月28日直播,,https://www.bilibili.com/video/BV1ki8BzTEUT
performance_8117c80b7745,song_e4587d929335,2025-06-21,哔哩哔哩,BV1zBNmz8EQd,2025年6月21日直播,,https://www.bilibili.com/video/BV1zBNmz8EQd
performance_825f507b8f36,song_e4587d929335,2025-05-14,哔哩哔哩,BV1gCEvz1EPs,2025年5月14日直播,,https://www.bilibili.com/video/BV1gCEvz1EPs
performance_f02d37c2545d,song_e4587d929335,2024-12-24,哔哩哔哩,BV1iJrkYsErA,2024年12月24日直播,,https://www.bilibili.com/video/BV1iJrkYsErA
performance_06867517fb83,song_e4587d929335,2024-11-29,哔哩哔哩,BV1kYz9YtEE3,2024年11月29日直播,,https://www.bilibili.com/video/BV1kYz9YtEE3
performance_ad3a6d9ce20a,song_e4587d929335,2024-11-18,哔哩哔哩,BV15JzqYAEGC,2024年11月18日直播,,https://www.bilibili.com/video/BV15JzqYAEGC
performance_fbe98ab647eb,song_ea2262461e96,2026-06-18,哔哩哔哩,BV1Kxj76MEE7,2026年6月18日直播,,https://www.bilibili.com/video/BV1Kxj76MEE7/?p=3
performance_80c95b86a12d,song_ea2262461e96,2026-04-14,哔哩哔哩,BV1pvdqBJESa,2026年4月14日直播,,https://www.bilibili.com/video/BV1pvdqBJESa/?p=2
performance_6d2d93816c1a,song_ea2262461e96,2026-02-28,哔哩哔哩,BV1TqP7zdEFq,2026年2月28日直播,,https://www.bilibili.com/video/BV1TqP7zdEFq
performance_6245e9d4f9ff,song_ea2262461e96,2026-01-04,哔哩哔哩,BV1kbqKB7E1R,2026年1月4日直播,,https://www.bilibili.com/video/BV1kbqKB7E1R
performance_5ea7fc8f0b0e,song_ea2262461e96,2025-12-18,哔哩哔哩,BV1FRqDBuEUj,2025年12月18日直播,,https://www.bilibili.com/video/BV1FRqDBuEUj
performance_291145d6fae6,song_ea2262461e96,2025-12-03,哔哩哔哩,BV1puSbBCEj3,2025年12月3日直播,,https://www.bilibili.com/video/BV1puSbBCEj3
performance_dfe486ec0846,song_ea2262461e96,2025-09-21,哔哩哔哩,BV1ninczgE1A,2025年9月21日直播,,https://www.bilibili.com/video/BV1ninczgE1A
performance_19ec5e7d5560,song_ea2262461e96,2025-09-19,哔哩哔哩,BV1RjWAzrEqv,2025年9月19日直播,,https://www.bilibili.com/video/BV1RjWAzrEqv
performance_e80c9a3956ac,song_ea2262461e96,2025-09-14,哔哩哔哩,BV1vGpBzME71,2025年9月14日直播,,https://www.bilibili.com/video/BV1vGpBzME71
performance_c4870344e549,song_ea2262461e96,2025-08-10,哔哩哔哩,BV1TPbJzWEyR,2025年8月10日直播,,https://www.bilibili.com/video/BV1TPbJzWEyR
performance_be8fed90caeb,song_ea2262461e96,2025-07-28,哔哩哔哩,BV1ki8BzTEi9,2025年7月28日直播,,https://www.bilibili.com/video/BV1ki8BzTEi9
performance_4317d8cd0ea5,song_9a2ea9fd85e6,2026-06-17,哔哩哔哩,BV1M2jF6fEQT,2026年6月17日直播,,https://www.bilibili.com/video/BV1M2jF6fEQT/?p=3
performance_f52d6cfed683,song_9a2ea9fd85e6,2026-02-18,哔哩哔哩,BV1ktZeB5Es2,2026年2月18日直播,,https://www.bilibili.com/video/BV1ktZeB5Es2
performance_edf57cd0484d,song_9a2ea9fd85e6,2026-01-08,哔哩哔哩,BV1KfiXBnEsn,2026年1月8日直播,,https://www.bilibili.com/video/BV1KfiXBnEsn
performance_8ce8c2f01d49,song_9a2ea9fd85e6,2026-01-02,哔哩哔哩,BV1qvi8BqENu,2026年1月2日直播,,https://www.bilibili.com/video/BV1qvi8BqENu
performance_1ba5ed903358,song_9a2ea9fd85e6,2025-12-23,哔哩哔哩,BV1LuBNBKEDi,2025年12月23日直播,,https://www.bilibili.com/video/BV1LuBNBKEDi
performance_9297c82ab4ce,song_9a2ea9fd85e6,2025-05-14,哔哩哔哩,BV1hCEvz1EFP,2025年5月14日直播,,https://www.bilibili.com/video/BV1hCEvz1EFP
performance_e5e3ea8cb66b,song_9a2ea9fd85e6,2025-02-03,哔哩哔哩,BV1bWPdezEQz,2025年2月3日直播,,https://www.bilibili.com/video/BV1bWPdezEQz
performance_94b9db4213db,song_9a2ea9fd85e6,2024-12-24,哔哩哔哩,BV1qJrkYsE4t,2024年12月24日直播,,https://www.bilibili.com/video/BV1qJrkYsE4t
performance_3cb99f25fe75,song_9a2ea9fd85e6,2024-11-29,哔哩哔哩,BV1hZi2Y7E4d,2024年11月29日直播,,https://www.bilibili.com/video/BV1hZi2Y7E4d
performance_36a68a08608e,song_9dab7a5c10ab,2026-06-17,哔哩哔哩,BV1M2jF6fEQT,2026年6月17日直播,,https://www.bilibili.com/video/BV1M2jF6fEQT/?p=2
performance_f3d7cb558398,song_9dab7a5c10ab,2026-01-29,哔哩哔哩,BV1uf6BBZEpo,2026年1月29日直播,,https://www.bilibili.com/video/BV1uf6BBZEpo
performance_b4174989c2e4,song_9dab7a5c10ab,2025-12-07,哔哩哔哩,BV1E5mAB4Eu9,2025年12月7日直播,,https://www.bilibili.com/video/BV1E5mAB4Eu9
performance_474f91d19e33,song_c86c73358cc7,2026-06-16,哔哩哔哩,BV1izLX6nECu,2026年6月16日直播,,https://www.bilibili.com/video/BV1izLX6nECu/?p=3
performance_1752463d65b7,song_c86c73358cc7,2026-02-22,哔哩哔哩,BV1vYfiBkEQu,2026年2月22日直播,,https://www.bilibili.com/video/BV1vYfiBkEQu
performance_2e0c2a96f0d8,song_c86c73358cc7,2026-01-13,哔哩哔哩,BV18jrHBjEn9,2026年1月13日直播,,https://www.bilibili.com/video/BV18jrHBjEn9
performance_0cf8c09ee207,song_c86c73358cc7,2026-01-06,哔哩哔哩,BV1tPquBwEtK,2026年1月6日直播,,https://www.bilibili.com/video/BV1tPquBwEtK
performance_d470eab8f0cf,song_c86c73358cc7,2025-12-07,哔哩哔哩,BV1bi29BnEoq,2025年12月7日直播,,https://www.bilibili.com/video/BV1bi29BnEoq
performance_d886a05c1a85,song_6d9873ce86ce,2026-06-16,哔哩哔哩,BV1izLX6nECu,2026年6月16日直播,,https://www.bilibili.com/video/BV1izLX6nECu/?p=2
performance_60eb91c83c5c,song_6d9873ce86ce,2026-03-07,哔哩哔哩,BV1kUPQzLEmw,2026年3月7日直播,,https://www.bilibili.com/video/BV1kUPQzLEmw
performance_84243a5b6a13,song_6d9873ce86ce,2025-12-23,哔哩哔哩,BV1fHB4BiEMV,2025年12月23日直播,,https://www.bilibili.com/video/BV1fHB4BiEMV
performance_abd84b30c738,song_6d9873ce86ce,2025-08-15,哔哩哔哩,BV1KpYCzAEL2,2025年8月15日直播,,https://www.bilibili.com/video/BV1KpYCzAEL2
performance_1c1699b0239c,song_d02db528c918,2026-06-16,哔哩哔哩,BV1izLX6nECu,2026年6月16日直播,,https://www.bilibili.com/video/BV1izLX6nECu/?p=1
performance_4845c3a13a21,song_d02db528c918,2026-01-09,哔哩哔哩,BV1HX6UBkEoD,2026年1月9日直播,,https://www.bilibili.com/video/BV1HX6UBkEoD
performance_74af47a42713,song_d02db528c918,2025-12-26,哔哩哔哩,BV1SMB9BcEBU,2025年12月26日直播,,https://www.bilibili.com/video/BV1SMB9BcEBU
performance_d6882eac4be5,song_226bff6c39fb,2026-06-15,哔哩哔哩,BV1nkjg6GEzd,2026年6月15日直播,,https://www.bilibili.com/video/BV1nkjg6GEzd/?p=7
performance_1076c1e60570,song_226bff6c39fb,2026-05-20,哔哩哔哩,BV1GFGE6uEri,2026年5月20日直播,,https://www.bilibili.com/video/BV1GFGE6uEri/?p=1
performance_f620d2a4f181,song_226bff6c39fb,2026-02-28,哔哩哔哩,BV1UYP7ztEZM,2026年2月28日直播,,https://www.bilibili.com/video/BV1UYP7ztEZM
performance_22395412f4ac,song_226bff6c39fb,2026-02-06,哔哩哔哩,BV1k8cFzdEdA,2026年2月6日直播,,https://www.bilibili.com/video/BV1k8cFzdEdA
performance_35786b8cd95e,song_226bff6c39fb,2026-01-02,哔哩哔哩,BV1qvi8BqEHN,2026年1月2日直播,,https://www.bilibili.com/video/BV1qvi8BqEHN
performance_3468d54d108d,song_226bff6c39fb,2026-01-01,哔哩哔哩,BV1KtvXBmE8b,2026年1月1日直播,,https://www.bilibili.com/video/BV1KtvXBmE8b
performance_6925160190b8,song_226bff6c39fb,2025-12-18,哔哩哔哩,BV1y2qDBCEj6,2025年12月18日直播,,https://www.bilibili.com/video/BV1y2qDBCEj6
performance_309c41378b1b,song_226bff6c39fb,2025-10-23,哔哩哔哩,BV1e6sYzhEuT,2025年10月23日直播,,https://www.bilibili.com/video/BV1e6sYzhEuT
performance_b2dd8018cbf5,song_226bff6c39fb,2025-08-22,哔哩哔哩,BV1stebz4Egk,2025年8月22日直播,,https://www.bilibili.com/video/BV1stebz4Egk
performance_d14a33363f4c,song_e08071e8228e,2026-06-15,哔哩哔哩,BV1nkjg6GEzd,2026年6月15日直播,,https://www.bilibili.com/video/BV1nkjg6GEzd/?p=3
performance_69443b50ce52,song_e08071e8228e,2026-03-25,哔哩哔哩,BV1mC9WBUEpw,2026年3月25日直播,,https://www.bilibili.com/video/BV1mC9WBUEpw
performance_6821a5e78541,song_e08071e8228e,2026-02-08,哔哩哔哩,BV1VVFXzsEoy,2026年2月8日直播,,https://www.bilibili.com/video/BV1VVFXzsEoy
performance_8c8c773db534,song_e08071e8228e,2026-01-11,哔哩哔哩,BV1gErvBpEea,2026年1月11日直播,,https://www.bilibili.com/video/BV1gErvBpEea
performance_cd36e5651cae,song_e08071e8228e,2025-12-10,哔哩哔哩,BV1nymHBUEeF,2025年12月10日直播,,https://www.bilibili.com/video/BV1nymHBUEeF
performance_86ffc1c71313,song_e08071e8228e,2025-01-31,哔哩哔哩,BV1SyFXeXEsx,2025年1月31日直播,,https://www.bilibili.com/video/BV1SyFXeXEsx
performance_0e1a8ff03370,song_e08071e8228e,2024-12-07,哔哩哔哩,BV1eLqpYQEfV,2024年12月7日直播,,https://www.bilibili.com/video/BV1eLqpYQEfV
performance_40457391b349,song_b3949760c5fa,2026-06-13,哔哩哔哩,BV1UNJT6DEEk,2026年6月13日直播,,https://www.bilibili.com/video/BV1UNJT6DEEk/?p=8
performance_9765784c9fc7,song_b3949760c5fa,2026-05-01,哔哩哔哩,BV1zMRcBMEei,2026年5月1日直播,,https://www.bilibili.com/video/BV1zMRcBMEei/?p=1
performance_ce476c564e3f,song_b3949760c5fa,2026-04-15,哔哩哔哩,BV1HBdqB7EPP,2026年4月15日直播,,https://www.bilibili.com/video/BV1HBdqB7EPP/?p=3
performance_f5f9300dd431,song_b3949760c5fa,2026-04-02,哔哩哔哩,BV1A6DMBdEyC,2026年4月2日直播,,https://www.bilibili.com/video/BV1A6DMBdEyC/?p=4
performance_2d4d44351c67,song_b3949760c5fa,2026-02-14,哔哩哔哩,BV1VYZtBmEj2,2026年2月14日直播,,https://www.bilibili.com/video/BV1VYZtBmEj2
performance_80537e4fda71,song_b3949760c5fa,2026-02-11,哔哩哔哩,BV1Nsc3zfESu,2026年2月11日直播,,https://www.bilibili.com/video/BV1Nsc3zfESu
performance_4298dc84e844,song_b3949760c5fa,2026-01-25,哔哩哔哩,BV1Xk63B9EvL,2026年1月25日直播,,https://www.bilibili.com/video/BV1Xk63B9EvL
performance_c9d5e6b991eb,song_b3949760c5fa,2026-01-11,哔哩哔哩,BV1KtrvBjEK8,2026年1月11日直播,,https://www.bilibili.com/video/BV1KtrvBjEK8
performance_3a2606fc1295,song_b3949760c5fa,2025-12-19,哔哩哔哩,BV111qDB5EKJ,2025年12月19日直播,,https://www.bilibili.com/video/BV111qDB5EKJ
performance_0d823347b7f9,song_b3949760c5fa,2025-11-21,哔哩哔哩,BV1g3yKBLEXo,2025年11月21日直播,,https://www.bilibili.com/video/BV1g3yKBLEXo
performance_45a5a72afd37,song_b3949760c5fa,2025-09-14,哔哩哔哩,BV1RGpBzMEi3,2025年9月14日直播,,https://www.bilibili.com/video/BV1RGpBzMEi3
performance_45890367e460,song_b3949760c5fa,2025-06-21,哔哩哔哩,BV16qNmzcEQ2,2025年6月21日直播,,https://www.bilibili.com/video/BV16qNmzcEQ2
performance_371c91a1fbbd,song_b3949760c5fa,2024-12-24,哔哩哔哩,BV1Krcne8EAu,2024年12月24日直播,,https://www.bilibili.com/video/BV1Krcne8EAu
performance_57f3c6e239d6,song_b3949760c5fa,2024-11-13,哔哩哔哩,BV1c4U8YmEkJ,2024年11月13日直播,,https://www.bilibili.com/video/BV1c4U8YmEkJ
performance_6903d4cde6de,song_eca05cabab45,2026-06-13,哔哩哔哩,BV1UNJT6DEEk,2026年6月13日直播,,https://www.bilibili.com/video/BV1UNJT6DEEk/?p=7
performance_f8ea7e42ac51,song_eca05cabab45,2026-02-03,哔哩哔哩,BV1wEffBHESc,2026年2月3日直播,,https://www.bilibili.com/video/BV1wEffBHESc
performance_fab10871fb33,song_eca05cabab45,2026-01-14,哔哩哔哩,BV1jKrZBfEsf,2026年1月14日直播,,https://www.bilibili.com/video/BV1jKrZBfEsf
performance_e2b47182b09b,song_eca05cabab45,2025-12-26,哔哩哔哩,BV18MB9BcEnU,2025年12月26日直播,,https://www.bilibili.com/video/BV18MB9BcEnU
performance_0f017c63616b,song_eca05cabab45,2025-12-01,哔哩哔哩,BV1MGSqBCEUb,2025年12月1日直播,,https://www.bilibili.com/video/BV1MGSqBCEUb
performance_35e5e3a33fce,song_eca05cabab45,2025-10-26,哔哩哔哩,BV1cVxcz9Ek2,2025年10月26日直播,,https://www.bilibili.com/video/BV1cVxcz9Ek2
performance_9f2dac68a5c4,song_eca05cabab45,2025-03-06,哔哩哔哩,BV1xDRhYrE5u,2025年3月6日直播,,https://www.bilibili.com/video/BV1xDRhYrE5u
performance_5a812f8e31a1,song_eca05cabab45,2025-01-29,哔哩哔哩,BV1QnFkebErT,2025年1月29日直播,,https://www.bilibili.com/video/BV1QnFkebErT
performance_1775280479dc,song_eca05cabab45,2024-12-24,哔哩哔哩,BV1qJrkYsEHi,2024年12月24日直播,,https://www.bilibili.com/video/BV1qJrkYsEHi
performance_20807f88cd6f,song_eca05cabab45,2024-11-21,哔哩哔哩,BV1YQidYGEnt,2024年11月21日直播,,https://www.bilibili.com/video/BV1YQidYGEnt
performance_3ce682d4abc5,song_4e281622713e,2026-06-13,哔哩哔哩,BV1UNJT6DEEk,2026年6月13日直播,,https://www.bilibili.com/video/BV1UNJT6DEEk/?p=9
performance_af6eaf68357c,song_4e281622713e,2026-04-11,哔哩哔哩,BV19QQYB7EBm,2026年4月11日直播,,https://www.bilibili.com/video/BV19QQYB7EBm/?p=5
performance_a2e28bf77615,song_4e281622713e,2026-02-10,哔哩哔哩,BV1jiFdzKEny,2026年2月10日直播,,https://www.bilibili.com/video/BV1jiFdzKEny
performance_6876f31738a1,song_4e281622713e,2026-01-23,哔哩哔哩,BV1M8zmB1EP5,2026年1月23日直播,,https://www.bilibili.com/video/BV1M8zmB1EP5
performance_d27844cab1bf,song_4e281622713e,2025-12-30,哔哩哔哩,BV1QgvxB5EnF,2025年12月30日直播,,https://www.bilibili.com/video/BV1QgvxB5EnF
performance_cd9ce6490995,song_4e281622713e,2025-12-02,哔哩哔哩,BV1rkSpBdEKA,2025年12月2日直播,,https://www.bilibili.com/video/BV1rkSpBdEKA
performance_68d9e574a487,song_4e281622713e,2025-10-17,哔哩哔哩,BV1orWJzbEcS,2025年10月17日直播,,https://www.bilibili.com/video/BV1orWJzbEcS
performance_cebf2e992428,song_4e281622713e,2025-05-08,哔哩哔哩,BV1Ev55zdEL6,2025年5月8日直播,,https://www.bilibili.com/video/BV1Ev55zdEL6
performance_013f51814e57,song_4e281622713e,2025-03-28,哔哩哔哩,BV1pqZzYPEz3,2025年3月28日直播,,https://www.bilibili.com/video/BV1pqZzYPEz3
performance_f810fa9d6535,song_cf6baddf3a67,2026-06-13,哔哩哔哩,BV1UNJT6DEEk,2026年6月13日直播,,https://www.bilibili.com/video/BV1UNJT6DEEk/?p=11
performance_aa5a6697618b,song_cf6baddf3a67,2026-05-01,哔哩哔哩,BV1zMRcBMEei,2026年5月1日直播,,https://www.bilibili.com/video/BV1zMRcBMEei/?p=4
performance_4d69ac82dbcc,song_cf6baddf3a67,2026-04-12,哔哩哔哩,BV1z6QYBRE6E,2026年4月12日直播,,https://www.bilibili.com/video/BV1z6QYBRE6E/?p=8
performance_4fce96dabc55,song_cf6baddf3a67,2025-12-20,哔哩哔哩,BV1J7qrBkEyh,2025年12月20日直播,,https://www.bilibili.com/video/BV1J7qrBkEyh
performance_52bd668268cc,song_cf6baddf3a67,2025-11-29,哔哩哔哩,BV1DESnBeE9q,2025年11月29日直播,,https://www.bilibili.com/video/BV1DESnBeE9q
performance_cb8060162405,song_cf6baddf3a67,2025-11-08,哔哩哔哩,BV1Yx11BwEdk,2025年11月8日直播,,https://www.bilibili.com/video/BV1Yx11BwEdk
performance_54eed6716277,song_cf6baddf3a67,2025-05-14,哔哩哔哩,BV136EvzmEbX,2025年5月14日直播,,https://www.bilibili.com/video/BV136EvzmEbX
performance_b17571d3cb42,song_cf6baddf3a67,2025-02-07,哔哩哔哩,BV1gBNPewEgt,2025年2月7日直播,,https://www.bilibili.com/video/BV1gBNPewEgt
performance_167163eb77c3,song_cf6baddf3a67,2024-11-15,哔哩哔哩,BV1QXUpY1Eq8,2024年11月15日直播,,https://www.bilibili.com/video/BV1QXUpY1Eq8
performance_cd7ed3182074,song_f333f6f8a5fa,2026-06-13,哔哩哔哩,BV1UNJT6DEEk,2026年6月13日直播,,https://www.bilibili.com/video/BV1UNJT6DEEk/?p=3
performance_4219e09c8cf2,song_f333f6f8a5fa,2026-02-14,哔哩哔哩,BV1avZtBLED4,2026年2月14日直播,,https://www.bilibili.com/video/BV1avZtBLED4
performance_fa821de2856d,song_f333f6f8a5fa,2026-02-05,哔哩哔哩,BV14HFxzPEFK,2026年2月5日直播,,https://www.bilibili.com/video/BV14HFxzPEFK
performance_9a97d80df4e7,song_f333f6f8a5fa,2025-12-13,哔哩哔哩,BV1NXmXByEP6,2025年12月13日直播,,https://www.bilibili.com/video/BV1NXmXByEP6
performance_e421f7e3502a,song_f333f6f8a5fa,2025-05-15,哔哩哔哩,BV1SkEyzTEaB,2025年5月15日直播,,https://www.bilibili.com/video/BV1SkEyzTEaB
performance_822bcff3db0a,song_f333f6f8a5fa,2025-03-20,哔哩哔哩,BV1c1XHYTEZn,2025年3月20日直播,,https://www.bilibili.com/video/BV1c1XHYTEZn
performance_372fcd6159c4,song_f333f6f8a5fa,2025-01-24,哔哩哔哩,BV1f1fsYsEQq,2025年1月24日直播,,https://www.bilibili.com/video/BV1f1fsYsEQq
performance_335c106628c6,song_f333f6f8a5fa,2024-11-20,哔哩哔哩,BV1ZfiRYmEQT,2024年11月20日直播,,https://www.bilibili.com/video/BV1ZfiRYmEQT
performance_8081cd167601,song_2bb48f678ff1,2026-06-13,哔哩哔哩,BV1UNJT6DEEk,2026年6月13日直播,,https://www.bilibili.com/video/BV1UNJT6DEEk/?p=5
performance_2713cf9d3824,song_2bb48f678ff1,2026-05-20,哔哩哔哩,BV1GFGE6uEri,2026年5月20日直播,,https://www.bilibili.com/video/BV1GFGE6uEri/?p=8
performance_f469e2c3b07b,song_2bb48f678ff1,2026-02-11,哔哩哔哩,BV1NWc3z8EbY,2026年2月11日直播,,https://www.bilibili.com/video/BV1NWc3z8EbY
performance_0a5db0736f82,song_2bb48f678ff1,2026-01-23,哔哩哔哩,BV179zmBFEcz,2026年1月23日直播,,https://www.bilibili.com/video/BV179zmBFEcz
performance_8f74d0916a6b,song_2bb48f678ff1,2025-07-28,哔哩哔哩,BV1Ai8BzMEAa,2025年7月28日直播,,https://www.bilibili.com/video/BV1Ai8BzMEAa
performance_e01a0e060ad8,song_2bb48f678ff1,2025-06-21,哔哩哔哩,BV1zBNmz8E2s,2025年6月21日直播,,https://www.bilibili.com/video/BV1zBNmz8E2s
performance_11f62a406d64,song_2bb48f678ff1,2025-05-14,哔哩哔哩,BV1EsEvzZE7G,2025年5月14日直播,,https://www.bilibili.com/video/BV1EsEvzZE7G
performance_f6a8c96fa6dc,song_2bb48f678ff1,2025-01-04,哔哩哔哩,BV1ndcFebEsV,2025年1月4日直播,,https://www.bilibili.com/video/BV1ndcFebEsV
performance_6dadcfea3e0d,song_9de50ad1a4fe,2026-06-13,哔哩哔哩,BV1UNJT6DEEk,2026年6月13日直播,,https://www.bilibili.com/video/BV1UNJT6DEEk/?p=12
performance_08ea1cda37ad,song_9de50ad1a4fe,2026-01-23,哔哩哔哩,BV1GnzmBQEpL,2026年1月23日直播,,https://www.bilibili.com/video/BV1GnzmBQEpL
performance_10108a7f616b,song_9de50ad1a4fe,2026-01-09,哔哩哔哩,BV11C6UBUEf1,2026年1月9日直播,,https://www.bilibili.com/video/BV11C6UBUEf1
performance_6b7010e24917,song_9de50ad1a4fe,2025-09-05,哔哩哔哩,BV12xYVzUERD,2025年9月5日直播,,https://www.bilibili.com/video/BV12xYVzUERD
performance_d3394cc3d8f0,song_9de50ad1a4fe,2025-08-15,哔哩哔哩,BV1KnYCzeEfL,2025年8月15日直播,,https://www.bilibili.com/video/BV1KnYCzeEfL
performance_3db80075106e,song_9de50ad1a4fe,2025-08-15,哔哩哔哩,BV1xpYCzAEfc,2025年8月15日直播,,https://www.bilibili.com/video/BV1xpYCzAEfc
performance_5bf65021ca11,song_aa49f6f5d093,2026-06-13,哔哩哔哩,BV1UNJT6DEEk,2026年6月13日直播,,https://www.bilibili.com/video/BV1UNJT6DEEk/?p=10
performance_22e6cc8af5ae,song_aa49f6f5d093,2026-02-22,哔哩哔哩,BV1vYfiBkEud,2026年2月22日直播,,https://www.bilibili.com/video/BV1vYfiBkEud
performance_6056c6f30b37,song_aa49f6f5d093,2025-10-13,哔哩哔哩,BV1Gn4GzrEod,2025年10月13日直播,,https://www.bilibili.com/video/BV1Gn4GzrEod
performance_156027334e76,song_aa49f6f5d093,2025-05-18,哔哩哔哩,BV1hNJ3z7EXQ,2025年5月18日直播,,https://www.bilibili.com/video/BV1hNJ3z7EXQ
performance_1c502facea26,song_aa49f6f5d093,2025-02-07,哔哩哔哩,BV14kNPebERy,2025年2月7日直播,,https://www.bilibili.com/video/BV14kNPebERy
performance_03ac52874b6b,song_19af3bf46f97,2026-06-10,哔哩哔哩,BV1GHEi6zE5H,2026年6月10日直播,,https://www.bilibili.com/video/BV1GHEi6zE5H/?p=4
performance_b1a4c9beb620,song_19af3bf46f97,2026-04-28,哔哩哔哩,BV1sqRcBEEXj,2026年4月28日直播,,https://www.bilibili.com/video/BV1sqRcBEEXj/?p=6
performance_c0341cd6156b,song_19af3bf46f97,2026-02-25,哔哩哔哩,BV1kaA2zZEG1,2026年2月25日直播,,https://www.bilibili.com/video/BV1kaA2zZEG1
performance_284a57ad8684,song_19af3bf46f97,2026-02-11,哔哩哔哩,BV1NWc3z8EUy,2026年2月11日直播,,https://www.bilibili.com/video/BV1NWc3z8EUy
performance_0ab9d2cb0d0a,song_19af3bf46f97,2026-02-06,哔哩哔哩,BV1tccczvEsL,2026年2月6日直播,,https://www.bilibili.com/video/BV1tccczvEsL
performance_d0e82a62e6de,song_19af3bf46f97,2026-01-27,哔哩哔哩,BV12HzXBxEy8,2026年1月27日直播,,https://www.bilibili.com/video/BV12HzXBxEy8
performance_5dfa61aa0215,song_19af3bf46f97,2026-01-15,哔哩哔哩,BV1LjkwBBE2i,2026年1月15日直播,,https://www.bilibili.com/video/BV1LjkwBBE2i
performance_3bcd25b4a0c1,song_19af3bf46f97,2026-01-08,哔哩哔哩,BV1tridB8EwK,2026年1月8日直播,,https://www.bilibili.com/video/BV1tridB8EwK
performance_ab22092840c5,song_19af3bf46f97,2025-12-18,哔哩哔哩,BV16RqDBMEWt,2025年12月18日直播,,https://www.bilibili.com/video/BV16RqDBMEWt
performance_8cb99f09e8a1,song_19af3bf46f97,2025-12-05,哔哩哔哩,BV1NF27BgEPc,2025年12月5日直播,,https://www.bilibili.com/video/BV1NF27BgEPc
performance_dbfb0c7ac137,song_19af3bf46f97,2025-08-01,哔哩哔哩,BV1EKhWzxENc,2025年8月1日直播,,https://www.bilibili.com/video/BV1EKhWzxENc
performance_21746f7746bc,song_19af3bf46f97,2025-07-28,哔哩哔哩,BV1pi8BzMEvA,2025年7月28日直播,,https://www.bilibili.com/video/BV1pi8BzMEvA
performance_be8723d303ce,song_19af3bf46f97,2025-02-07,哔哩哔哩,BV1J7NPe1EMV,2025年2月7日直播,,https://www.bilibili.com/video/BV1J7NPe1EMV
performance_725d3444ea42,song_19af3bf46f97,2025-02-03,哔哩哔哩,BV1LQPdenEdU,2025年2月3日直播,,https://www.bilibili.com/video/BV1LQPdenEdU
performance_b8d75a0005cc,song_19af3bf46f97,2024-12-24,哔哩哔哩,BV1ykcneZEin,2024年12月24日直播,,https://www.bilibili.com/video/BV1ykcneZEin
performance_f17eeb31dec2,song_19af3bf46f97,2024-12-15,哔哩哔哩,BV1nCkgYkEh3,2024年12月15日直播,,https://www.bilibili.com/video/BV1nCkgYkEh3
performance_4f941312c99a,song_19af3bf46f97,2024-11-17,哔哩哔哩,BV11XUUYrEp5,2024年11月17日直播,,https://www.bilibili.com/video/BV11XUUYrEp5
performance_3aaf99bda44e,song_19af3bf46f97,2024-11-15,哔哩哔哩,BV19SUpYmEwB,2024年11月15日直播,,https://www.bilibili.com/video/BV19SUpYmEwB
performance_86a69097773e,song_5a8820707201,2026-06-10,哔哩哔哩,BV1GHEi6zE5H,2026年6月10日直播,,https://www.bilibili.com/video/BV1GHEi6zE5H/?p=9
performance_d7e4e9f71170,song_5a8820707201,2026-05-05,哔哩哔哩,BV1YKR4BvEeR,2026年5月5日直播,,https://www.bilibili.com/video/BV1YKR4BvEeR/?p=3
performance_a730c4377f0f,song_5a8820707201,2026-03-03,哔哩哔哩,BV1T2PyzeEvu,2026年3月3日直播,,https://www.bilibili.com/video/BV1T2PyzeEvu
performance_0913cdfdcc05,song_5a8820707201,2026-01-24,哔哩哔哩,BV1wTzbBUEcF,2026年1月24日直播,,https://www.bilibili.com/video/BV1wTzbBUEcF
performance_de7a8b646f97,song_5a8820707201,2026-01-10,哔哩哔哩,BV11brvByEqu,2026年1月10日直播,,https://www.bilibili.com/video/BV11brvByEqu
performance_5ea8e37fd7bf,song_5a8820707201,2025-11-21,哔哩哔哩,BV14EyKB6EpV,2025年11月21日直播,,https://www.bilibili.com/video/BV14EyKB6EpV
performance_81c77cd482e3,song_5a8820707201,2025-10-13,哔哩哔哩,BV1hp4GzgEm9,2025年10月13日直播,,https://www.bilibili.com/video/BV1hp4GzgEm9
performance_0a962ece964f,song_5a8820707201,2025-08-01,哔哩哔哩,BV1wLhpz8Ev5,2025年8月1日直播,,https://www.bilibili.com/video/BV1wLhpz8Ev5
performance_44869fd85abd,song_5a8820707201,2025-03-28,哔哩哔哩,BV1HBZzYYEmR,2025年3月28日直播,,https://www.bilibili.com/video/BV1HBZzYYEmR
performance_8d44ac83e1fa,song_5a8820707201,2025-03-20,哔哩哔哩,BV1P6XHY6ETg,2025年3月20日直播,,https://www.bilibili.com/video/BV1P6XHY6ETg
performance_c60e36407f47,song_5a8820707201,2025-03-06,哔哩哔哩,BV1HfRhYKEKq,2025年3月6日直播,,https://www.bilibili.com/video/BV1HfRhYKEKq
performance_422f7cd1bcfd,song_5a8820707201,2025-01-01,哔哩哔哩,BV1zocFeZEG2,2025年1月1日直播,,https://www.bilibili.com/video/BV1zocFeZEG2
performance_4d1e8943afac,song_5e6129efbc62,2026-06-10,哔哩哔哩,BV1GHEi6zE5H,2026年6月10日直播,,https://www.bilibili.com/video/BV1GHEi6zE5H/?p=5
performance_411ceeb00f77,song_5e6129efbc62,2026-05-05,哔哩哔哩,BV1YKR4BvEeR,2026年5月5日直播,,https://www.bilibili.com/video/BV1YKR4BvEeR/?p=2
performance_a05f794747cf,song_5e6129efbc62,2026-04-14,哔哩哔哩,BV1pvdqBJESa,2026年4月14日直播,,https://www.bilibili.com/video/BV1pvdqBJESa/?p=1
performance_df24612f9dec,song_5e6129efbc62,2026-04-08,哔哩哔哩,BV1sgQFBTEgi,2026年4月8日直播,,https://www.bilibili.com/video/BV1sgQFBTEgi/?p=1
performance_aabf7ae21382,song_5e6129efbc62,2026-03-26,哔哩哔哩,BV1Ye9WBdExF,2026年3月26日直播,,https://www.bilibili.com/video/BV1Ye9WBdExF
performance_d6692993d286,song_5e6129efbc62,2026-03-22,哔哩哔哩,BV1tsXEBYEa3,2026年3月22日直播,,https://www.bilibili.com/video/BV1tsXEBYEa3
performance_6d0d201c5ce9,song_5e6129efbc62,2026-03-07,哔哩哔哩,BV1kUPQzLEX8,2026年3月7日直播,,https://www.bilibili.com/video/BV1kUPQzLEX8
performance_9cc267dfb445,song_5e6129efbc62,2026-01-29,哔哩哔哩,BV1uf6BBZEqm,2026年1月29日直播,,https://www.bilibili.com/video/BV1uf6BBZEqm
performance_a56f7f0468ca,song_5e6129efbc62,2025-10-31,哔哩哔哩,BV1e9yYBhEpD,2025年10月31日直播,,https://www.bilibili.com/video/BV1e9yYBhEpD
performance_71e51cdfffaf,song_5e6129efbc62,2025-09-19,哔哩哔哩,BV1taWAzaEsr,2025年9月19日直播,,https://www.bilibili.com/video/BV1taWAzaEsr
performance_1d5ed045db7e,song_5e6129efbc62,2025-03-28,哔哩哔哩,BV1saZzYqEzb,2025年3月28日直播,,https://www.bilibili.com/video/BV1saZzYqEzb
performance_59d090f96e7c,song_1a0ce6d6cf3e,2026-06-10,哔哩哔哩,BV1GHEi6zE5H,2026年6月10日直播,,https://www.bilibili.com/video/BV1GHEi6zE5H/?p=3
performance_2629a480507e,song_1a0ce6d6cf3e,2026-05-01,哔哩哔哩,BV1zMRcBMEei,2026年5月1日直播,,https://www.bilibili.com/video/BV1zMRcBMEei/?p=13
performance_438d9d78ee20,song_1a0ce6d6cf3e,2026-04-12,哔哩哔哩,BV1z6QYBRE6E,2026年4月12日直播,,https://www.bilibili.com/video/BV1z6QYBRE6E/?p=1
performance_8df98571c2fd,song_1a0ce6d6cf3e,2026-01-25,哔哩哔哩,BV19k63B9EMs,2026年1月25日直播,,https://www.bilibili.com/video/BV19k63B9EMs
performance_a83177752fed,song_1a0ce6d6cf3e,2026-01-16,哔哩哔哩,BV1zDrDB1Egf,2026年1月16日直播,,https://www.bilibili.com/video/BV1zDrDB1Egf
performance_261700c5445d,song_1a0ce6d6cf3e,2025-09-12,哔哩哔哩,BV1aSpFzbE7r,2025年9月12日直播,,https://www.bilibili.com/video/BV1aSpFzbE7r
performance_c6ba2c4050a4,song_1a0ce6d6cf3e,2025-08-22,哔哩哔哩,BV19Gehz5Enp,2025年8月22日直播,,https://www.bilibili.com/video/BV19Gehz5Enp
performance_79420b5ad326,song_309078049694,2026-06-10,哔哩哔哩,BV1GHEi6zE5H,2026年6月10日直播,,https://www.bilibili.com/video/BV1GHEi6zE5H/?p=8
performance_002b31f80492,song_309078049694,2026-05-10,哔哩哔哩,BV1aK5W64Ega,2026年5月10日直播,,https://www.bilibili.com/video/BV1aK5W64Ega/?p=5
performance_7c82707abd11,song_309078049694,2026-02-26,哔哩哔哩,BV1BmADzPEHV,2026年2月26日直播,,https://www.bilibili.com/video/BV1BmADzPEHV
performance_7c2b57718c0b,song_309078049694,2026-01-01,哔哩哔哩,BV1AivXBGE7A,2026年1月1日直播,,https://www.bilibili.com/video/BV1AivXBGE7A
performance_e338ec27a635,song_309078049694,2025-12-29,哔哩哔哩,BV1XkvyBNEP9,2025年12月29日直播,,https://www.bilibili.com/video/BV1XkvyBNEP9
performance_ff1830ca4bac,song_309078049694,2025-12-17,哔哩哔哩,BV1eoqGBpEUU,2025年12月17日直播,,https://www.bilibili.com/video/BV1eoqGBpEUU
performance_b248e2028861,song_c62d80edaa92,2026-06-10,哔哩哔哩,BV1GHEi6zE5H,2026年6月10日直播,,https://www.bilibili.com/video/BV1GHEi6zE5H/?p=11
performance_95836b77a938,song_c62d80edaa92,2026-02-27,哔哩哔哩,BV1UnPuzeE3R,2026年2月27日直播,,https://www.bilibili.com/video/BV1UnPuzeE3R
performance_e800ed0a30bd,song_c62d80edaa92,2026-02-14,哔哩哔哩,BV14mZtBTEuc,2026年2月14日直播,,https://www.bilibili.com/video/BV14mZtBTEuc
performance_d709bf06eaa8,song_c62d80edaa92,2025-09-12,哔哩哔哩,BV189pFzdETY,2025年9月12日直播,,https://www.bilibili.com/video/BV189pFzdETY
performance_9cd25c1b4bce,song_c62d80edaa92,2024-11-21,哔哩哔哩,BV1hdidYzExm,2024年11月21日直播,,https://www.bilibili.com/video/BV1hdidYzExm
performance_6f246f094058,song_b1fe52e288cf,2026-06-10,哔哩哔哩,BV1GHEi6zE5H,2026年6月10日直播,,https://www.bilibili.com/video/BV1GHEi6zE5H/?p=2
performance_b94d54ba8d3f,song_b1fe52e288cf,2025-07-30,哔哩哔哩,BV1TNhpzTEQ6,2025年7月30日直播,,https://www.bilibili.com/video/BV1TNhpzTEQ6
performance_5eeb40ed381e,song_2ada28e03566,2026-05-26,哔哩哔哩,BV1WXVa6PEM3,2026年5月26日直播,,https://www.bilibili.com/video/BV1WXVa6PEM3/?p=5
performance_22ffcbffb639,song_2ada28e03566,2026-05-13,哔哩哔哩,BV1NU5S69EPy,2026年5月13日直播,,https://www.bilibili.com/video/BV1NU5S69EPy/?p=6
performance_8719eb8d41d2,song_2ada28e03566,2026-02-07,哔哩哔哩,BV1UzcczBEoM,2026年2月7日直播,,https://www.bilibili.com/video/BV1UzcczBEoM
performance_03cf2c7e595c,song_2ada28e03566,2025-12-29,哔哩哔哩,BV1dkvxBpEpF,2025年12月29日直播,,https://www.bilibili.com/video/BV1dkvxBpEpF
performance_0db4e2f95ae4,song_2ada28e03566,2025-12-18,哔哩哔哩,BV1y2qDBCEbX,2025年12月18日直播,,https://www.bilibili.com/video/BV1y2qDBCEbX
performance_2f8ae82d8fa7,song_2ada28e03566,2025-12-07,哔哩哔哩,BV1JGmABZEMj,2025年12月7日直播,,https://www.bilibili.com/video/BV1JGmABZEMj
performance_f0237b28079a,song_2ada28e03566,2025-12-03,哔哩哔哩,BV1w3SbBGExG,2025年12月3日直播,,https://www.bilibili.com/video/BV1w3SbBGExG
performance_78a13ce0011c,song_2ada28e03566,2025-03-28,哔哩哔哩,BV1HBZzYYENm,2025年3月28日直播,,https://www.bilibili.com/video/BV1HBZzYYENm
performance_39ceb78f1a0e,song_2ada28e03566,2025-01-31,哔哩哔哩,BV1CeFQerEzV,2025年1月31日直播,,https://www.bilibili.com/video/BV1CeFQerEzV
performance_c8a05ce21f06,song_2ada28e03566,2024-11-15,哔哩哔哩,BV1jCUpYXEnb,2024年11月15日直播,,https://www.bilibili.com/video/BV1jCUpYXEnb
performance_1ed49925b4d4,song_de926efa8ac9,2026-05-26,哔哩哔哩,BV1WXVa6PEM3,2026年5月26日直播,,https://www.bilibili.com/video/BV1WXVa6PEM3/?p=2
performance_21cd63f8dbd3,song_a1eb8f17d2be,2026-05-24,哔哩哔哩,BV19mGo6SE3t,2026年5月24日直播,,https://www.bilibili.com/video/BV19mGo6SE3t/?p=10
performance_dd13bed33fda,song_a1eb8f17d2be,2026-03-20,哔哩哔哩,BV1NkA3zNEhs,2026年3月20日直播,,https://www.bilibili.com/video/BV1NkA3zNEhs
performance_93071e652ae3,song_a1eb8f17d2be,2026-01-21,哔哩哔哩,BV1KJzTBcE9W,2026年1月21日直播,,https://www.bilibili.com/video/BV1KJzTBcE9W
performance_3d11204d3d86,song_a1eb8f17d2be,2026-01-09,哔哩哔哩,BV1z76UBiEsW,2026年1月9日直播,,https://www.bilibili.com/video/BV1z76UBiEsW
performance_4434f01d15de,song_a1eb8f17d2be,2026-01-02,哔哩哔哩,BV1qvi8BqENa,2026年1月2日直播,,https://www.bilibili.com/video/BV1qvi8BqENa
performance_5843dbdb6ce7,song_a1eb8f17d2be,2025-10-13,哔哩哔哩,BV1Gn4GzrEpc,2025年10月13日直播,,https://www.bilibili.com/video/BV1Gn4GzrEpc
performance_f7381867f52d,song_a1eb8f17d2be,2025-08-01,哔哩哔哩,BV1GqhpzLEVu,2025年8月1日直播,,https://www.bilibili.com/video/BV1GqhpzLEVu
performance_8adf46604791,song_a1eb8f17d2be,2025-06-22,哔哩哔哩,BV15uNmznELL,2025年6月22日直播,,https://www.bilibili.com/video/BV15uNmznELL
performance_97eafde5494a,song_a1eb8f17d2be,2025-05-04,哔哩哔哩,BV1NgV1znE4e,2025年5月4日直播,,https://www.bilibili.com/video/BV1NgV1znE4e
performance_de0c67b825c1,song_a1eb8f17d2be,2024-11-20,哔哩哔哩,BV1ocidYjEqZ,2024年11月20日直播,,https://www.bilibili.com/video/BV1ocidYjEqZ
performance_b25eb3583eb5,song_fb698c75a953,2026-05-24,哔哩哔哩,BV19mGo6SE3t,2026年5月24日直播,,https://www.bilibili.com/video/BV19mGo6SE3t/?p=9
performance_fe552f6a22e3,song_fb698c75a953,2026-01-25,哔哩哔哩,BV1RB63B4Eyw,2026年1月25日直播,,https://www.bilibili.com/video/BV1RB63B4Eyw
performance_52cfbdba98ce,song_fb698c75a953,2024-11-21,哔哩哔哩,BV1DdidYzE1c,2024年11月21日直播,,https://www.bilibili.com/video/BV1DdidYzE1c
performance_59c23b303720,song_3ff03d6461a2,2026-05-24,哔哩哔哩,BV19mGo6SE3t,2026年5月24日直播,,https://www.bilibili.com/video/BV19mGo6SE3t/?p=11
performance_03c833bc0572,song_3ff03d6461a2,2025-12-25,哔哩哔哩,BV1WmB1BaEtE,2025年12月25日直播,,https://www.bilibili.com/video/BV1WmB1BaEtE
performance_23e76a2b5188,song_3ff03d6461a2,2025-05-23,哔哩哔哩,BV1NMjnz4E21,2025年5月23日直播,,https://www.bilibili.com/video/BV1NMjnz4E21
performance_581b2e7c4ed2,song_0a2d39b8d8de,2026-05-24,哔哩哔哩,BV19mGo6SE3t,2026年5月24日直播,,https://www.bilibili.com/video/BV19mGo6SE3t/?p=1
performance_9476fb7d0601,song_0a2d39b8d8de,2024-12-10,哔哩哔哩,BV1w4qUYgELD,2024年12月10日直播,,https://www.bilibili.com/video/BV1w4qUYgELD
performance_671ca094fa26,song_b1f76d2785be,2026-05-24,哔哩哔哩,BV19mGo6SE3t,2026年5月24日直播,,https://www.bilibili.com/video/BV19mGo6SE3t/?p=3
performance_4c19332e3874,song_19b279698e47,2026-05-24,哔哩哔哩,BV19mGo6SE3t,2026年5月24日直播,,https://www.bilibili.com/video/BV19mGo6SE3t/?p=2
performance_d0834005c859,song_84e06cfe0e7b,2026-05-23,哔哩哔哩,BV1WaGL6SEu7,2026年5月23日直播,,https://www.bilibili.com/video/BV1WaGL6SEu7/?p=1
performance_79339247eb26,song_84e06cfe0e7b,2026-04-01,哔哩哔哩,BV1dD9wBeEAL,2026年4月1日直播,,https://www.bilibili.com/video/BV1dD9wBeEAL
performance_584404f16fe5,song_84e06cfe0e7b,2026-02-16,哔哩哔哩,BV1CyZyBVEBq,2026年2月16日直播,,https://www.bilibili.com/video/BV1CyZyBVEBq
performance_8ee478429d8e,song_84e06cfe0e7b,2026-01-28,哔哩哔哩,BV1y16ABSE8j,2026年1月28日直播,,https://www.bilibili.com/video/BV1y16ABSE8j
performance_a451bab9ba1f,song_0094cce12b3f,2026-05-22,哔哩哔哩,BV1nBGL61Eim,2026年5月22日直播,,https://www.bilibili.com/video/BV1nBGL61Eim/?p=17
performance_686c9a8cf8ad,song_0094cce12b3f,2026-05-08,哔哩哔哩,BV1jNRQBVEhN,2026年5月8日直播,,https://www.bilibili.com/video/BV1jNRQBVEhN/?p=5
performance_0fd995028bfb,song_0094cce12b3f,2026-02-06,哔哩哔哩,BV1WucczFEma,2026年2月6日直播,,https://www.bilibili.com/video/BV1WucczFEma
performance_c49fe81c28e5,song_0094cce12b3f,2026-01-27,哔哩哔哩,BV1mJzXBoE3L,2026年1月27日直播,,https://www.bilibili.com/video/BV1mJzXBoE3L
performance_388ed602452d,song_0094cce12b3f,2026-01-09,哔哩哔哩,BV1116UB7EBZ,2026年1月9日直播,,https://www.bilibili.com/video/BV1116UB7EBZ
performance_f5ce0b3bde11,song_0094cce12b3f,2025-12-07,哔哩哔哩,BV18e29BQER5,2025年12月7日直播,,https://www.bilibili.com/video/BV18e29BQER5
performance_b4c8cbe70b76,song_0094cce12b3f,2025-11-15,哔哩哔哩,BV1jcC3BeE3B,2025年11月15日直播,,https://www.bilibili.com/video/BV1jcC3BeE3B
performance_bd4b8fb3c1d5,song_0094cce12b3f,2025-11-07,哔哩哔哩,BV1m82PB3EZn,2025年11月7日直播,,https://www.bilibili.com/video/BV1m82PB3EZn
performance_bac8b918213e,song_0094cce12b3f,2025-10-21,哔哩哔哩,BV1KLWSzfEJ5,2025年10月21日直播,,https://www.bilibili.com/video/BV1KLWSzfEJ5
performance_81f60688a20f,song_0094cce12b3f,2025-10-14,哔哩哔哩,BV18S4mzBE8G,2025年10月14日直播,,https://www.bilibili.com/video/BV18S4mzBE8G
performance_efec5620c1f3,song_0094cce12b3f,2025-09-26,哔哩哔哩,BV1h9nGz4EQr,2025年9月26日直播,,https://www.bilibili.com/video/BV1h9nGz4EQr
performance_dd6f58decaba,song_0094cce12b3f,2025-08-15,哔哩哔哩,BV1NxYCzcEea,2025年8月15日直播,,https://www.bilibili.com/video/BV1NxYCzcEea
performance_b3e6ec5c02fa,song_0094cce12b3f,2025-05-04,哔哩哔哩,BV14NV1z9EPu,2025年5月4日直播,,https://www.bilibili.com/video/BV14NV1z9EPu
performance_1aa6945b0ea1,song_0094cce12b3f,2025-03-20,哔哩哔哩,BV1NpXsYSEsn,2025年3月20日直播,,https://www.bilibili.com/video/BV1NpXsYSEsn
performance_f2ec56285568,song_0094cce12b3f,2025-02-21,哔哩哔哩,BV1DZAmeJEtW,2025年2月21日直播,,https://www.bilibili.com/video/BV1DZAmeJEtW
performance_93677567b0a7,song_0094cce12b3f,2025-02-16,哔哩哔哩,BV1DZAmeJEoY,2025年2月16日直播,,https://www.bilibili.com/video/BV1DZAmeJEoY
performance_83caf5c8c15f,song_35e2c448ff6c,2026-05-22,哔哩哔哩,BV1nBGL61Eim,2026年5月22日直播,,https://www.bilibili.com/video/BV1nBGL61Eim/?p=20
performance_b80aced92294,song_35e2c448ff6c,2026-04-29,哔哩哔哩,BV18hRABcEry,2026年4月29日直播,,https://www.bilibili.com/video/BV18hRABcEry/?p=2
performance_346b78c68bcc,song_35e2c448ff6c,2026-04-26,哔哩哔哩,BV1S7orB3EaV,2026年4月26日直播,,https://www.bilibili.com/video/BV1S7orB3EaV/?p=4
performance_8ada523a04c7,song_35e2c448ff6c,2026-03-07,哔哩哔哩,BV1rQPQzVEAM,2026年3月7日直播,,https://www.bilibili.com/video/BV1rQPQzVEAM
performance_8937f496561c,song_35e2c448ff6c,2026-01-30,哔哩哔哩,BV1Zm6JBpEru,2026年1月30日直播,,https://www.bilibili.com/video/BV1Zm6JBpEru
performance_9739ae7501fe,song_35e2c448ff6c,2026-01-16,哔哩哔哩,BV1NBrDBREze,2026年1月16日直播,,https://www.bilibili.com/video/BV1NBrDBREze
performance_56a875f54f43,song_35e2c448ff6c,2026-01-15,哔哩哔哩,BV15EkwBTE6M,2026年1月15日直播,,https://www.bilibili.com/video/BV15EkwBTE6M
performance_41c5df0d89e2,song_35e2c448ff6c,2026-01-02,哔哩哔哩,BV1PdiqBTEp9,2026年1月2日直播,,https://www.bilibili.com/video/BV1PdiqBTEp9
performance_6771a4595d7c,song_35e2c448ff6c,2025-12-20,哔哩哔哩,BV1JBq6BgEGQ,2025年12月20日直播,,https://www.bilibili.com/video/BV1JBq6BgEGQ
performance_5385f52c39b3,song_35e2c448ff6c,2025-12-07,哔哩哔哩,BV1bq29BSE7y,2025年12月7日直播,,https://www.bilibili.com/video/BV1bq29BSE7y
performance_65a2da586570,song_35e2c448ff6c,2025-11-15,哔哩哔哩,BV1oZCgBvEqv,2025年11月15日直播,,https://www.bilibili.com/video/BV1oZCgBvEqv
performance_39075d45a679,song_35e2c448ff6c,2025-10-30,哔哩哔哩,BV1VUybBEEH5,2025年10月30日直播,,https://www.bilibili.com/video/BV1VUybBEEH5
performance_a1bf4e4e2d10,song_35e2c448ff6c,2025-09-19,哔哩哔哩,BV1RjWAzrEuF,2025年9月19日直播,,https://www.bilibili.com/video/BV1RjWAzrEuF
performance_5dfa381670c8,song_35e2c448ff6c,2025-05-18,哔哩哔哩,BV1awJ3zJEQg,2025年5月18日直播,,https://www.bilibili.com/video/BV1awJ3zJEQg
performance_e4084712f204,song_cd7881eb96b7,2026-05-22,哔哩哔哩,BV1nBGL61Eim,2026年5月22日直播,,https://www.bilibili.com/video/BV1nBGL61Eim/?p=6
performance_3e914b7b2e6c,song_cd7881eb96b7,2026-05-20,哔哩哔哩,BV1GFGE6uEri,2026年5月20日直播,,https://www.bilibili.com/video/BV1GFGE6uEri/?p=4
performance_350a799a7880,song_cd7881eb96b7,2026-04-29,哔哩哔哩,BV18hRABcEry,2026年4月29日直播,,https://www.bilibili.com/video/BV18hRABcEry/?p=4
performance_f82eb6ce0234,song_cd7881eb96b7,2026-03-20,哔哩哔哩,BV11kA3zPExE,2026年3月20日直播,,https://www.bilibili.com/video/BV11kA3zPExE
performance_07159d304995,song_cd7881eb96b7,2025-12-26,哔哩哔哩,BV18MB9BcEQm,2025年12月26日直播,,https://www.bilibili.com/video/BV18MB9BcEQm
performance_c45f216bc49c,song_cd7881eb96b7,2025-11-29,哔哩哔哩,BV1ZASnByEvS,2025年11月29日直播,,https://www.bilibili.com/video/BV1ZASnByEvS
performance_52fc05acadbd,song_cd7881eb96b7,2025-11-15,哔哩哔哩,BV1XTC3BbE9C,2025年11月15日直播,,https://www.bilibili.com/video/BV1XTC3BbE9C
performance_d94f6fa33160,song_cd7881eb96b7,2025-07-25,哔哩哔哩,BV1wi84zBE8M,2025年7月25日直播,,https://www.bilibili.com/video/BV1wi84zBE8M
performance_a4b3325fb88f,song_cd7881eb96b7,2025-01-31,哔哩哔哩,BV1bNFXenEHh,2025年1月31日直播,,https://www.bilibili.com/video/BV1bNFXenEHh
performance_ef157d0da93c,song_cd7881eb96b7,2024-11-21,哔哩哔哩,BV18didYzEQp,2024年11月21日直播,,https://www.bilibili.com/video/BV18didYzEQp
performance_68068cc02849,song_10847bdc194e,2026-05-22,哔哩哔哩,BV1nBGL61Eim,2026年5月22日直播,,https://www.bilibili.com/video/BV1nBGL61Eim/?p=11
performance_18302c811199,song_10847bdc194e,2026-05-08,哔哩哔哩,BV1jNRQBVEhN,2026年5月8日直播,,https://www.bilibili.com/video/BV1jNRQBVEhN/?p=8
performance_448cc7c3cf30,song_10847bdc194e,2026-03-24,哔哩哔哩,BV1tsXEBYEem,2026年3月24日直播,,https://www.bilibili.com/video/BV1tsXEBYEem
performance_376ec085a0ce,song_10847bdc194e,2025-12-25,哔哩哔哩,BV1P2B1BAEPa,2025年12月25日直播,,https://www.bilibili.com/video/BV1P2B1BAEPa
performance_75e7c7c1558a,song_10847bdc194e,2025-11-21,哔哩哔哩,BV1cNUEBkEra,2025年11月21日直播,,https://www.bilibili.com/video/BV1cNUEBkEra
performance_15e73095d376,song_10847bdc194e,2025-05-18,哔哩哔哩,BV1eFJ3zDE8X,2025年5月18日直播,,https://www.bilibili.com/video/BV1eFJ3zDE8X
performance_eb53fc4c6f58,song_10847bdc194e,2025-01-31,哔哩哔哩,BV1dvFReqEWZ,2025年1月31日直播,,https://www.bilibili.com/video/BV1dvFReqEWZ
performance_1d49c075a812,song_10847bdc194e,2025-01-04,哔哩哔哩,BV1VVcAeREfS,2025年1月4日直播,,https://www.bilibili.com/video/BV1VVcAeREfS
performance_31bb839cb7f0,song_10847bdc194e,2024-11-09,哔哩哔哩,BV1GVDqY4EHF,2024年11月9日直播,,https://www.bilibili.com/video/BV1GVDqY4EHF
performance_a7ab0c21b623,song_1f90153ffa64,2026-05-22,哔哩哔哩,BV1nBGL61Eim,2026年5月22日直播,,https://www.bilibili.com/video/BV1nBGL61Eim/?p=15
performance_2ee4664bd99b,song_1f90153ffa64,2026-04-26,哔哩哔哩,BV1S7orB3EaV,2026年4月26日直播,,https://www.bilibili.com/video/BV1S7orB3EaV/?p=10
performance_4f844d1dc913,song_1f90153ffa64,2026-04-04,哔哩哔哩,BV1D8DcBEEfr,2026年4月4日直播,,https://www.bilibili.com/video/BV1D8DcBEEfr/?p=1
performance_f428a1a2017e,song_1f90153ffa64,2026-02-06,哔哩哔哩,BV1HacFzsEce,2026年2月6日直播,,https://www.bilibili.com/video/BV1HacFzsEce
performance_ce8a1a4d5d97,song_1f90153ffa64,2025-12-17,哔哩哔哩,BV1bgqVBCEF6,2025年12月17日直播,,https://www.bilibili.com/video/BV1bgqVBCEF6
performance_8a82a2d38a05,song_1f90153ffa64,2025-10-21,哔哩哔哩,BV1s7WSztERr,2025年10月21日直播,,https://www.bilibili.com/video/BV1s7WSztERr
performance_41860979137c,song_1f90153ffa64,2025-06-22,哔哩哔哩,BV19uNmzJECv,2025年6月22日直播,,https://www.bilibili.com/video/BV19uNmzJECv
performance_793a82f086d3,song_1f90153ffa64,2024-12-29,哔哩哔哩,BV1JocFeZEmj,2024年12月29日直播,,https://www.bilibili.com/video/BV1JocFeZEmj
performance_c68bd87ca796,song_1f90153ffa64,2024-11-18,哔哩哔哩,BV1eJzqYAErD,2024年11月18日直播,,https://www.bilibili.com/video/BV1eJzqYAErD
performance_1864436d9a13,song_498d8a9ec511,2026-05-22,哔哩哔哩,BV1nBGL61Eim,2026年5月22日直播,,https://www.bilibili.com/video/BV1nBGL61Eim/?p=16
performance_d5128334c6e1,song_498d8a9ec511,2026-04-11,哔哩哔哩,BV19QQYB7EBm,2026年4月11日直播,,https://www.bilibili.com/video/BV19QQYB7EBm/?p=9
performance_bbcb2290a8e0,song_498d8a9ec511,2026-01-18,哔哩哔哩,BV1aVkEByErT,2026年1月18日直播,,https://www.bilibili.com/video/BV1aVkEByErT
performance_01b8bf7a6397,song_498d8a9ec511,2025-11-03,哔哩哔哩,BV1FS1aBuEEJ,2025年11月3日直播,,https://www.bilibili.com/video/BV1FS1aBuEEJ
performance_b6203279cfd1,song_498d8a9ec511,2025-08-01,哔哩哔哩,BV1zchWzZESp,2025年8月1日直播,,https://www.bilibili.com/video/BV1zchWzZESp
performance_8ae651329931,song_498d8a9ec511,2025-03-06,哔哩哔哩,BV1JARaYYEvF,2025年3月6日直播,,https://www.bilibili.com/video/BV1JARaYYEvF
performance_ce223b90834a,song_498d8a9ec511,2024-11-21,哔哩哔哩,BV1YQidYGEg3,2024年11月21日直播,,https://www.bilibili.com/video/BV1YQidYGEg3
performance_e66f3a60bcd4,song_a3c3169ebcf2,2026-05-22,哔哩哔哩,BV1nBGL61Eim,2026年5月22日直播,,https://www.bilibili.com/video/BV1nBGL61Eim/?p=9
performance_6cbec31372b1,song_a3c3169ebcf2,2026-04-11,哔哩哔哩,BV19QQYB7EBm,2026年4月11日直播,,https://www.bilibili.com/video/BV19QQYB7EBm/?p=3
performance_86748ac30410,song_a3c3169ebcf2,2026-02-25,哔哩哔哩,BV15SA2zjEw1,2026年2月25日直播,,https://www.bilibili.com/video/BV15SA2zjEw1
performance_34ab16408a27,song_a3c3169ebcf2,2026-01-16,哔哩哔哩,BV15frDBgE2P,2026年1月16日直播,,https://www.bilibili.com/video/BV15frDBgE2P
performance_cb4a7d9769ae,song_a3c3169ebcf2,2025-12-07,哔哩哔哩,BV1NCmABqE3P,2025年12月7日直播,,https://www.bilibili.com/video/BV1NCmABqE3P
performance_3c70145bbd20,song_a3c3169ebcf2,2025-10-14,哔哩哔哩,BV1sf4mzaEDf,2025年10月14日直播,,https://www.bilibili.com/video/BV1sf4mzaEDf
performance_8d6e1c990546,song_a3c3169ebcf2,2025-01-24,哔哩哔哩,BV1nZfHYSEhm,2025年1月24日直播,,https://www.bilibili.com/video/BV1nZfHYSEhm
performance_39deedf74f89,song_03b2090b50c2,2026-05-22,哔哩哔哩,BV1nBGL61Eim,2026年5月22日直播,,https://www.bilibili.com/video/BV1nBGL61Eim/?p=4
performance_1aa6f4b26e90,song_03b2090b50c2,2026-03-20,哔哩哔哩,BV116A3zvEsz,2026年3月20日直播,,https://www.bilibili.com/video/BV116A3zvEsz
performance_2cc6652f837d,song_03b2090b50c2,2026-02-17,哔哩哔哩,BV1VRZQBSE92,2026年2月17日直播,,https://www.bilibili.com/video/BV1VRZQBSE92
performance_65a6dfea1fe6,song_03b2090b50c2,2026-02-03,哔哩哔哩,BV1PLffBWEzY,2026年2月3日直播,,https://www.bilibili.com/video/BV1PLffBWEzY
performance_205d63f736a3,song_03b2090b50c2,2026-01-16,哔哩哔哩,BV1EDrDB1E4X,2026年1月16日直播,,https://www.bilibili.com/video/BV1EDrDB1E4X
performance_eafbaad00a0e,song_b452e2503129,2026-05-22,哔哩哔哩,BV1nBGL61Eim,2026年5月22日直播,,https://www.bilibili.com/video/BV1nBGL61Eim/?p=1
performance_99166dbad2de,song_b452e2503129,2026-02-18,哔哩哔哩,BV1qqZeBMEfY,2026年2月18日直播,,https://www.bilibili.com/video/BV1qqZeBMEfY
performance_b74d21ac64dc,song_b452e2503129,2025-09-21,哔哩哔哩,BV1wenczrEk6,2025年9月21日直播,,https://www.bilibili.com/video/BV1wenczrEk6
performance_5a5520d1bb65,song_b452e2503129,2025-01-31,哔哩哔哩,BV1U4FkesErS,2025年1月31日直播,,https://www.bilibili.com/video/BV1U4FkesErS
performance_fd2ec46c89e3,song_c0745a9a5b70,2026-05-22,哔哩哔哩,BV1nBGL61Eim,2026年5月22日直播,,https://www.bilibili.com/video/BV1nBGL61Eim/?p=3
performance_8087837cacdf,song_c0745a9a5b70,2024-12-24,哔哩哔哩,BV1iJrkYsEan,2024年12月24日直播,,https://www.bilibili.com/video/BV1iJrkYsEan
performance_eae4cbf2dfe6,song_c0745a9a5b70,2024-11-15,哔哩哔哩,BV13RUpYLEj6,2024年11月15日直播,,https://www.bilibili.com/video/BV13RUpYLEj6
performance_a349b858365c,song_4a0b0defbd3b,2026-05-22,哔哩哔哩,BV1nBGL61Eim,2026年5月22日直播,,https://www.bilibili.com/video/BV1nBGL61Eim/?p=5
performance_21290628a9cf,song_ffdf1d34b7c4,2026-05-21,哔哩哔哩,BV1nkLi65Ew4,2026年5月21日直播,,https://www.bilibili.com/video/BV1nkLi65Ew4/?p=4
performance_696f02831ac5,song_ffdf1d34b7c4,2025-12-13,哔哩哔哩,BV1dPmSBSE85,2025年12月13日直播,,https://www.bilibili.com/video/BV1dPmSBSE85
performance_8a5e670f40c3,song_ffdf1d34b7c4,2025-12-07,哔哩哔哩,BV14k29BjE4c,2025年12月7日直播,,https://www.bilibili.com/video/BV14k29BjE4c
performance_44b2246beb9a,song_ffdf1d34b7c4,2025-10-17,哔哩哔哩,BV1dkWJzZEHT,2025年10月17日直播,,https://www.bilibili.com/video/BV1dkWJzZEHT
performance_829f40b10970,song_ffdf1d34b7c4,2025-08-22,哔哩哔哩,BV1Z1ehzQEZU,2025年8月22日直播,,https://www.bilibili.com/video/BV1Z1ehzQEZU
performance_3d104351e41a,song_ffdf1d34b7c4,2025-05-23,哔哩哔哩,BV16ijJz7EXn,2025年5月23日直播,,https://www.bilibili.com/video/BV16ijJz7EXn
performance_1719d5d5644c,song_ffdf1d34b7c4,2025-05-11,哔哩哔哩,BV1GzEvzEE58,2025年5月11日直播,,https://www.bilibili.com/video/BV1GzEvzEE58
performance_adf16d280c04,song_ffdf1d34b7c4,2025-05-04,哔哩哔哩,BV1NMV1zQEop,2025年5月4日直播,,https://www.bilibili.com/video/BV1NMV1zQEop
performance_f35a70eedec0,song_ffdf1d34b7c4,2024-12-17,哔哩哔哩,BV1NAkzYYE9o,2024年12月17日直播,,https://www.bilibili.com/video/BV1NAkzYYE9o
performance_493facdc5b46,song_ffdf1d34b7c4,2024-12-03,哔哩哔哩,BV1J5iRYUE2N,2024年12月3日直播,,https://www.bilibili.com/video/BV1J5iRYUE2N
performance_2e95f83169c1,song_ffdf1d34b7c4,2024-11-21,哔哩哔哩,BV1aXidYrE7A,2024年11月21日直播,,https://www.bilibili.com/video/BV1aXidYrE7A
performance_08fd1865a2b3,song_ca39c510ae39,2026-05-21,哔哩哔哩,BV1nkLi65Ew4,2026年5月21日直播,,https://www.bilibili.com/video/BV1nkLi65Ew4/?p=3
performance_640dce91293a,song_ca39c510ae39,2026-01-24,哔哩哔哩,BV1sAzbBHENn,2026年1月24日直播,,https://www.bilibili.com/video/BV1sAzbBHENn
performance_dc5a3dbc4fcf,song_ca39c510ae39,2025-12-23,哔哩哔哩,BV1zABNBgEwQ,2025年12月23日直播,,https://www.bilibili.com/video/BV1zABNBgEwQ
performance_36f3f4ae67da,song_ca39c510ae39,2025-10-23,哔哩哔哩,BV1YksYzFEsq,2025年10月23日直播,,https://www.bilibili.com/video/BV1YksYzFEsq
performance_a56f77586b34,song_ca39c510ae39,2025-09-14,哔哩哔哩,BV1vGpBzMEjp,2025年9月14日直播,,https://www.bilibili.com/video/BV1vGpBzMEjp
performance_a899d7846614,song_ca39c510ae39,2025-03-28,哔哩哔哩,BV1HBZzYYEie,2025年3月28日直播,,https://www.bilibili.com/video/BV1HBZzYYEie
performance_2c679b9fe4d3,song_ca39c510ae39,2025-03-20,哔哩哔哩,BV1w1XHYTE5k,2025年3月20日直播,,https://www.bilibili.com/video/BV1w1XHYTE5k
performance_f9cd1cdd2c8b,song_ca39c510ae39,2025-03-06,哔哩哔哩,BV1xXRhYgEN4,2025年3月6日直播,,https://www.bilibili.com/video/BV1xXRhYgEN4
performance_8cb42967e6f7,song_f3cab7275e0f,2026-05-21,哔哩哔哩,BV1nkLi65Ew4,2026年5月21日直播,,https://www.bilibili.com/video/BV1nkLi65Ew4/?p=2
performance_bcfcb754d439,song_f3cab7275e0f,2025-11-17,哔哩哔哩,BV1zuChBfEJa,2025年11月17日直播,,https://www.bilibili.com/video/BV1zuChBfEJa
performance_4ffcba93857d,song_f3cab7275e0f,2025-10-30,哔哩哔哩,BV1qzybBsEu4,2025年10月30日直播,,https://www.bilibili.com/video/BV1qzybBsEu4
performance_8d34999c796d,song_f3cab7275e0f,2025-10-14,哔哩哔哩,BV1DJ49zpExe,2025年10月14日直播,,https://www.bilibili.com/video/BV1DJ49zpExe
performance_1afbfb517366,song_f3cab7275e0f,2025-09-05,哔哩哔哩,BV13ZYVzoEXk,2025年9月5日直播,,https://www.bilibili.com/video/BV13ZYVzoEXk
performance_0245d9abd084,song_3124adb8a109,2026-05-20,哔哩哔哩,BV1GFGE6uEri,2026年5月20日直播,,https://www.bilibili.com/video/BV1GFGE6uEri/?p=3
performance_346c13602a97,song_3124adb8a109,2026-04-28,哔哩哔哩,BV1sqRcBEEXj,2026年4月28日直播,,https://www.bilibili.com/video/BV1sqRcBEEXj/?p=1
performance_d5a04395d0d3,song_3124adb8a109,2026-02-18,哔哩哔哩,BV1rbZeBCEFP,2026年2月18日直播,,https://www.bilibili.com/video/BV1rbZeBCEFP
performance_119d947ac2cb,song_3124adb8a109,2026-01-07,哔哩哔哩,BV1fDqABvEW5,2026年1月7日直播,,https://www.bilibili.com/video/BV1fDqABvEW5
performance_fdb0b2db2809,song_3124adb8a109,2025-12-17,哔哩哔哩,BV1UgqVBCExQ,2025年12月17日直播,,https://www.bilibili.com/video/BV1UgqVBCExQ
performance_9161a4e17e9f,song_3124adb8a109,2025-05-23,哔哩哔哩,BV16ijJz7EXZ,2025年5月23日直播,,https://www.bilibili.com/video/BV16ijJz7EXZ
performance_1859dd1af177,song_3124adb8a109,2025-02-04,哔哩哔哩,BV18VP6ecEXr,2025年2月4日直播,,https://www.bilibili.com/video/BV18VP6ecEXr
performance_bf69eb958e3d,song_a4e3441fbee5,2026-05-20,哔哩哔哩,BV1nkLi65EFS,2026年5月20日直播,,https://www.bilibili.com/video/BV1nkLi65EFS/?p=6
performance_32ad2609aba0,song_a4e3441fbee5,2026-04-10,哔哩哔哩,BV19XQYB2EUD,2026年4月10日直播,,https://www.bilibili.com/video/BV19XQYB2EUD/?p=16
performance_208b62b7949e,song_a4e3441fbee5,2026-01-18,哔哩哔哩,BV1nikEBfERM,2026年1月18日直播,,https://www.bilibili.com/video/BV1nikEBfERM
performance_6a18d3f77058,song_a4e3441fbee5,2025-11-24,哔哩哔哩,BV1Y4UuBiE3X,2025年11月24日直播,,https://www.bilibili.com/video/BV1Y4UuBiE3X
performance_0682c9b7985c,song_a4e3441fbee5,2024-12-23,哔哩哔哩,BV1FHkXYZELr,2024年12月23日直播,,https://www.bilibili.com/video/BV1FHkXYZELr
performance_5618fb06d063,song_a4e3441fbee5,2024-11-15,哔哩哔哩,BV1VSUpYUE8W,2024年11月15日直播,,https://www.bilibili.com/video/BV1VSUpYUE8W
performance_c1c6a076d663,song_a4e3441fbee5,2024-11-09,哔哩哔哩,BV1Y3DqYZEva,2024年11月9日直播,,https://www.bilibili.com/video/BV1Y3DqYZEva
performance_f7097dfc7a59,song_fb02c363b5f6,2026-05-20,哔哩哔哩,BV1nkLi65EFS,2026年5月20日直播,,https://www.bilibili.com/video/BV1nkLi65EFS/?p=1
performance_82b371ecbef4,song_fb02c363b5f6,2026-05-10,哔哩哔哩,BV1aK5W64Ega,2026年5月10日直播,,https://www.bilibili.com/video/BV1aK5W64Ega/?p=8
performance_aed6b0807576,song_fb02c363b5f6,2026-05-03,哔哩哔哩,BV1zrRJBtE7r,2026年5月3日直播,,https://www.bilibili.com/video/BV1zrRJBtE7r/?p=1
performance_4fe06dd79975,song_fb02c363b5f6,2026-04-17,哔哩哔哩,BV1XTdHBpEpK,2026年4月17日直播,,https://www.bilibili.com/video/BV1XTdHBpEpK/?p=2
performance_1c611c082d27,song_fb02c363b5f6,2025-12-23,哔哩哔哩,BV15GBNBPEse,2025年12月23日直播,,https://www.bilibili.com/video/BV15GBNBPEse
performance_0443fe9e9c98,song_fb02c363b5f6,2024-11-13,哔哩哔哩,BV1wxU8YEEt2,2024年11月13日直播,,https://www.bilibili.com/video/BV1wxU8YEEt2
performance_d563ebfb4a28,song_25ba7f7364c0,2026-05-20,哔哩哔哩,BV1nkLi65EFS,2026年5月20日直播,,https://www.bilibili.com/video/BV1nkLi65EFS/?p=3
performance_992a8218c739,song_25ba7f7364c0,2026-04-06,哔哩哔哩,BV1yzDhB9EiN,2026年4月6日直播,,https://www.bilibili.com/video/BV1yzDhB9EiN/?p=1
performance_19e92c4de5ae,song_25ba7f7364c0,2026-03-08,哔哩哔哩,BV1Rew3z1Ezp,2026年3月8日直播,,https://www.bilibili.com/video/BV1Rew3z1Ezp
performance_da41b59ed0bc,song_25ba7f7364c0,2026-03-03,哔哩哔哩,BV1uCPyziELn,2026年3月3日直播,,https://www.bilibili.com/video/BV1uCPyziELn
performance_10f47b9ae619,song_25ba7f7364c0,2026-03-01,哔哩哔哩,BV1F3P7zCEJV,2026年3月1日直播,,https://www.bilibili.com/video/BV1F3P7zCEJV
performance_b08bcfff8735,song_4df13a5b368e,2026-05-20,哔哩哔哩,BV1GFGE6uEri,2026年5月20日直播,,https://www.bilibili.com/video/BV1GFGE6uEri/?p=6
performance_81852097c084,song_4df13a5b368e,2026-05-01,哔哩哔哩,BV1zMRcBMEei,2026年5月1日直播,,https://www.bilibili.com/video/BV1zMRcBMEei/?p=9
performance_be6bcd165c61,song_4df13a5b368e,2026-01-30,哔哩哔哩,BV1Ty6tBtEaN,2026年1月30日直播,,https://www.bilibili.com/video/BV1Ty6tBtEaN
performance_9cb5962bcfe5,song_4df13a5b368e,2026-01-06,哔哩哔哩,BV14NquBhECm,2026年1月6日直播,,https://www.bilibili.com/video/BV14NquBhECm
performance_0e0503824047,song_4df13a5b368e,2025-12-13,哔哩哔哩,BV1tJmSBzEoa,2025年12月13日直播,,https://www.bilibili.com/video/BV1tJmSBzEoa
performance_81ecf244edb9,song_2bbe810c1b92,2026-05-20,哔哩哔哩,BV1GFGE6uEri,2026年5月20日直播,,https://www.bilibili.com/video/BV1GFGE6uEri/?p=10
performance_35dd1ec9e60e,song_2bbe810c1b92,2026-05-01,哔哩哔哩,BV1zMRcBMEei,2026年5月1日直播,,https://www.bilibili.com/video/BV1zMRcBMEei/?p=8
performance_d4d8c928f54a,song_2bbe810c1b92,2026-02-14,哔哩哔哩,BV1avZtBLERq,2026年2月14日直播,,https://www.bilibili.com/video/BV1avZtBLERq
performance_5e446e9107cd,song_2bbe810c1b92,2026-01-13,哔哩哔哩,BV1b7rHB1Ew4,2026年1月13日直播,,https://www.bilibili.com/video/BV1b7rHB1Ew4
performance_c3a12df14c1c,song_6fa8d0386096,2026-05-20,哔哩哔哩,BV1GFGE6uEri,2026年5月20日直播,,https://www.bilibili.com/video/BV1GFGE6uEri/?p=14
performance_6a38abf4284d,song_6fa8d0386096,2026-04-03,哔哩哔哩,BV1hhDcBUEgA,2026年4月3日直播,,https://www.bilibili.com/video/BV1hhDcBUEgA/?p=9
performance_55e9421a01c1,song_6fa8d0386096,2025-02-16,哔哩哔哩,BV1a6ADebE1E,2025年2月16日直播,,https://www.bilibili.com/video/BV1a6ADebE1E
performance_249db5a8cfb4,song_6fa8d0386096,2024-12-07,哔哩哔哩,BV1BMqpY4EJL,2024年12月7日直播,,https://www.bilibili.com/video/BV1BMqpY4EJL
performance_a33ca90dad65,song_5206c436b88b,2026-05-19,哔哩哔哩,BV1yNLy6rEoA,2026年5月19日直播,,https://www.bilibili.com/video/BV1yNLy6rEoA/?p=8
performance_73c628081b97,song_5206c436b88b,2026-04-05,哔哩哔哩,BV1tZDFB3EAL,2026年4月5日直播,,https://www.bilibili.com/video/BV1tZDFB3EAL/?p=3
performance_e76f580a29c5,song_5206c436b88b,2026-02-11,哔哩哔哩,BV1s4c3ztEnb,2026年2月11日直播,,https://www.bilibili.com/video/BV1s4c3ztEnb
performance_90b6aa534523,song_5206c436b88b,2026-01-18,哔哩哔哩,BV1hjkEBkE5v,2026年1月18日直播,,https://www.bilibili.com/video/BV1hjkEBkE5v
performance_2a3c841bceb5,song_5206c436b88b,2025-12-31,哔哩哔哩,BV1TmiAByEcK,2025年12月31日直播,,https://www.bilibili.com/video/BV1TmiAByEcK
performance_319f6a17afc6,song_5206c436b88b,2025-12-03,哔哩哔哩,BV1w3SbBGEHr,2025年12月3日直播,,https://www.bilibili.com/video/BV1w3SbBGEHr
performance_19dcb5687cba,song_5206c436b88b,2025-11-07,哔哩哔哩,BV1p32gBUE7p,2025年11月7日直播,,https://www.bilibili.com/video/BV1p32gBUE7p
performance_c25829d164a6,song_5206c436b88b,2025-10-12,哔哩哔哩,BV1UR4PzLEt8,2025年10月12日直播,,https://www.bilibili.com/video/BV1UR4PzLEt8
performance_9f360f68247b,song_5c5dbb96de64,2026-05-19,哔哩哔哩,BV1yNLy6rEoA,2026年5月19日直播,,https://www.bilibili.com/video/BV1yNLy6rEoA/?p=5
performance_7f0729a2c490,song_5c5dbb96de64,2026-01-20,哔哩哔哩,BV1c9zJBxEyZ,2026年1月20日直播,,https://www.bilibili.com/video/BV1c9zJBxEyZ
performance_bfc496e66f80,song_5c5dbb96de64,2025-12-07,哔哩哔哩,BV1Uq29BSEyb,2025年12月7日直播,,https://www.bilibili.com/video/BV1Uq29BSEyb
performance_00d62f2a5b05,song_5c5dbb96de64,2025-09-19,哔哩哔哩,BV11iWAzZE3P,2025年9月19日直播,,https://www.bilibili.com/video/BV11iWAzZE3P
performance_ccca55a33a84,song_5c5dbb96de64,2025-08-10,哔哩哔哩,BV12PbJzpERY,2025年8月10日直播,,https://www.bilibili.com/video/BV12PbJzpERY
performance_3308ca7e16e5,song_5c5dbb96de64,2025-05-25,哔哩哔哩,BV1dSjgz2ETX,2025年5月25日直播,,https://www.bilibili.com/video/BV1dSjgz2ETX
performance_dac15659c352,song_5c5dbb96de64,2025-05-23,哔哩哔哩,BV1xMjnz4EJX,2025年5月23日直播,,https://www.bilibili.com/video/BV1xMjnz4EJX
performance_9fb50d15c1e0,song_5c5dbb96de64,2025-05-23,哔哩哔哩,BV1xujnzREce,2025年5月23日直播,,https://www.bilibili.com/video/BV1xujnzREce
performance_532cd9505eaf,song_5b23ab70908c,2026-05-19,哔哩哔哩,BV1yNLy6rEoA,2026年5月19日直播,,https://www.bilibili.com/video/BV1yNLy6rEoA/?p=3
performance_8d7bf2a9b328,song_5b23ab70908c,2026-02-26,哔哩哔哩,BV1BmADzPEpk,2026年2月26日直播,,https://www.bilibili.com/video/BV1BmADzPEpk
performance_f30e1116d4ae,song_5b23ab70908c,2025-11-02,哔哩哔哩,BV1rzydBuE9e,2025年11月2日直播,,https://www.bilibili.com/video/BV1rzydBuE9e
performance_62981960920d,song_5b23ab70908c,2025-05-18,哔哩哔哩,BV19FJ3zDEvy,2025年5月18日直播,,https://www.bilibili.com/video/BV19FJ3zDEvy
performance_7f5f5ce19abb,song_5b23ab70908c,2025-02-21,哔哩哔哩,BV1DZAmeJEYV,2025年2月21日直播,,https://www.bilibili.com/video/BV1DZAmeJEYV
performance_b7227eb942d9,song_5b23ab70908c,2024-12-07,哔哩哔哩,BV1VLqpYQEZe,2024年12月7日直播,,https://www.bilibili.com/video/BV1VLqpYQEZe
performance_a3a8e92017b5,song_5b23ab70908c,2024-11-15,哔哩哔哩,BV1vUUpYJEMb,2024年11月15日直播,,https://www.bilibili.com/video/BV1vUUpYJEMb
performance_d099c00c8003,song_9fbfb7abc56f,2026-05-19,哔哩哔哩,BV1yNLy6rEoA,2026年5月19日直播,,https://www.bilibili.com/video/BV1yNLy6rEoA/?p=6
performance_b9ff1f6053e7,song_9fbfb7abc56f,2025-12-26,哔哩哔哩,BV1xHBdBFEnM,2025年12月26日直播,,https://www.bilibili.com/video/BV1xHBdBFEnM
performance_ee808515ba42,song_9fbfb7abc56f,2025-12-20,哔哩哔哩,BV1ikq6BiEoF,2025年12月20日直播,,https://www.bilibili.com/video/BV1ikq6BiEoF
performance_42b0eb61b25b,song_9fbfb7abc56f,2025-12-12,哔哩哔哩,BV1eZmgBgEDD,2025年12月12日直播,,https://www.bilibili.com/video/BV1eZmgBgEDD
performance_8bead286a3ae,song_9fbfb7abc56f,2025-05-14,哔哩哔哩,BV1uCEvz1E6g,2025年5月14日直播,,https://www.bilibili.com/video/BV1uCEvz1E6g
performance_28ff31debe8f,song_9fbfb7abc56f,2024-11-09,哔哩哔哩,BV1oSDzYzEuf,2024年11月9日直播,,https://www.bilibili.com/video/BV1oSDzYzEuf
performance_05285e32743c,song_325f0707ffd5,2026-05-19,哔哩哔哩,BV1yNLy6rEoA,2026年5月19日直播,,https://www.bilibili.com/video/BV1yNLy6rEoA/?p=4
performance_4045ba2702f6,song_878a18815b13,2026-05-16,哔哩哔哩,BV1L1LF6iEYF,2026年5月16日直播,,https://www.bilibili.com/video/BV1L1LF6iEYF/?p=2
performance_12d992879f5b,song_878a18815b13,2026-03-06,哔哩哔哩,BV1bBNAzXE73,2026年3月6日直播,,https://www.bilibili.com/video/BV1bBNAzXE73
performance_c1f4098dbe5d,song_878a18815b13,2026-01-25,哔哩哔哩,BV19r63BsEbK,2026年1月25日直播,,https://www.bilibili.com/video/BV19r63BsEbK
performance_97405b8e2dc2,song_878a18815b13,2026-01-06,哔哩哔哩,BV1tPquBwEzh,2026年1月6日直播,,https://www.bilibili.com/video/BV1tPquBwEzh
performance_351baa0e6047,song_878a18815b13,2025-12-17,哔哩哔哩,BV1xLqVBgEGY,2025年12月17日直播,,https://www.bilibili.com/video/BV1xLqVBgEGY
performance_17155fffbeba,song_878a18815b13,2025-12-01,哔哩哔哩,BV1u3SqB5Eh7,2025年12月1日直播,,https://www.bilibili.com/video/BV1u3SqB5Eh7
performance_dedc1540ed0e,song_878a18815b13,2025-01-19,哔哩哔哩,BV186wkeYEWn,2025年1月19日直播,,https://www.bilibili.com/video/BV186wkeYEWn
performance_6278367a5cc8,song_878a18815b13,2024-11-20,哔哩哔哩,BV1ocidYjEnL,2024年11月20日直播,,https://www.bilibili.com/video/BV1ocidYjEnL
performance_a93149d2363a,song_51f1eaeb361c,2026-05-16,哔哩哔哩,BV1L1LF6iEYF,2026年5月16日直播,,https://www.bilibili.com/video/BV1L1LF6iEYF/?p=3
performance_c5c2d08df282,song_51f1eaeb361c,2026-03-01,哔哩哔哩,BV1r9PJzQEgD,2026年3月1日直播,,https://www.bilibili.com/video/BV1r9PJzQEgD
performance_9834cd2f7f92,song_51f1eaeb361c,2026-01-27,哔哩哔哩,BV1TJzXBZEDD,2026年1月27日直播,,https://www.bilibili.com/video/BV1TJzXBZEDD
performance_44250a03fddf,song_51f1eaeb361c,2026-01-23,哔哩哔哩,BV1VJzmBpEuq,2026年1月23日直播,,https://www.bilibili.com/video/BV1VJzmBpEuq
performance_42df1b6b839e,song_51f1eaeb361c,2026-01-01,哔哩哔哩,BV1wqvXBrEV6,2026年1月1日直播,,https://www.bilibili.com/video/BV1wqvXBrEV6
performance_b9e8734257a6,song_51f1eaeb361c,2025-12-03,哔哩哔哩,BV1w3SbBGEeA,2025年12月3日直播,,https://www.bilibili.com/video/BV1w3SbBGEeA
performance_5184d9afad4e,song_51f1eaeb361c,2025-08-01,哔哩哔哩,BV1txhWzrEDj,2025年8月1日直播,,https://www.bilibili.com/video/BV1txhWzrEDj
performance_53ba05a794b9,song_cddd0dfd1e4b,2026-05-16,哔哩哔哩,BV1L1LF6iEYF,2026年5月16日直播,,https://www.bilibili.com/video/BV1L1LF6iEYF/?p=10
performance_6d4902ad948e,song_cddd0dfd1e4b,2026-04-02,哔哩哔哩,BV1A6DMBdEyC,2026年4月2日直播,,https://www.bilibili.com/video/BV1A6DMBdEyC/?p=12
performance_ae3f19229657,song_cddd0dfd1e4b,2026-02-17,哔哩哔哩,BV1vRZQBSEpx,2026年2月17日直播,,https://www.bilibili.com/video/BV1vRZQBSEpx
performance_e38276332370,song_cddd0dfd1e4b,2026-01-31,哔哩哔哩,BV1mb6hBNEhp,2026年1月31日直播,,https://www.bilibili.com/video/BV1mb6hBNEhp
performance_2ac8a27e0b8c,song_cddd0dfd1e4b,2026-01-23,哔哩哔哩,BV1uxzmBEEyw,2026年1月23日直播,,https://www.bilibili.com/video/BV1uxzmBEEyw
performance_da6312c7a785,song_65c27efae5d5,2026-05-16,哔哩哔哩,BV1L1LF6iEYF,2026年5月16日直播,,https://www.bilibili.com/video/BV1L1LF6iEYF/?p=11
performance_869329f5413b,song_65c27efae5d5,2026-03-15,哔哩哔哩,BV1GSAGzEECv,2026年3月15日直播,,https://www.bilibili.com/video/BV1GSAGzEECv
performance_14625564cff3,song_65c27efae5d5,2025-12-31,哔哩哔哩,BV1KmiAByE84,2025年12月31日直播,,https://www.bilibili.com/video/BV1KmiAByE84
performance_989df282a1c1,song_65c27efae5d5,2025-09-12,哔哩哔哩,BV1MdpFzsE2j,2025年9月12日直播,,https://www.bilibili.com/video/BV1MdpFzsE2j
performance_a1d74a74f5a4,song_65c27efae5d5,2025-09-05,哔哩哔哩,BV1QZYVzdEWQ,2025年9月5日直播,,https://www.bilibili.com/video/BV1QZYVzdEWQ
performance_315064a48bfc,song_7c61b5dd76cf,2026-05-16,哔哩哔哩,BV1L1LF6iEYF,2026年5月16日直播,,https://www.bilibili.com/video/BV1L1LF6iEYF/?p=6
performance_32de800fadb6,song_7c61b5dd76cf,2026-04-28,哔哩哔哩,BV1sqRcBEEXj,2026年4月28日直播,,https://www.bilibili.com/video/BV1sqRcBEEXj/?p=2
performance_3f9c3217e793,song_7c61b5dd76cf,2026-04-03,哔哩哔哩,BV1hhDcBUEgA,2026年4月3日直播,,https://www.bilibili.com/video/BV1hhDcBUEgA/?p=7
performance_6113acfa8f80,song_7c61b5dd76cf,2026-03-01,哔哩哔哩,BV1c9PJzXECv,2026年3月1日直播,,https://www.bilibili.com/video/BV1c9PJzXECv
performance_3812fbc05d77,song_7c61b5dd76cf,2025-11-08,哔哩哔哩,BV1md1yBXEAU,2025年11月8日直播,,https://www.bilibili.com/video/BV1md1yBXEAU
performance_5c17cd547220,song_b021295822aa,2026-05-16,哔哩哔哩,BV1L1LF6iEYF,2026年5月16日直播,,https://www.bilibili.com/video/BV1L1LF6iEYF/?p=5
performance_1ffc66d4c63c,song_b021295822aa,2026-02-07,哔哩哔哩,BV1rdcczoEG5,2026年2月7日直播,,https://www.bilibili.com/video/BV1rdcczoEG5
performance_5e1ffebcfbc0,song_b021295822aa,2025-12-26,哔哩哔哩,BV1aNB9BAE7E,2025年12月26日直播,,https://www.bilibili.com/video/BV1aNB9BAE7E
performance_550b9b859b4d,song_b021295822aa,2025-11-26,哔哩哔哩,BV1cTUXBuE9x,2025年11月26日直播,,https://www.bilibili.com/video/BV1cTUXBuE9x
performance_4fa3acbb1c23,song_1bed5e8392dd,2026-05-16,哔哩哔哩,BV1L1LF6iEYF,2026年5月16日直播,,https://www.bilibili.com/video/BV1L1LF6iEYF/?p=8
performance_6cfb5ca6bbf7,song_1bed5e8392dd,2025-10-31,哔哩哔哩,BV1e9yYBhEoc,2025年10月31日直播,,https://www.bilibili.com/video/BV1e9yYBhEoc
performance_c5d2cad344b9,song_1bed5e8392dd,2025-09-05,哔哩哔哩,BV13ZYVzoEmj,2025年9月5日直播,,https://www.bilibili.com/video/BV13ZYVzoEmj
performance_efe1111d1330,song_82f6395fc369,2026-05-15,哔哩哔哩,BV1wB5r6bEDW,2026年5月15日直播,,https://www.bilibili.com/video/BV1wB5r6bEDW/?p=8
performance_ac44dfd38d32,song_82f6395fc369,2026-04-12,哔哩哔哩,BV1z6QYBRE6E,2026年4月12日直播,,https://www.bilibili.com/video/BV1z6QYBRE6E/?p=12
performance_717eddf0fc2b,song_82f6395fc369,2026-02-03,哔哩哔哩,BV1wJffBDEiL,2026年2月3日直播,,https://www.bilibili.com/video/BV1wJffBDEiL
performance_c3a029ab98d1,song_82f6395fc369,2025-12-17,哔哩哔哩,BV1sEqVBMEFE,2025年12月17日直播,,https://www.bilibili.com/video/BV1sEqVBMEFE
performance_0a231d9c47aa,song_82f6395fc369,2025-11-21,哔哩哔哩,BV1ZVUEBKELV,2025年11月21日直播,,https://www.bilibili.com/video/BV1ZVUEBKELV
performance_94ad395960e8,song_82f6395fc369,2025-11-19,哔哩哔哩,BV1WwyjBwEd6,2025年11月19日直播,,https://www.bilibili.com/video/BV1WwyjBwEd6
performance_a8f4fd59f4df,song_82f6395fc369,2025-11-07,哔哩哔哩,BV1Ut2PBkE4C,2025年11月7日直播,,https://www.bilibili.com/video/BV1Ut2PBkE4C
performance_37ccfedf2f84,song_82f6395fc369,2025-09-21,哔哩哔哩,BV1wenczrEbf,2025年9月21日直播,,https://www.bilibili.com/video/BV1wenczrEbf
performance_e9427797e363,song_82f6395fc369,2025-09-19,哔哩哔哩,BV1maWAzhEr9,2025年9月19日直播,,https://www.bilibili.com/video/BV1maWAzhEr9
performance_cfbb0ce1e721,song_82f6395fc369,2025-05-23,哔哩哔哩,BV1kejJzUEaQ,2025年5月23日直播,,https://www.bilibili.com/video/BV1kejJzUEaQ
performance_6fe37042794a,song_82f6395fc369,2025-05-14,哔哩哔哩,BV1GzEvzEE3C,2025年5月14日直播,,https://www.bilibili.com/video/BV1GzEvzEE3C
performance_3c7960855f01,song_bb3484bb7949,2026-05-15,哔哩哔哩,BV1wB5r6bEDW,2026年5月15日直播,,https://www.bilibili.com/video/BV1wB5r6bEDW/?p=7
performance_a3df5692440a,song_bb3484bb7949,2025-11-26,哔哩哔哩,BV1qBUhBBEMM,2025年11月26日直播,,https://www.bilibili.com/video/BV1qBUhBBEMM
performance_95b3d8b4c48b,song_bb3484bb7949,2025-11-15,哔哩哔哩,BV1RAC3BwEke,2025年11月15日直播,,https://www.bilibili.com/video/BV1RAC3BwEke
performance_2b4d82430e77,song_bb3484bb7949,2025-09-12,哔哩哔哩,BV1aSpFzbE19,2025年9月12日直播,,https://www.bilibili.com/video/BV1aSpFzbE19
performance_988041a7c8d2,song_bb3484bb7949,2024-11-21,哔哩哔哩,BV1hdidYzE45,2024年11月21日直播,,https://www.bilibili.com/video/BV1hdidYzE45
performance_0198949eccb6,song_41108d70e55f,2026-05-15,哔哩哔哩,BV1wB5r6bEDW,2026年5月15日直播,,https://www.bilibili.com/video/BV1wB5r6bEDW/?p=5
performance_81187a4b7b7c,song_41108d70e55f,2026-01-02,哔哩哔哩,BV1coreBqEFf,2026年1月2日直播,,https://www.bilibili.com/video/BV1coreBqEFf
performance_8586548073af,song_d2f5fa273fa7,2026-05-14,哔哩哔哩,BV1PL5h6eE85,2026年5月14日直播,,https://www.bilibili.com/video/BV1PL5h6eE85/?p=14
performance_8b8436f8bb1c,song_d2f5fa273fa7,2026-04-11,哔哩哔哩,BV19QQYB7EBm,2026年4月11日直播,,https://www.bilibili.com/video/BV19QQYB7EBm/?p=7
performance_60c652eabd57,song_d2f5fa273fa7,2026-01-30,哔哩哔哩,BV1DA6nBGERJ,2026年1月30日直播,,https://www.bilibili.com/video/BV1DA6nBGERJ
performance_4119a0a7a921,song_d2f5fa273fa7,2026-01-16,哔哩哔哩,BV15frDBgECt,2026年1月16日直播,,https://www.bilibili.com/video/BV15frDBgECt
performance_83fe0c35fd21,song_d2f5fa273fa7,2026-01-14,哔哩哔哩,BV1xUroB3EaX,2026年1月14日直播,,https://www.bilibili.com/video/BV1xUroB3EaX
performance_dde8e3b0c001,song_d2f5fa273fa7,2025-12-23,哔哩哔哩,BV1EABNBgEKr,2025年12月23日直播,,https://www.bilibili.com/video/BV1EABNBgEKr
performance_d837d618004e,song_d2f5fa273fa7,2025-11-22,哔哩哔哩,BV1aCU7BoEV8,2025年11月22日直播,,https://www.bilibili.com/video/BV1aCU7BoEV8
performance_6bd334a1021c,song_d2f5fa273fa7,2025-09-19,哔哩哔哩,BV11iWAzZE6J,2025年9月19日直播,,https://www.bilibili.com/video/BV11iWAzZE6J
performance_4e3e8bcc90ec,song_d2f5fa273fa7,2025-09-19,哔哩哔哩,BV1LjWAzkEwj,2025年9月19日直播,,https://www.bilibili.com/video/BV1LjWAzkEwj
performance_e6d2e677b4fa,song_d2f5fa273fa7,2025-08-22,哔哩哔哩,BV1HEeazFEbk,2025年8月22日直播,,https://www.bilibili.com/video/BV1HEeazFEbk
performance_db918a1a6934,song_d2f5fa273fa7,2025-02-14,哔哩哔哩,BV1fDKKe9EEV,2025年2月14日直播,,https://www.bilibili.com/video/BV1fDKKe9EEV
performance_1765091e1ad5,song_d2f5fa273fa7,2025-01-24,哔哩哔哩,BV13LfpYMEXR,2025年1月24日直播,,https://www.bilibili.com/video/BV13LfpYMEXR
performance_adfb722a0251,song_28373a05ff46,2026-05-14,哔哩哔哩,BV1PL5h6eE85,2026年5月14日直播,,https://www.bilibili.com/video/BV1PL5h6eE85/?p=11
performance_e728f75545a6,song_28373a05ff46,2026-04-01,哔哩哔哩,BV1fC9wBuEp8,2026年4月1日直播,,https://www.bilibili.com/video/BV1fC9wBuEp8
performance_aa97248d8db9,song_28373a05ff46,2026-02-22,哔哩哔哩,BV1BbfiBLEgA,2026年2月22日直播,,https://www.bilibili.com/video/BV1BbfiBLEgA
performance_c531bd24dcaa,song_28373a05ff46,2025-11-02,哔哩哔哩,BV1JcydBKE9n,2025年11月2日直播,,https://www.bilibili.com/video/BV1JcydBKE9n
performance_0c3725826110,song_28373a05ff46,2025-10-23,哔哩哔哩,BV1aCsYzbEWE,2025年10月23日直播,,https://www.bilibili.com/video/BV1aCsYzbEWE
performance_ec0844a75a12,song_28373a05ff46,2025-09-12,哔哩哔哩,BV1udpFzsEBR,2025年9月12日直播,,https://www.bilibili.com/video/BV1udpFzsEBR
performance_1d6709d51931,song_28373a05ff46,2025-03-20,哔哩哔哩,BV1c2XHYiEnk,2025年3月20日直播,,https://www.bilibili.com/video/BV1c2XHYiEnk
performance_5a16cd4e57d2,song_28373a05ff46,2025-03-06,哔哩哔哩,BV1YvRhYQEo6,2025年3月6日直播,,https://www.bilibili.com/video/BV1YvRhYQEo6
performance_62d46e71c2a4,song_28373a05ff46,2025-02-21,哔哩哔哩,BV1DZAmeJENx,2025年2月21日直播,,https://www.bilibili.com/video/BV1DZAmeJENx
performance_8fd3f2ba196f,song_28373a05ff46,2025-01-24,哔哩哔哩,BV1nBfpYpEvZ,2025年1月24日直播,,https://www.bilibili.com/video/BV1nBfpYpEvZ
performance_881e01536e3c,song_28373a05ff46,2024-12-24,哔哩哔哩,BV1XxcnezEbD,2024年12月24日直播,,https://www.bilibili.com/video/BV1XxcnezEbD
performance_9b89c12b9189,song_28373a05ff46,2024-11-13,哔哩哔哩,BV1kxU8YEE4H,2024年11月13日直播,,https://www.bilibili.com/video/BV1kxU8YEE4H
performance_76f917452907,song_9b537d860ce2,2026-05-14,哔哩哔哩,BV1PL5h6eE85,2026年5月14日直播,,https://www.bilibili.com/video/BV1PL5h6eE85/?p=12
performance_01770b752626,song_9b537d860ce2,2026-02-01,哔哩哔哩,BV1j2fdBvECt,2026年2月1日直播,,https://www.bilibili.com/video/BV1j2fdBvECt
performance_6a65661feb49,song_9b537d860ce2,2025-12-26,哔哩哔哩,BV1u9BdBMEa4,2025年12月26日直播,,https://www.bilibili.com/video/BV1u9BdBMEa4
performance_ad7ae19a33df,song_9b537d860ce2,2025-11-02,哔哩哔哩,BV1QEydBXE3r,2025年11月2日直播,,https://www.bilibili.com/video/BV1QEydBXE3r
performance_03666ce49828,song_9b537d860ce2,2025-05-14,哔哩哔哩,BV1hkEvzjEmR,2025年5月14日直播,,https://www.bilibili.com/video/BV1hkEvzjEmR
performance_1da422e21628,song_9b537d860ce2,2025-03-20,哔哩哔哩,BV1KiXHYVELM,2025年3月20日直播,,https://www.bilibili.com/video/BV1KiXHYVELM
performance_9b484c079edf,song_9b537d860ce2,2025-03-06,哔哩哔哩,BV1JARaYYEvN,2025年3月6日直播,,https://www.bilibili.com/video/BV1JARaYYEvN
performance_59ba0c5d3696,song_9b537d860ce2,2025-01-31,哔哩哔哩,BV1VdFQe4EGB,2025年1月31日直播,,https://www.bilibili.com/video/BV1VdFQe4EGB
performance_2bda10f7e717,song_9b537d860ce2,2024-12-24,哔哩哔哩,BV1m6cneFEMn,2024年12月24日直播,,https://www.bilibili.com/video/BV1m6cneFEMn
performance_bf3224cb6ad0,song_e26e367abde1,2026-05-14,哔哩哔哩,BV1PL5h6eE85,2026年5月14日直播,,https://www.bilibili.com/video/BV1PL5h6eE85/?p=15
performance_ccf473837fc6,song_e26e367abde1,2026-04-10,哔哩哔哩,BV19XQYB2EUD,2026年4月10日直播,,https://www.bilibili.com/video/BV19XQYB2EUD/?p=14
performance_4b2b29f7de16,song_e26e367abde1,2026-01-28,哔哩哔哩,BV1kU6ABmEvR,2026年1月28日直播,,https://www.bilibili.com/video/BV1kU6ABmEvR
performance_e0e4d1864f04,song_e26e367abde1,2025-12-31,哔哩哔哩,BV1T2iABLEdZ,2025年12月31日直播,,https://www.bilibili.com/video/BV1T2iABLEdZ
performance_bdd17f17a5d9,song_e26e367abde1,2025-12-18,哔哩哔哩,BV1pxqLB3Eua,2025年12月18日直播,,https://www.bilibili.com/video/BV1pxqLB3Eua
performance_ee4a7c83b90e,song_e26e367abde1,2025-12-03,哔哩哔哩,BV1FLSbBzEAF,2025年12月3日直播,,https://www.bilibili.com/video/BV1FLSbBzEAF
performance_32e970d62ce0,song_e26e367abde1,2025-11-27,哔哩哔哩,BV14AUeBFEhG,2025年11月27日直播,,https://www.bilibili.com/video/BV14AUeBFEhG
performance_dce5f8100834,song_e26e367abde1,2025-10-17,哔哩哔哩,BV1vyWJztE8a,2025年10月17日直播,,https://www.bilibili.com/video/BV1vyWJztE8a
performance_2d01d3c71a3b,song_e26e367abde1,2025-05-18,哔哩哔哩,BV1eFJ3zDEAc,2025年5月18日直播,,https://www.bilibili.com/video/BV1eFJ3zDEAc
performance_06a81a3b2ee6,song_274d48fda501,2026-05-14,哔哩哔哩,BV1PL5h6eE85,2026年5月14日直播,,https://www.bilibili.com/video/BV1PL5h6eE85/?p=6
performance_e18847c41082,song_274d48fda501,2026-01-23,哔哩哔哩,BV15jzmBsEz6,2026年1月23日直播,,https://www.bilibili.com/video/BV15jzmBsEz6
performance_701190132b9b,song_274d48fda501,2024-11-09,哔哩哔哩,BV1LQDzYuEXX,2024年11月9日直播,,https://www.bilibili.com/video/BV1LQDzYuEXX
performance_643e25dd67ec,song_9f8cf096b752,2026-05-14,哔哩哔哩,BV1PL5h6eE85,2026年5月14日直播,,https://www.bilibili.com/video/BV1PL5h6eE85/?p=9
performance_4c28b3ae3a16,song_7a1a7d4ba634,2026-05-13,哔哩哔哩,BV1NU5S69EPy,2026年5月13日直播,,https://www.bilibili.com/video/BV1NU5S69EPy/?p=3
performance_e280ceed2849,song_7a1a7d4ba634,2026-04-02,哔哩哔哩,BV1A6DMBdEyC,2026年4月2日直播,,https://www.bilibili.com/video/BV1A6DMBdEyC/?p=5
performance_eec6f3014a82,song_7a1a7d4ba634,2026-02-14,哔哩哔哩,BV1eaZtB7EQ5,2026年2月14日直播,,https://www.bilibili.com/video/BV1eaZtB7EQ5
performance_df5afdc4c4fe,song_7a1a7d4ba634,2026-01-13,哔哩哔哩,BV1ujrHBjE3X,2026年1月13日直播,,https://www.bilibili.com/video/BV1ujrHBjE3X
performance_6a3efda5b835,song_7a1a7d4ba634,2025-09-21,哔哩哔哩,BV1cinczgE6K,2025年9月21日直播,,https://www.bilibili.com/video/BV1cinczgE6K
performance_39654c475ac8,song_7a1a7d4ba634,2025-08-22,哔哩哔哩,BV1HJeazbEC8,2025年8月22日直播,,https://www.bilibili.com/video/BV1HJeazbEC8
performance_ff2a04690bb2,song_7a1a7d4ba634,2025-02-14,哔哩哔哩,BV1zhKTe4Erv,2025年2月14日直播,,https://www.bilibili.com/video/BV1zhKTe4Erv
performance_38134e8cc98d,song_7a1a7d4ba634,2025-01-29,哔哩哔哩,BV13nFke8EQH,2025年1月29日直播,,https://www.bilibili.com/video/BV13nFke8EQH
performance_da545fea859e,song_e6c5d502b0d5,2026-05-13,哔哩哔哩,BV1NU5S69EPy,2026年5月13日直播,,https://www.bilibili.com/video/BV1NU5S69EPy/?p=2
performance_9dd4ca22cb46,song_e6c5d502b0d5,2026-04-07,哔哩哔哩,BV1bMDrBdEs6,2026年4月7日直播,,https://www.bilibili.com/video/BV1bMDrBdEs6/?p=1
performance_19a0e5172fb5,song_e6c5d502b0d5,2026-02-22,哔哩哔哩,BV1eYfiBkEfJ,2026年2月22日直播,,https://www.bilibili.com/video/BV1eYfiBkEfJ
performance_cd79bc1273fc,song_e6c5d502b0d5,2026-02-11,哔哩哔哩,BV1jCc3z2E4c,2026年2月11日直播,,https://www.bilibili.com/video/BV1jCc3z2E4c
performance_4a7d4bf7964e,song_e6c5d502b0d5,2026-01-25,哔哩哔哩,BV17e63BcEf3,2026年1月25日直播,,https://www.bilibili.com/video/BV17e63BcEf3
performance_275d7d10fc7b,song_e6c5d502b0d5,2026-01-04,哔哩哔哩,BV1bwquBYEuF,2026年1月4日直播,,https://www.bilibili.com/video/BV1bwquBYEuF
performance_eacc5ef8d9eb,song_e6c5d502b0d5,2025-12-10,哔哩哔哩,BV1nymHBUExk,2025年12月10日直播,,https://www.bilibili.com/video/BV1nymHBUExk
performance_ca314552600b,song_237d5c8d4085,2026-05-10,哔哩哔哩,BV1aK5W64Ega,2026年5月10日直播,,https://www.bilibili.com/video/BV1aK5W64Ega/?p=1
performance_8f137208859b,song_237d5c8d4085,2026-04-26,哔哩哔哩,BV1S7orB3EaV,2026年4月26日直播,,https://www.bilibili.com/video/BV1S7orB3EaV/?p=19
performance_ff683ea0ba11,song_237d5c8d4085,2026-04-10,哔哩哔哩,BV19XQYB2EUD,2026年4月10日直播,,https://www.bilibili.com/video/BV19XQYB2EUD/?p=9
performance_80002f88a7cf,song_237d5c8d4085,2026-02-27,哔哩哔哩,BV1YQPuzVESK,2026年2月27日直播,,https://www.bilibili.com/video/BV1YQPuzVESK
performance_57c3cdd6e1d1,song_237d5c8d4085,2026-02-14,哔哩哔哩,BV11QZtBeE7G,2026年2月14日直播,,https://www.bilibili.com/video/BV11QZtBeE7G
performance_edaf06ce62bd,song_237d5c8d4085,2026-01-23,哔哩哔哩,BV1GJzmBpEi1,2026年1月23日直播,,https://www.bilibili.com/video/BV1GJzmBpEi1
performance_cbf7859e5297,song_237d5c8d4085,2026-01-08,哔哩哔哩,BV1bqidBwErn,2026年1月8日直播,,https://www.bilibili.com/video/BV1bqidBwErn
performance_30c40b05a238,song_237d5c8d4085,2026-01-01,哔哩哔哩,BV1AdvQB6EAP,2026年1月1日直播,,https://www.bilibili.com/video/BV1AdvQB6EAP
performance_6c6f8e5f5e04,song_237d5c8d4085,2025-10-30,哔哩哔哩,BV1EiybB4EQR,2025年10月30日直播,,https://www.bilibili.com/video/BV1EiybB4EQR
performance_30918360e13a,song_237d5c8d4085,2025-09-12,哔哩哔哩,BV1GSpFzbEwt,2025年9月12日直播,,https://www.bilibili.com/video/BV1GSpFzbEwt
performance_8788960c4af2,song_237d5c8d4085,2025-01-24,哔哩哔哩,BV1FCfsYoEm5,2025年1月24日直播,,https://www.bilibili.com/video/BV1FCfsYoEm5
performance_9425250e483d,song_237d5c8d4085,2024-11-15,哔哩哔哩,BV1hRUpYLE1j,2024年11月15日直播,,https://www.bilibili.com/video/BV1hRUpYLE1j
performance_939bbd9c4d1b,song_db9f6509b58d,2026-05-10,哔哩哔哩,BV1aK5W64Ega,2026年5月10日直播,,https://www.bilibili.com/video/BV1aK5W64Ega/?p=4
performance_f8dd8c08e677,song_db9f6509b58d,2026-01-11,哔哩哔哩,BV11trvBLEf9,2026年1月11日直播,,https://www.bilibili.com/video/BV11trvBLEf9
performance_44fab5b2e609,song_db9f6509b58d,2024-12-10,哔哩哔哩,BV1H4qUYgErP,2024年12月10日直播,,https://www.bilibili.com/video/BV1H4qUYgErP
performance_d6c2414d5c40,song_6f87e391e905,2026-05-10,哔哩哔哩,BV1aK5W64Ega,2026年5月10日直播,,https://www.bilibili.com/video/BV1aK5W64Ega/?p=6
performance_5fca2bae35cc,song_6f87e391e905,2026-05-03,哔哩哔哩,BV1zrRJBtE7r,2026年5月3日直播,,https://www.bilibili.com/video/BV1zrRJBtE7r/?p=30
performance_9fae7519a4ad,song_5d1fa6a56a22,2026-05-10,哔哩哔哩,BV1aK5W64Ega,2026年5月10日直播,,https://www.bilibili.com/video/BV1aK5W64Ega/?p=9
performance_5f1232c141de,song_45c21030c43e,2026-05-09,哔哩哔哩,BV1huRfBXEjE,2026年5月9日直播,,https://www.bilibili.com/video/BV1huRfBXEjE/?p=1
performance_1dbd1e626787,song_45c21030c43e,2026-05-05,哔哩哔哩,BV1YKR4BvEeR,2026年5月5日直播,,https://www.bilibili.com/video/BV1YKR4BvEeR/?p=4
performance_004d811214bb,song_45c21030c43e,2026-04-17,哔哩哔哩,BV1XTdHBpEpK,2026年4月17日直播,,https://www.bilibili.com/video/BV1XTdHBpEpK/?p=1
performance_3704c859cbcf,song_45c21030c43e,2026-03-20,哔哩哔哩,BV116A3zvEyx,2026年3月20日直播,,https://www.bilibili.com/video/BV116A3zvEyx
performance_762e1cc27c3a,song_45c21030c43e,2026-02-05,哔哩哔哩,BV11sFxzwEcT,2026年2月5日直播,,https://www.bilibili.com/video/BV11sFxzwEcT
performance_98560710d016,song_45c21030c43e,2025-10-14,哔哩哔哩,BV11f4mzaERy,2025年10月14日直播,,https://www.bilibili.com/video/BV11f4mzaERy
performance_8ee0ddf5cd91,song_64316bfb4b39,2026-05-09,哔哩哔哩,BV1huRfBXEjE,2026年5月9日直播,,https://www.bilibili.com/video/BV1huRfBXEjE/?p=5
performance_d4dd56dcbbd7,song_64316bfb4b39,2026-01-18,哔哩哔哩,BV1hjkEBkE42,2026年1月18日直播,,https://www.bilibili.com/video/BV1hjkEBkE42
performance_6c5a9e694612,song_64316bfb4b39,2025-12-07,哔哩哔哩,BV18e29BQEvB,2025年12月7日直播,,https://www.bilibili.com/video/BV18e29BQEvB
performance_c21a63a949fb,song_ed087109b34d,2026-05-08,哔哩哔哩,BV1jNRQBVEhN,2026年5月8日直播,,https://www.bilibili.com/video/BV1jNRQBVEhN/?p=11
performance_1ad4e1b8f018,song_ed087109b34d,2026-04-26,哔哩哔哩,BV1S7orB3EaV,2026年4月26日直播,,https://www.bilibili.com/video/BV1S7orB3EaV/?p=6
performance_5c8dafa1d5ed,song_ed087109b34d,2026-03-07,哔哩哔哩,BV1kUPQzLE75,2026年3月7日直播,,https://www.bilibili.com/video/BV1kUPQzLE75
performance_1fa093320303,song_ed087109b34d,2026-01-16,哔哩哔哩,BV1jdrDBGE3c,2026年1月16日直播,,https://www.bilibili.com/video/BV1jdrDBGE3c
performance_017ca93ef0c5,song_ed087109b34d,2025-12-10,哔哩哔哩,BV1bCm8BHEE7,2025年12月10日直播,,https://www.bilibili.com/video/BV1bCm8BHEE7
performance_fcf980fc1d04,song_ed087109b34d,2025-11-02,哔哩哔哩,BV1FcydBKEoM,2025年11月2日直播,,https://www.bilibili.com/video/BV1FcydBKEoM
performance_5f209b09f7a1,song_ed087109b34d,2025-05-14,哔哩哔哩,BV1gCEvz1ELS,2025年5月14日直播,,https://www.bilibili.com/video/BV1gCEvz1ELS
performance_ae16ddbc3bc4,song_ed087109b34d,2025-03-14,哔哩哔哩,BV1mqXAYfEfb,2025年3月14日直播,,https://www.bilibili.com/video/BV1mqXAYfEfb
performance_3e71068b31e5,song_ed087109b34d,2025-03-06,哔哩哔哩,BV1xXRhYgEAq,2025年3月6日直播,,https://www.bilibili.com/video/BV1xXRhYgEAq
performance_8965549bca18,song_ed087109b34d,2025-02-21,哔哩哔哩,BV1QZAmeJEcF,2025年2月21日直播,,https://www.bilibili.com/video/BV1QZAmeJEcF
performance_b056e82671f3,song_ed087109b34d,2025-01-31,哔哩哔哩,BV1oaFRezEoc,2025年1月31日直播,,https://www.bilibili.com/video/BV1oaFRezEoc
performance_90f16d09471b,song_ed087109b34d,2024-11-21,哔哩哔哩,BV1hXidYrERW,2024年11月21日直播,,https://www.bilibili.com/video/BV1hXidYrERW
performance_05dae25168bf,song_ed087109b34d,2024-11-15,哔哩哔哩,BV1QXUpY1EhA,2024年11月15日直播,,https://www.bilibili.com/video/BV1QXUpY1EhA
performance_3efc6b673963,song_519cbd57f719,2026-05-08,哔哩哔哩,BV1jNRQBVEhN,2026年5月8日直播,,https://www.bilibili.com/video/BV1jNRQBVEhN/?p=6
performance_ac6494ef15cc,song_519cbd57f719,2026-03-20,哔哩哔哩,BV116A3zvEQv,2026年3月20日直播,,https://www.bilibili.com/video/BV116A3zvEQv
performance_9a751c60b16d,song_519cbd57f719,2026-03-18,哔哩哔哩,BV1DuAHzqE3G,2026年3月18日直播,,https://www.bilibili.com/video/BV1DuAHzqE3G
performance_89619b9428cd,song_519cbd57f719,2026-02-25,哔哩哔哩,BV1VSA2zjEdk,2026年2月25日直播,,https://www.bilibili.com/video/BV1VSA2zjEdk
performance_c1a5f1eeec3b,song_519cbd57f719,2026-02-10,哔哩哔哩,BV117FdzEEbT,2026年2月10日直播,,https://www.bilibili.com/video/BV117FdzEEbT
performance_198769743db9,song_519cbd57f719,2026-01-15,哔哩哔哩,BV13xkwBaE1F,2026年1月15日直播,,https://www.bilibili.com/video/BV13xkwBaE1F
performance_f3e0a5d25e25,song_519cbd57f719,2025-12-07,哔哩哔哩,BV1CS29BrEPx,2025年12月7日直播,,https://www.bilibili.com/video/BV1CS29BrEPx
performance_47bf735a6dd1,song_519cbd57f719,2025-11-15,哔哩哔哩,BV1XKC3BFEDi,2025年11月15日直播,,https://www.bilibili.com/video/BV1XKC3BFEDi
performance_9061d2a928b5,song_519cbd57f719,2025-01-19,哔哩哔哩,BV1ehwkezEmY,2025年1月19日直播,,https://www.bilibili.com/video/BV1ehwkezEmY
performance_12eeb6fc494e,song_519cbd57f719,2024-12-24,哔哩哔哩,BV1qJrkYsEpN,2024年12月24日直播,,https://www.bilibili.com/video/BV1qJrkYsEpN
performance_3a6b490f68f1,song_5d9a103b116d,2026-05-08,哔哩哔哩,BV1jNRQBVEhN,2026年5月8日直播,,https://www.bilibili.com/video/BV1jNRQBVEhN/?p=10
performance_528cb0d204a1,song_5d9a103b116d,2026-04-29,哔哩哔哩,BV18hRABcEry,2026年4月29日直播,,https://www.bilibili.com/video/BV18hRABcEry/?p=12
performance_b8faa430095e,song_5d9a103b116d,2026-04-03,哔哩哔哩,BV1hhDcBUEgA,2026年4月3日直播,,https://www.bilibili.com/video/BV1hhDcBUEgA/?p=11
performance_7b44b50fc8d7,song_5d9a103b116d,2026-03-20,哔哩哔哩,BV1yCA3zYE4z,2026年3月20日直播,,https://www.bilibili.com/video/BV1yCA3zYE4z
performance_10329cba02f4,song_5d9a103b116d,2026-01-15,哔哩哔哩,BV1LEkwBTEKN,2026年1月15日直播,,https://www.bilibili.com/video/BV1LEkwBTEKN
performance_cb5c7dab60a3,song_5d9a103b116d,2025-05-23,哔哩哔哩,BV16ijJz7Efe,2025年5月23日直播,,https://www.bilibili.com/video/BV16ijJz7Efe
performance_1c703380cb8c,song_5d9a103b116d,2024-12-29,哔哩哔哩,BV1JocFeZE2X,2024年12月29日直播,,https://www.bilibili.com/video/BV1JocFeZE2X
performance_963d79a8825d,song_5d9a103b116d,2024-11-13,哔哩哔哩,BV1r4U8YmE1J,2024年11月13日直播,,https://www.bilibili.com/video/BV1r4U8YmE1J
performance_0b0d2e1e9e58,song_9ca936ad8c74,2026-05-08,哔哩哔哩,BV1jNRQBVEhN,2026年5月8日直播,,https://www.bilibili.com/video/BV1jNRQBVEhN/?p=4
performance_82abcd0ccd40,song_9ca936ad8c74,2026-05-03,哔哩哔哩,BV1zrRJBtE7r,2026年5月3日直播,,https://www.bilibili.com/video/BV1zrRJBtE7r/?p=10
performance_ebc41c422586,song_9ca936ad8c74,2026-03-06,哔哩哔哩,BV1tBNAzQEHt,2026年3月6日直播,,https://www.bilibili.com/video/BV1tBNAzQEHt
performance_429e1880ee14,song_9ca936ad8c74,2025-12-20,哔哩哔哩,BV1qkq6BiEGh,2025年12月20日直播,,https://www.bilibili.com/video/BV1qkq6BiEGh
performance_31eda0483cc3,song_9ca936ad8c74,2025-12-17,哔哩哔哩,BV1WEqVBMEfL,2025年12月17日直播,,https://www.bilibili.com/video/BV1WEqVBMEfL
performance_b67229a68cfc,song_9ca936ad8c74,2025-03-06,哔哩哔哩,BV1JwRaYPEyr,2025年3月6日直播,,https://www.bilibili.com/video/BV1JwRaYPEyr
performance_354864dbd6a4,song_39dab49974bf,2026-05-08,哔哩哔哩,BV1jNRQBVEhN,2026年5月8日直播,,https://www.bilibili.com/video/BV1jNRQBVEhN/?p=14
performance_c02a5564d530,song_39dab49974bf,2025-12-29,哔哩哔哩,BV1agvxBLELB,2025年12月29日直播,,https://www.bilibili.com/video/BV1agvxBLELB
performance_06f9decfa0f1,song_9d4ece096e95,2026-05-08,哔哩哔哩,BV1jNRQBVEhN,2026年5月8日直播,,https://www.bilibili.com/video/BV1jNRQBVEhN/?p=3
performance_95f8a4cef187,song_9d4ece096e95,2026-04-02,哔哩哔哩,BV1A6DMBdEyC,2026年4月2日直播,,https://www.bilibili.com/video/BV1A6DMBdEyC/?p=9
performance_f75b4b4f5382,song_d8f5c51a4390,2026-05-05,哔哩哔哩,BV1YKR4BvEeR,2026年5月5日直播,,https://www.bilibili.com/video/BV1YKR4BvEeR/?p=6
performance_0d48ab2a8b18,song_d8f5c51a4390,2026-04-12,哔哩哔哩,BV1z6QYBRE6E,2026年4月12日直播,,https://www.bilibili.com/video/BV1z6QYBRE6E/?p=6
performance_f6f075270dc0,song_d8f5c51a4390,2026-02-22,哔哩哔哩,BV1iafiBVE2T,2026年2月22日直播,,https://www.bilibili.com/video/BV1iafiBVE2T
performance_990219c5c496,song_d8f5c51a4390,2026-02-18,哔哩哔哩,BV1rbZeBCEyY,2026年2月18日直播,,https://www.bilibili.com/video/BV1rbZeBCEyY
performance_a28bb32f4f96,song_d8f5c51a4390,2026-02-11,哔哩哔哩,BV1P4c3ztEfC,2026年2月11日直播,,https://www.bilibili.com/video/BV1P4c3ztEfC
performance_0d80bf4a830d,song_d8f5c51a4390,2026-01-29,哔哩哔哩,BV1gZ6BBbE72,2026年1月29日直播,,https://www.bilibili.com/video/BV1gZ6BBbE72
performance_e91cfbb437d8,song_d8f5c51a4390,2025-12-26,哔哩哔哩,BV1hKB9BaEA5,2025年12月26日直播,,https://www.bilibili.com/video/BV1hKB9BaEA5
performance_b0ca1452926d,song_d8f5c51a4390,2025-12-12,哔哩哔哩,BV1eNmmB3Eur,2025年12月12日直播,,https://www.bilibili.com/video/BV1eNmmB3Eur
performance_01707ae72df6,song_d8f5c51a4390,2025-11-29,哔哩哔哩,BV1fFSnB2Eoa,2025年11月29日直播,,https://www.bilibili.com/video/BV1fFSnB2Eoa
performance_4a1d3fe11e9a,song_d8f5c51a4390,2025-11-21,哔哩哔哩,BV1AwUEByELm,2025年11月21日直播,,https://www.bilibili.com/video/BV1AwUEByELm
performance_0cfe9f909792,song_d8f5c51a4390,2025-11-21,哔哩哔哩,BV1ktyKBeER4,2025年11月21日直播,,https://www.bilibili.com/video/BV1ktyKBeER4
performance_b3db0dd46c83,song_2ecbfce2ee14,2026-05-05,哔哩哔哩,BV1YKR4BvEeR,2026年5月5日直播,,https://www.bilibili.com/video/BV1YKR4BvEeR/?p=7
performance_7deaa4ab4822,song_2ecbfce2ee14,2026-04-28,哔哩哔哩,BV1sqRcBEEXj,2026年4月28日直播,,https://www.bilibili.com/video/BV1sqRcBEEXj/?p=5
performance_c7cb5f0127b4,song_2ecbfce2ee14,2026-04-10,哔哩哔哩,BV19XQYB2EUD,2026年4月10日直播,,https://www.bilibili.com/video/BV19XQYB2EUD/?p=21
performance_1684ab2189e6,song_2ecbfce2ee14,2026-03-25,哔哩哔哩,BV1gz9WBpEvn,2026年3月25日直播,,https://www.bilibili.com/video/BV1gz9WBpEvn
performance_3b76fcdc76db,song_2ecbfce2ee14,2026-01-29,哔哩哔哩,BV1gZ6BBbEAe,2026年1月29日直播,,https://www.bilibili.com/video/BV1gZ6BBbEAe
performance_1791e0cfef68,song_2ecbfce2ee14,2025-12-07,哔哩哔哩,BV1a829BsEfn,2025年12月7日直播,,https://www.bilibili.com/video/BV1a829BsEfn
performance_e80c42faa412,song_2ecbfce2ee14,2025-11-08,哔哩哔哩,BV1X411BhEke,2025年11月8日直播,,https://www.bilibili.com/video/BV1X411BhEke
performance_2c60bd545214,song_2ecbfce2ee14,2025-09-12,哔哩哔哩,BV1udpFzsE5J,2025年9月12日直播,,https://www.bilibili.com/video/BV1udpFzsE5J
performance_a3047d038a3f,song_2ecbfce2ee14,2025-07-25,哔哩哔哩,BV1pi84zBEwZ,2025年7月25日直播,,https://www.bilibili.com/video/BV1pi84zBEwZ
performance_31c7c2bc7871,song_d4ec0ef9f54c,2026-05-05,哔哩哔哩,BV1YKR4BvEeR,2026年5月5日直播,,https://www.bilibili.com/video/BV1YKR4BvEeR/?p=8
performance_a809218187fe,song_d4ec0ef9f54c,2026-01-29,哔哩哔哩,BV1xx6BBnEEV,2026年1月29日直播,,https://www.bilibili.com/video/BV1xx6BBnEEV
performance_59356da6446b,song_d4ec0ef9f54c,2026-01-01,哔哩哔哩,BV1NYvXB5ETW,2026年1月1日直播,,https://www.bilibili.com/video/BV1NYvXB5ETW
performance_775d61bded4f,song_d4ec0ef9f54c,2025-12-31,哔哩哔哩,BV1T2iABLEzc,2025年12月31日直播,,https://www.bilibili.com/video/BV1T2iABLEzc
performance_b36905dfe1a1,song_d4ec0ef9f54c,2025-12-23,哔哩哔哩,BV1EABNBgEN2,2025年12月23日直播,,https://www.bilibili.com/video/BV1EABNBgEN2
performance_23094bc98318,song_d4ec0ef9f54c,2025-06-21,哔哩哔哩,BV16qNmzcEb3,2025年6月21日直播,,https://www.bilibili.com/video/BV16qNmzcEb3
performance_fae8c65ede70,song_25e963ae9e69,2026-05-05,哔哩哔哩,BV1YKR4BvEeR,2026年5月5日直播,,https://www.bilibili.com/video/BV1YKR4BvEeR/?p=5
performance_4c82196a1e7c,song_25e963ae9e69,2026-04-02,哔哩哔哩,BV1A6DMBdEyC,2026年4月2日直播,,https://www.bilibili.com/video/BV1A6DMBdEyC/?p=10
performance_5067fe112a46,song_25e963ae9e69,2026-02-01,哔哩哔哩,BV1zkfdBME3N,2026年2月1日直播,,https://www.bilibili.com/video/BV1zkfdBME3N
performance_4bf88913ef1c,song_d4faf5bdb022,2026-05-03,哔哩哔哩,BV1zrRJBtE7r,2026年5月3日直播,,https://www.bilibili.com/video/BV1zrRJBtE7r/?p=9
performance_2054604f2035,song_d4faf5bdb022,2026-03-26,哔哩哔哩,BV1Ge9WBdEoz,2026年3月26日直播,,https://www.bilibili.com/video/BV1Ge9WBdEoz
performance_4459934e78d0,song_d4faf5bdb022,2026-03-15,哔哩哔哩,BV1GSAGzEEQE,2026年3月15日直播,,https://www.bilibili.com/video/BV1GSAGzEEQE
performance_7526b74874ca,song_d4faf5bdb022,2026-01-25,哔哩哔哩,BV1Ze63BFEn2,2026年1月25日直播,,https://www.bilibili.com/video/BV1Ze63BFEn2
performance_4aa3c6602c34,song_d4faf5bdb022,2025-12-23,哔哩哔哩,BV1cEB4BzEVQ,2025年12月23日直播,,https://www.bilibili.com/video/BV1cEB4BzEVQ
performance_0e0adff1ba00,song_d4faf5bdb022,2025-12-02,哔哩哔哩,BV1f1SpB9EZd,2025年12月2日直播,,https://www.bilibili.com/video/BV1f1SpB9EZd
performance_210716732703,song_d4faf5bdb022,2025-07-25,哔哩哔哩,BV1pv84zuEmr,2025年7月25日直播,,https://www.bilibili.com/video/BV1pv84zuEmr
performance_8c321795b7dc,song_d4faf5bdb022,2025-05-18,哔哩哔哩,BV1YFJ3zDEdW,2025年5月18日直播,,https://www.bilibili.com/video/BV1YFJ3zDEdW
performance_fa1d9dbb99c4,song_d4faf5bdb022,2025-03-14,哔哩哔哩,BV1MBXAYFEu6,2025年3月14日直播,,https://www.bilibili.com/video/BV1MBXAYFEu6
performance_c550ff488833,song_d4faf5bdb022,2024-12-20,哔哩哔哩,BV17pk8YZEoi,2024年12月20日直播,,https://www.bilibili.com/video/BV17pk8YZEoi
performance_7dac9366dd2c,song_d4faf5bdb022,2024-12-15,哔哩哔哩,BV1nCkgYkE8o,2024年12月15日直播,,https://www.bilibili.com/video/BV1nCkgYkE8o
performance_a0cbf6d1f695,song_d4faf5bdb022,2024-11-15,哔哩哔哩,BV1eUUpYJEBv,2024年11月15日直播,,https://www.bilibili.com/video/BV1eUUpYJEBv
performance_15d120a9b8e8,song_43a948a44893,2026-05-03,哔哩哔哩,BV1zrRJBtE7r,2026年5月3日直播,,https://www.bilibili.com/video/BV1zrRJBtE7r/?p=2
performance_66019c0ea63f,song_43a948a44893,2026-04-26,哔哩哔哩,BV1S7orB3EaV,2026年4月26日直播,,https://www.bilibili.com/video/BV1S7orB3EaV/?p=13
performance_cc3148cc27d5,song_43a948a44893,2026-03-18,哔哩哔哩,BV1guAHzqECi,2026年3月18日直播,,https://www.bilibili.com/video/BV1guAHzqECi
performance_782ae7e9df61,song_43a948a44893,2026-01-15,哔哩哔哩,BV15EkwBTEzs,2026年1月15日直播,,https://www.bilibili.com/video/BV15EkwBTEzs
performance_743a7671a985,song_43a948a44893,2025-12-17,哔哩哔哩,BV1sjqVBzEam,2025年12月17日直播,,https://www.bilibili.com/video/BV1sjqVBzEam
performance_d87b8a5c1648,song_43a948a44893,2025-10-26,哔哩哔哩,BV1zExczJEDr,2025年10月26日直播,,https://www.bilibili.com/video/BV1zExczJEDr
performance_e7763218dcbf,song_43a948a44893,2025-10-14,哔哩哔哩,BV18n49zXE4j,2025年10月14日直播,,https://www.bilibili.com/video/BV18n49zXE4j
performance_1931f8ecc63c,song_43a948a44893,2025-05-18,哔哩哔哩,BV1YFJ3zDEYi,2025年5月18日直播,,https://www.bilibili.com/video/BV1YFJ3zDEYi
performance_6f4874de2042,song_43a948a44893,2025-03-14,哔哩哔哩,BV1XbXqYAEdy,2025年3月14日直播,,https://www.bilibili.com/video/BV1XbXqYAEdy
performance_941ceaaf6860,song_43a948a44893,2025-02-16,哔哩哔哩,BV13ZAmenEbs,2025年2月16日直播,,https://www.bilibili.com/video/BV13ZAmenEbs
performance_434b02883759,song_43a948a44893,2025-02-07,哔哩哔哩,BV1v4NPezEpz,2025年2月7日直播,,https://www.bilibili.com/video/BV1v4NPezEpz
performance_eb55329c5049,song_43a948a44893,2024-11-15,哔哩哔哩,BV1eSUpYUEwF,2024年11月15日直播,,https://www.bilibili.com/video/BV1eSUpYUEwF
performance_1de730289a2a,song_36690f0e82c8,2026-05-03,哔哩哔哩,BV1zrRJBtE7r,2026年5月3日直播,,https://www.bilibili.com/video/BV1zrRJBtE7r/?p=26
performance_a537bba53c0e,song_36690f0e82c8,2026-04-03,哔哩哔哩,BV1hhDcBUEgA,2026年4月3日直播,,https://www.bilibili.com/video/BV1hhDcBUEgA/?p=5
performance_72c47803ba53,song_36690f0e82c8,2026-01-23,哔哩哔哩,BV1XJzmBpEah,2026年1月23日直播,,https://www.bilibili.com/video/BV1XJzmBpEah
performance_81dc2b56d323,song_36690f0e82c8,2025-12-20,哔哩哔哩,BV1HVqrBLEX5,2025年12月20日直播,,https://www.bilibili.com/video/BV1HVqrBLEX5
performance_d4148bd3b919,song_36690f0e82c8,2025-12-13,哔哩哔哩,BV1oAmSBnEAS,2025年12月13日直播,,https://www.bilibili.com/video/BV1oAmSBnEAS
performance_cd26ba1beec7,song_36690f0e82c8,2025-11-15,哔哩哔哩,BV1ZoCgBKEyb,2025年11月15日直播,,https://www.bilibili.com/video/BV1ZoCgBKEyb
performance_55627180020e,song_36690f0e82c8,2025-11-02,哔哩哔哩,BV1Q7ydBWEp4,2025年11月2日直播,,https://www.bilibili.com/video/BV1Q7ydBWEp4
performance_0d382bceedca,song_36690f0e82c8,2025-10-30,哔哩哔哩,BV1uZybBVE5Y,2025年10月30日直播,,https://www.bilibili.com/video/BV1uZybBVE5Y
performance_4255bf61a4c9,song_36690f0e82c8,2025-09-12,哔哩哔哩,BV1udpFzsEGJ,2025年9月12日直播,,https://www.bilibili.com/video/BV1udpFzsEGJ
performance_dba3fe9aecbf,song_36690f0e82c8,2025-05-25,哔哩哔哩,BV16kjgzpE2u,2025年5月25日直播,,https://www.bilibili.com/video/BV16kjgzpE2u
performance_a4134041d65c,song_36690f0e82c8,2024-11-20,哔哩哔哩,BV1ocidYjEqJ,2024年11月20日直播,,https://www.bilibili.com/video/BV1ocidYjEqJ
performance_5118605451de,song_36690f0e82c8,2024-11-13,哔哩哔哩,BV1rxU8Y7Efa,2024年11月13日直播,,https://www.bilibili.com/video/BV1rxU8Y7Efa
performance_9324be6a0d22,song_e3696ae2e065,2026-05-03,哔哩哔哩,BV1zrRJBtE7r,2026年5月3日直播,,https://www.bilibili.com/video/BV1zrRJBtE7r/?p=23
performance_fbf2d83439e3,song_e3696ae2e065,2026-04-02,哔哩哔哩,BV1A6DMBdEyC,2026年4月2日直播,,https://www.bilibili.com/video/BV1A6DMBdEyC/?p=7
performance_a19897a2265c,song_e3696ae2e065,2026-02-01,哔哩哔哩,BV1nqfdBrEVn,2026年2月1日直播,,https://www.bilibili.com/video/BV1nqfdBrEVn
performance_7372d24dc50f,song_e3696ae2e065,2025-09-12,哔哩哔哩,BV1MdpFzsEoX,2025年9月12日直播,,https://www.bilibili.com/video/BV1MdpFzsEoX
performance_9a3fc540957a,song_e3696ae2e065,2025-05-23,哔哩哔哩,BV16qjJz2EVu,2025年5月23日直播,,https://www.bilibili.com/video/BV16qjJz2EVu
performance_0c0434700164,song_e3696ae2e065,2025-01-29,哔哩哔哩,BV1SsFkedEen,2025年1月29日直播,,https://www.bilibili.com/video/BV1SsFkedEen
performance_04bf2e708453,song_e3696ae2e065,2024-12-24,哔哩哔哩,BV1iJrkYsErY,2024年12月24日直播,,https://www.bilibili.com/video/BV1iJrkYsErY
performance_efa71bcfb973,song_e3696ae2e065,2024-11-15,哔哩哔哩,BV1DRUpY5EQt,2024年11月15日直播,,https://www.bilibili.com/video/BV1DRUpY5EQt
performance_46472a759bef,song_e3696ae2e065,2024-11-09,哔哩哔哩,BV1V3DqYZEKr,2024年11月9日直播,,https://www.bilibili.com/video/BV1V3DqYZEKr
performance_e218bb1c707f,song_967fac768487,2026-05-03,哔哩哔哩,BV1zrRJBtE7r,2026年5月3日直播,,https://www.bilibili.com/video/BV1zrRJBtE7r/?p=13
performance_ba999bc198fe,song_967fac768487,2026-04-02,哔哩哔哩,BV1A6DMBdEyC,2026年4月2日直播,,https://www.bilibili.com/video/BV1A6DMBdEyC/?p=6
performance_c1f6c5e67a09,song_967fac768487,2026-03-05,哔哩哔哩,BV1GGNPzbENv,2026年3月5日直播,,https://www.bilibili.com/video/BV1GGNPzbENv
performance_7c31e41b51c0,song_967fac768487,2026-01-17,哔哩哔哩,BV1aLkEBVEKz,2026年1月17日直播,,https://www.bilibili.com/video/BV1aLkEBVEKz
performance_1a7f2fb047e4,song_967fac768487,2026-01-13,哔哩哔哩,BV1ujrHBjEvX,2026年1月13日直播,,https://www.bilibili.com/video/BV1ujrHBjEvX
performance_342b865ccb3f,song_967fac768487,2025-12-19,哔哩哔哩,BV1iPqQBwEp3,2025年12月19日直播,,https://www.bilibili.com/video/BV1iPqQBwEp3
performance_596b553086bb,song_967fac768487,2025-12-10,哔哩哔哩,BV1hBm8BREtz,2025年12月10日直播,,https://www.bilibili.com/video/BV1hBm8BREtz
performance_bdffde6f7972,song_619113f21dd1,2026-05-03,哔哩哔哩,BV1zrRJBtE7r,2026年5月3日直播,,https://www.bilibili.com/video/BV1zrRJBtE7r/?p=25
performance_db0f308c2bce,song_619113f21dd1,2026-01-25,哔哩哔哩,BV19k63B9EF5,2026年1月25日直播,,https://www.bilibili.com/video/BV19k63B9EF5
performance_b3934aa91664,song_619113f21dd1,2025-09-21,哔哩哔哩,BV1penczrETM,2025年9月21日直播,,https://www.bilibili.com/video/BV1penczrETM
performance_65dba313a901,song_619113f21dd1,2025-05-23,哔哩哔哩,BV1xujnzREN3,2025年5月23日直播,,https://www.bilibili.com/video/BV1xujnzREN3
performance_822c05ddf938,song_619113f21dd1,2025-01-31,哔哩哔哩,BV1H7FXeGEoU,2025年1月31日直播,,https://www.bilibili.com/video/BV1H7FXeGEoU
performance_7f79db24ce16,song_619113f21dd1,2024-12-07,哔哩哔哩,BV1i3qpYsEQ4,2024年12月7日直播,,https://www.bilibili.com/video/BV1i3qpYsEQ4
performance_b4942285a66b,song_3346abf6189f,2026-05-03,哔哩哔哩,BV1zrRJBtE7r,2026年5月3日直播,,https://www.bilibili.com/video/BV1zrRJBtE7r/?p=6
performance_3d7be686e788,song_3346abf6189f,2026-01-17,哔哩哔哩,BV14skEBTESu,2026年1月17日直播,,https://www.bilibili.com/video/BV14skEBTESu
performance_19ab399362be,song_3346abf6189f,2025-12-17,哔哩哔哩,BV1voqGBpEhn,2025年12月17日直播,,https://www.bilibili.com/video/BV1voqGBpEhn
performance_784d0faaa7c0,song_3346abf6189f,2025-08-21,哔哩哔哩,BV1zYe4z5ERs,2025年8月21日直播,,https://www.bilibili.com/video/BV1zYe4z5ERs
performance_28c2e0638774,song_3346abf6189f,2025-05-25,哔哩哔哩,BV1LSjgzmEyr,2025年5月25日直播,,https://www.bilibili.com/video/BV1LSjgzmEyr
performance_c8527854c243,song_3346abf6189f,2025-01-04,哔哩哔哩,BV1ndcFebEbR,2025年1月4日直播,,https://www.bilibili.com/video/BV1ndcFebEbR
performance_96e4dc5745bf,song_5e9cb1b7e6b3,2026-05-03,哔哩哔哩,BV1zrRJBtE7r,2026年5月3日直播,,https://www.bilibili.com/video/BV1zrRJBtE7r/?p=29
performance_9b72c5e7ffc0,song_5e9cb1b7e6b3,2026-04-29,哔哩哔哩,BV18hRABcEry,2026年4月29日直播,,https://www.bilibili.com/video/BV18hRABcEry/?p=3
performance_43fce0200037,song_5e9cb1b7e6b3,2026-04-14,哔哩哔哩,BV1pvdqBJESa,2026年4月14日直播,,https://www.bilibili.com/video/BV1pvdqBJESa/?p=5
performance_505e558bd19e,song_5e9cb1b7e6b3,2026-01-24,哔哩哔哩,BV1FGzbBLEMB,2026年1月24日直播,,https://www.bilibili.com/video/BV1FGzbBLEMB
performance_b483bd894cbf,song_5e9cb1b7e6b3,2025-12-03,哔哩哔哩,BV1CSSbBLEjJ,2025年12月3日直播,,https://www.bilibili.com/video/BV1CSSbBLEjJ
performance_e9f817749034,song_5e9cb1b7e6b3,2025-05-18,哔哩哔哩,BV1YwJ3zJEja,2025年5月18日直播,,https://www.bilibili.com/video/BV1YwJ3zJEja
performance_52657c810cc5,song_2129b8599819,2026-05-03,哔哩哔哩,BV1zrRJBtE7r,2026年5月3日直播,,https://www.bilibili.com/video/BV1zrRJBtE7r/?p=17
performance_68bac2ba2e64,song_2129b8599819,2026-04-29,哔哩哔哩,BV18hRABcEry,2026年4月29日直播,,https://www.bilibili.com/video/BV18hRABcEry/?p=14
performance_eca9c0315af2,song_2129b8599819,2026-04-10,哔哩哔哩,BV19XQYB2EUD,2026年4月10日直播,,https://www.bilibili.com/video/BV19XQYB2EUD/?p=7
performance_1501b6f55f5f,song_2129b8599819,2026-02-24,哔哩哔哩,BV11iArzSE57,2026年2月24日直播,,https://www.bilibili.com/video/BV11iArzSE57
performance_b9012ae101a5,song_2129b8599819,2026-01-15,哔哩哔哩,BV1GskwBAEnF,2026年1月15日直播,,https://www.bilibili.com/video/BV1GskwBAEnF
performance_4ad45929b665,song_158f4a7e1f81,2026-05-03,哔哩哔哩,BV1zrRJBtE7r,2026年5月3日直播,,https://www.bilibili.com/video/BV1zrRJBtE7r/?p=27
performance_e07a85d0eba5,song_158f4a7e1f81,2026-04-11,哔哩哔哩,BV19QQYB7EBm,2026年4月11日直播,,https://www.bilibili.com/video/BV19QQYB7EBm/?p=6
performance_caea14437745,song_158f4a7e1f81,2026-01-17,哔哩哔哩,BV13vk7BrEJ7,2026年1月17日直播,,https://www.bilibili.com/video/BV13vk7BrEJ7
performance_798b9216d414,song_158f4a7e1f81,2025-11-23,哔哩哔哩,BV1qWUwBsErL,2025年11月23日直播,,https://www.bilibili.com/video/BV1qWUwBsErL
performance_bc8fe9a8f7e0,song_158f4a7e1f81,2024-12-17,哔哩哔哩,BV1LCkBYjEqH,2024年12月17日直播,,https://www.bilibili.com/video/BV1LCkBYjEqH
performance_0b4628f11959,song_975f175393bf,2026-05-03,哔哩哔哩,BV1zrRJBtE7r,2026年5月3日直播,,https://www.bilibili.com/video/BV1zrRJBtE7r/?p=28
performance_bbbcc6649cf3,song_975f175393bf,2026-04-29,哔哩哔哩,BV18hRABcEry,2026年4月29日直播,,https://www.bilibili.com/video/BV18hRABcEry/?p=19
performance_adc7940070cf,song_975f175393bf,2026-01-27,哔哩哔哩,BV12JzXBoE9Q,2026年1月27日直播,,https://www.bilibili.com/video/BV12JzXBoE9Q
performance_4d071a2140ed,song_975f175393bf,2025-12-01,哔哩哔哩,BV1b3SqB5Eyp,2025年12月1日直播,,https://www.bilibili.com/video/BV1b3SqB5Eyp
performance_d03f1de827c6,song_975f175393bf,2025-03-14,哔哩哔哩,BV1mqXAYfE1J,2025年3月14日直播,,https://www.bilibili.com/video/BV1mqXAYfE1J
performance_d195492cf0af,song_d4c6f8ed2ed9,2026-05-03,哔哩哔哩,BV1zrRJBtE7r,2026年5月3日直播,,https://www.bilibili.com/video/BV1zrRJBtE7r/?p=5
performance_5a22b03fe3d6,song_d4c6f8ed2ed9,2026-02-14,哔哩哔哩,BV1byZtBuEgF,2026年2月14日直播,,https://www.bilibili.com/video/BV1byZtBuEgF
performance_dc65801a2ee7,song_d4c6f8ed2ed9,2026-01-03,哔哩哔哩,BV17dqABAE8v,2026年1月3日直播,,https://www.bilibili.com/video/BV17dqABAE8v
performance_bd87100ad812,song_d4c6f8ed2ed9,2025-11-22,哔哩哔哩,BV1wPUEBVEs8,2025年11月22日直播,,https://www.bilibili.com/video/BV1wPUEBVEs8
performance_72eb0b5cc3de,song_946070fabdff,2026-05-03,哔哩哔哩,BV1zrRJBtE7r,2026年5月3日直播,,https://www.bilibili.com/video/BV1zrRJBtE7r/?p=24
performance_0cd029499d40,song_946070fabdff,2026-02-25,哔哩哔哩,BV1jUADzYE9x,2026年2月25日直播,,https://www.bilibili.com/video/BV1jUADzYE9x
performance_29b5d6ccac92,song_946070fabdff,2025-12-03,哔哩哔哩,BV17nSbBKEjk,2025年12月3日直播,,https://www.bilibili.com/video/BV17nSbBKEjk
performance_ba5ba816e56a,song_946070fabdff,2025-05-04,哔哩哔哩,BV1NMV1zQEd6,2025年5月4日直播,,https://www.bilibili.com/video/BV1NMV1zQEd6
performance_f57b89c070fc,song_af9460146e78,2026-05-03,哔哩哔哩,BV1zrRJBtE7r,2026年5月3日直播,,https://www.bilibili.com/video/BV1zrRJBtE7r/?p=4
performance_c8bc86940be2,song_af9460146e78,2026-04-10,哔哩哔哩,BV19XQYB2EUD,2026年4月10日直播,,https://www.bilibili.com/video/BV19XQYB2EUD/?p=22
performance_2cdf425418fe,song_af9460146e78,2025-12-26,哔哩哔哩,BV1KcBoBYEkX,2025年12月26日直播,,https://www.bilibili.com/video/BV1KcBoBYEkX
performance_0aa7c7c2554c,song_af9460146e78,2024-12-03,哔哩哔哩,BV1mfi9YfEVw,2024年12月3日直播,,https://www.bilibili.com/video/BV1mfi9YfEVw
performance_bef818adbd36,song_54df6816cb8a,2026-05-03,哔哩哔哩,BV1zrRJBtE7r,2026年5月3日直播,,https://www.bilibili.com/video/BV1zrRJBtE7r/?p=8
performance_dc53b98d5840,song_54df6816cb8a,2026-01-30,哔哩哔哩,BV1SP6nBrEDS,2026年1月30日直播,,https://www.bilibili.com/video/BV1SP6nBrEDS
performance_f7bcea67cee5,song_54df6816cb8a,2025-10-12,哔哩哔哩,BV1Ud4PzyE5s,2025年10月12日直播,,https://www.bilibili.com/video/BV1Ud4PzyE5s
performance_7c9642c66230,song_54df6816cb8a,2025-05-18,哔哩哔哩,BV1QNJ3z7E2C,2025年5月18日直播,,https://www.bilibili.com/video/BV1QNJ3z7E2C
performance_b3b755a27048,song_248d391dc5b4,2026-05-03,哔哩哔哩,BV1zrRJBtE7r,2026年5月3日直播,,https://www.bilibili.com/video/BV1zrRJBtE7r/?p=16
performance_976f0749553e,song_248d391dc5b4,2026-04-06,哔哩哔哩,BV1yzDhB9EiN,2026年4月6日直播,,https://www.bilibili.com/video/BV1yzDhB9EiN/?p=3
performance_f7266e1374da,song_248d391dc5b4,2026-02-24,哔哩哔哩,BV1NvArzHEZj,2026年2月24日直播,,https://www.bilibili.com/video/BV1NvArzHEZj
performance_60c8850349b3,song_6b3080ebf6a4,2026-05-03,哔哩哔哩,BV1zrRJBtE7r,2026年5月3日直播,,https://www.bilibili.com/video/BV1zrRJBtE7r/?p=18
performance_744adfd95126,song_6b3080ebf6a4,2026-02-22,哔哩哔哩,BV1vYfiBkEmg,2026年2月22日直播,,https://www.bilibili.com/video/BV1vYfiBkEmg
performance_07cd2490bf29,song_6b3080ebf6a4,2025-01-31,哔哩哔哩,BV1KuFXemEXb,2025年1月31日直播,,https://www.bilibili.com/video/BV1KuFXemEXb
performance_08f506dd2ff6,song_4c3e3ab8ee1c,2026-05-03,哔哩哔哩,BV1zrRJBtE7r,2026年5月3日直播,,https://www.bilibili.com/video/BV1zrRJBtE7r/?p=7
performance_73a9657501ca,song_4c3e3ab8ee1c,2026-02-06,哔哩哔哩,BV1tFcczKEq7,2026年2月6日直播,,https://www.bilibili.com/video/BV1tFcczKEq7
performance_546573959475,song_4c3e3ab8ee1c,2025-05-04,哔哩哔哩,BV1MPV1zsEnV,2025年5月4日直播,,https://www.bilibili.com/video/BV1MPV1zsEnV
performance_447345e3b5a4,song_a9be56c5ba2a,2026-05-03,哔哩哔哩,BV1zrRJBtE7r,2026年5月3日直播,,https://www.bilibili.com/video/BV1zrRJBtE7r/?p=15
performance_283618686285,song_a9be56c5ba2a,2026-03-06,哔哩哔哩,BV1G3NPzFEu1,2026年3月6日直播,,https://www.bilibili.com/video/BV1G3NPzFEu1
performance_82a7bcf23176,song_2c729ec3ef77,2026-05-03,哔哩哔哩,BV1zrRJBtE7r,2026年5月3日直播,,https://www.bilibili.com/video/BV1zrRJBtE7r/?p=12
performance_0c2289a254c4,song_2c729ec3ef77,2026-01-15,哔哩哔哩,BV1htkwBcEEn,2026年1月15日直播,,https://www.bilibili.com/video/BV1htkwBcEEn
performance_e73593466fb2,song_56c9035329e4,2026-05-01,哔哩哔哩,BV1zMRcBMEei,2026年5月1日直播,,https://www.bilibili.com/video/BV1zMRcBMEei/?p=10
performance_e99a47c44923,song_56c9035329e4,2026-03-08,哔哩哔哩,BV15ew3z2EnM,2026年3月8日直播,,https://www.bilibili.com/video/BV15ew3z2EnM
performance_6cb7c7d68966,song_56c9035329e4,2026-02-14,哔哩哔哩,BV1WRZtBaEGb,2026年2月14日直播,,https://www.bilibili.com/video/BV1WRZtBaEGb
performance_73d9f6219caa,song_56c9035329e4,2026-01-13,哔哩哔哩,BV1syrnBMERB,2026年1月13日直播,,https://www.bilibili.com/video/BV1syrnBMERB
performance_18d8a947109b,song_56c9035329e4,2025-12-18,哔哩哔哩,BV1CWqLBkEHd,2025年12月18日直播,,https://www.bilibili.com/video/BV1CWqLBkEHd
performance_7e6e5178defa,song_56c9035329e4,2025-09-19,哔哩哔哩,BV12aWAzhEZ6,2025年9月19日直播,,https://www.bilibili.com/video/BV12aWAzhEZ6
performance_b5e148df6e20,song_56c9035329e4,2025-01-01,哔哩哔哩,BV1JocFeZECp,2025年1月1日直播,,https://www.bilibili.com/video/BV1JocFeZECp
performance_70d64885b095,song_bfb4c8d387f2,2026-05-01,哔哩哔哩,BV1zMRcBMEei,2026年5月1日直播,,https://www.bilibili.com/video/BV1zMRcBMEei/?p=7
performance_5ff8145928c2,song_bfb4c8d387f2,2026-02-18,哔哩哔哩,BV1rtZeB5Etp,2026年2月18日直播,,https://www.bilibili.com/video/BV1rtZeB5Etp
performance_cb7fae67c765,song_bfb4c8d387f2,2026-02-05,哔哩哔哩,BV1xHFxzPERw,2026年2月5日直播,,https://www.bilibili.com/video/BV1xHFxzPERw
performance_8a38afa43c2d,song_bfb4c8d387f2,2025-12-23,哔哩哔哩,BV15GBNBPEEt,2025年12月23日直播,,https://www.bilibili.com/video/BV15GBNBPEEt
performance_f831979abd64,song_bfb4c8d387f2,2025-11-26,哔哩哔哩,BV1NzUXB7Efs,2025年11月26日直播,,https://www.bilibili.com/video/BV1NzUXB7Efs
performance_3d3989cdaedd,song_bfb4c8d387f2,2025-08-10,哔哩哔哩,BV1mPbJzpE7a,2025年8月10日直播,,https://www.bilibili.com/video/BV1mPbJzpE7a
performance_7a8d39b44f55,song_67431d24a4ee,2026-05-01,哔哩哔哩,BV1zMRcBMEei,2026年5月1日直播,,https://www.bilibili.com/video/BV1zMRcBMEei/?p=2
performance_c57ea6913206,song_67431d24a4ee,2026-02-07,哔哩哔哩,BV1yUcczaEqZ,2026年2月7日直播,,https://www.bilibili.com/video/BV1yUcczaEqZ
performance_625becd74a68,song_67431d24a4ee,2026-01-01,哔哩哔哩,BV1N8vXBjERS,2026年1月1日直播,,https://www.bilibili.com/video/BV1N8vXBjERS
performance_fa8d250d465e,song_67431d24a4ee,2025-11-21,哔哩哔哩,BV1wtyKBeEWn,2025年11月21日直播,,https://www.bilibili.com/video/BV1wtyKBeEWn
performance_e22fab5a1e4b,song_67431d24a4ee,2025-09-14,哔哩哔哩,BV1eGpBzMErz,2025年9月14日直播,,https://www.bilibili.com/video/BV1eGpBzMErz
performance_ca094445b113,song_67431d24a4ee,2024-12-15,哔哩哔哩,BV1JCkgYkEyD,2024年12月15日直播,,https://www.bilibili.com/video/BV1JCkgYkEyD
performance_5dba8fc93785,song_833895f2bd96,2026-05-01,哔哩哔哩,BV1zMRcBMEei,2026年5月1日直播,,https://www.bilibili.com/video/BV1zMRcBMEei/?p=3
performance_9790b887bfa9,song_833895f2bd96,2026-01-31,哔哩哔哩,BV1mb6hBNEar,2026年1月31日直播,,https://www.bilibili.com/video/BV1mb6hBNEar
performance_36f0062356b4,song_833895f2bd96,2025-05-18,哔哩哔哩,BV1YwJ3zJEbE,2025年5月18日直播,,https://www.bilibili.com/video/BV1YwJ3zJEbE
performance_272be8ab5e54,song_833895f2bd96,2025-02-03,哔哩哔哩,BV1V5Pde1EJv,2025年2月3日直播,,https://www.bilibili.com/video/BV1V5Pde1EJv
performance_343a2d0962c9,song_833895f2bd96,2024-12-17,哔哩哔哩,BV1LCkBYjErQ,2024年12月17日直播,,https://www.bilibili.com/video/BV1LCkBYjErQ
performance_6b6a733918c8,song_26ceb495edfe,2026-05-01,哔哩哔哩,BV1zMRcBMEei,2026年5月1日直播,,https://www.bilibili.com/video/BV1zMRcBMEei/?p=6
performance_b90088716cc7,song_48c773d222df,2026-04-29,哔哩哔哩,BV18hRABcEry,2026年4月29日直播,,https://www.bilibili.com/video/BV18hRABcEry/?p=10
performance_76e1d56df2b5,song_48c773d222df,2026-04-26,哔哩哔哩,BV1S7orB3EaV,2026年4月26日直播,,https://www.bilibili.com/video/BV1S7orB3EaV/?p=14
performance_9ed14189ec7c,song_48c773d222df,2026-03-25,哔哩哔哩,BV1Dz9WBHELX,2026年3月25日直播,,https://www.bilibili.com/video/BV1Dz9WBHELX
performance_7cd7ed52bd46,song_48c773d222df,2026-02-17,哔哩哔哩,BV1L9ZQBnEkS,2026年2月17日直播,,https://www.bilibili.com/video/BV1L9ZQBnEkS
performance_68e10e5a553d,song_48c773d222df,2025-12-26,哔哩哔哩,BV1gQBdBzEzt,2025年12月26日直播,,https://www.bilibili.com/video/BV1gQBdBzEzt
performance_5dfdb3b2c413,song_48c773d222df,2025-10-14,哔哩哔哩,BV1DS4mzBEPk,2025年10月14日直播,,https://www.bilibili.com/video/BV1DS4mzBEPk
performance_9471247e7f37,song_48c773d222df,2025-08-15,哔哩哔哩,BV1TnYCzeEsx,2025年8月15日直播,,https://www.bilibili.com/video/BV1TnYCzeEsx
performance_77938ae105e9,song_48c773d222df,2025-07-25,哔哩哔哩,BV1cz84ziEtn,2025年7月25日直播,,https://www.bilibili.com/video/BV1cz84ziEtn
performance_4b10aa65057a,song_48c773d222df,2025-02-16,哔哩哔哩,BV1DZAmeJEwJ,2025年2月16日直播,,https://www.bilibili.com/video/BV1DZAmeJEwJ
performance_60afad21e52c,song_48c773d222df,2025-02-04,哔哩哔哩,BV14EP6eoEf1,2025年2月4日直播,,https://www.bilibili.com/video/BV14EP6eoEf1
performance_f04350c0adb5,song_48c773d222df,2024-11-21,哔哩哔哩,BV1hRidYgEXQ,2024年11月21日直播,,https://www.bilibili.com/video/BV1hRidYgEXQ
performance_425e5ce3e3f8,song_48c773d222df,2024-11-15,哔哩哔哩,BV1QXUpY1EYt,2024年11月15日直播,,https://www.bilibili.com/video/BV1QXUpY1EYt
performance_acd011cb038d,song_ec4541e0e00e,2026-04-29,哔哩哔哩,BV18hRABcEry,2026年4月29日直播,,https://www.bilibili.com/video/BV18hRABcEry/?p=13
performance_10a76219ef8f,song_ec4541e0e00e,2026-04-26,哔哩哔哩,BV1S7orB3EaV,2026年4月26日直播,,https://www.bilibili.com/video/BV1S7orB3EaV/?p=18
performance_d4d60bb2281a,song_ec4541e0e00e,2026-04-03,哔哩哔哩,BV1hhDcBUEgA,2026年4月3日直播,,https://www.bilibili.com/video/BV1hhDcBUEgA/?p=14
performance_ea9ade02a00c,song_ec4541e0e00e,2026-02-18,哔哩哔哩,BV1ktZeB5Ebi,2026年2月18日直播,,https://www.bilibili.com/video/BV1ktZeB5Ebi
performance_442f08f77a50,song_ec4541e0e00e,2026-01-23,哔哩哔哩,BV1L5zmBdExQ,2026年1月23日直播,,https://www.bilibili.com/video/BV1L5zmBdExQ
performance_c426a888766f,song_ec4541e0e00e,2026-01-09,哔哩哔哩,BV1HX6UBkEV4,2026年1月9日直播,,https://www.bilibili.com/video/BV1HX6UBkEV4
performance_00cbd52b4265,song_ec4541e0e00e,2025-12-13,哔哩哔哩,BV1aGmSB5EHK,2025年12月13日直播,,https://www.bilibili.com/video/BV1aGmSB5EHK
performance_b583db303807,song_ec4541e0e00e,2025-11-21,哔哩哔哩,BV1sZU7B7Enh,2025年11月21日直播,,https://www.bilibili.com/video/BV1sZU7B7Enh
performance_4394b241e926,song_ec4541e0e00e,2025-09-12,哔哩哔哩,BV1aSpFzbEZr,2025年9月12日直播,,https://www.bilibili.com/video/BV1aSpFzbEZr
performance_61502cb1c66d,song_ec4541e0e00e,2024-12-07,哔哩哔哩,BV1i3qpYsECy,2024年12月7日直播,,https://www.bilibili.com/video/BV1i3qpYsECy
performance_28cb2006194d,song_86a532477830,2026-04-29,哔哩哔哩,BV18hRABcEry,2026年4月29日直播,,https://www.bilibili.com/video/BV18hRABcEry/?p=1
performance_ec23256bf6c2,song_86a532477830,2026-02-07,哔哩哔哩,BV1A9cczFEg7,2026年2月7日直播,,https://www.bilibili.com/video/BV1A9cczFEg7
performance_0c0362b259f7,song_86a532477830,2026-01-16,哔哩哔哩,BV1WrrDBQEEH,2026年1月16日直播,,https://www.bilibili.com/video/BV1WrrDBQEEH
performance_2a6aef740e36,song_86a532477830,2026-01-14,哔哩哔哩,BV17NrZB8EPK,2026年1月14日直播,,https://www.bilibili.com/video/BV17NrZB8EPK
performance_ae5fedfdde42,song_86a532477830,2025-09-19,哔哩哔哩,BV12eWAzFEE8,2025年9月19日直播,,https://www.bilibili.com/video/BV12eWAzFEE8
performance_ec8550f24799,song_86a532477830,2025-09-05,哔哩哔哩,BV1GZYVzoEg2,2025年9月5日直播,,https://www.bilibili.com/video/BV1GZYVzoEg2
performance_bb6f68e986e0,song_86a532477830,2024-12-07,哔哩哔哩,BV155qpYpE6y,2024年12月7日直播,,https://www.bilibili.com/video/BV155qpYpE6y
performance_87439c527f6f,song_9ef43e53c54e,2026-04-29,哔哩哔哩,BV18hRABcEry,2026年4月29日直播,,https://www.bilibili.com/video/BV18hRABcEry/?p=16
performance_a0b0156f4ff3,song_9ef43e53c54e,2026-01-29,哔哩哔哩,BV1go6BBFED7,2026年1月29日直播,,https://www.bilibili.com/video/BV1go6BBFED7
performance_1c50793913a4,song_9ef43e53c54e,2025-12-10,哔哩哔哩,BV1hBm8BREqC,2025年12月10日直播,,https://www.bilibili.com/video/BV1hBm8BREqC
performance_3bbcba95c46a,song_9ef43e53c54e,2025-08-10,哔哩哔哩,BV1mPbJzpEJw,2025年8月10日直播,,https://www.bilibili.com/video/BV1mPbJzpEJw
performance_0f6bfc3dcab9,song_9ef43e53c54e,2024-12-20,哔哩哔哩,BV1qRkvY3EpR,2024年12月20日直播,,https://www.bilibili.com/video/BV1qRkvY3EpR
performance_d3e5e3f6c341,song_d1c33390c53f,2026-04-29,哔哩哔哩,BV18hRABcEry,2026年4月29日直播,,https://www.bilibili.com/video/BV18hRABcEry/?p=8
performance_8f34df3a2606,song_d1c33390c53f,2026-04-10,哔哩哔哩,BV19XQYB2EUD,2026年4月10日直播,,https://www.bilibili.com/video/BV19XQYB2EUD/?p=17
performance_90fc8b2a702b,song_4d0c039c6957,2026-04-29,哔哩哔哩,BV18hRABcEry,2026年4月29日直播,,https://www.bilibili.com/video/BV18hRABcEry/?p=18
performance_259b75b4c0cf,song_4d0c039c6957,2026-04-28,哔哩哔哩,BV1sqRcBEEXj,2026年4月28日直播,,https://www.bilibili.com/video/BV1sqRcBEEXj/?p=4
performance_4e0d288ca3ac,song_555c48ceb470,2026-04-28,哔哩哔哩,BV1sqRcBEEXj,2026年4月28日直播,,https://www.bilibili.com/video/BV1sqRcBEEXj/?p=7
performance_b5cce89e9a5c,song_555c48ceb470,2026-03-05,哔哩哔哩,BV1DGNPzbEZW,2026年3月5日直播,,https://www.bilibili.com/video/BV1DGNPzbEZW
performance_91a7ab7a3cb0,song_555c48ceb470,2025-11-02,哔哩哔哩,BV1QEydBXEvR,2025年11月2日直播,,https://www.bilibili.com/video/BV1QEydBXEvR
performance_413a58091943,song_555c48ceb470,2025-09-05,哔哩哔哩,BV1QZYVzdEwt,2025年9月5日直播,,https://www.bilibili.com/video/BV1QZYVzdEwt
performance_796e294a40db,song_555c48ceb470,2025-02-16,哔哩哔哩,BV1DZAmeJEKX,2025年2月16日直播,,https://www.bilibili.com/video/BV1DZAmeJEKX
performance_d34a0474c7ff,song_555c48ceb470,2024-12-24,哔哩哔哩,BV1qJrkYsEHk,2024年12月24日直播,,https://www.bilibili.com/video/BV1qJrkYsEHk
performance_09d456527ca2,song_555c48ceb470,2024-11-21,哔哩哔哩,BV1SdidYzEod,2024年11月21日直播,,https://www.bilibili.com/video/BV1SdidYzEod
performance_c7094579ea80,song_74d5bdfaf38e,2026-04-28,哔哩哔哩,BV1sqRcBEEXj,2026年4月28日直播,,https://www.bilibili.com/video/BV1sqRcBEEXj/?p=3
performance_f174f7e53a65,song_74d5bdfaf38e,2026-02-14,哔哩哔哩,BV1byZtBgESC,2026年2月14日直播,,https://www.bilibili.com/video/BV1byZtBgESC
performance_23659115ba0d,song_74d5bdfaf38e,2026-01-10,哔哩哔哩,BV11brvByEqH,2026年1月10日直播,,https://www.bilibili.com/video/BV11brvByEqH
performance_561b9cf10bbc,song_74d5bdfaf38e,2025-10-26,哔哩哔哩,BV16LxczHEhy,2025年10月26日直播,,https://www.bilibili.com/video/BV16LxczHEhy
performance_291d18a8044f,song_74d5bdfaf38e,2025-06-22,哔哩哔哩,BV1XGNmz7Eud,2025年6月22日直播,,https://www.bilibili.com/video/BV1XGNmz7Eud
performance_62515a9657c4,song_74d5bdfaf38e,2025-01-31,哔哩哔哩,BV1QBFXeoEyh,2025年1月31日直播,,https://www.bilibili.com/video/BV1QBFXeoEyh
performance_3d6fdb54c2f6,song_a0485f9a610f,2026-04-28,哔哩哔哩,BV1sqRcBEEXj,2026年4月28日直播,,https://www.bilibili.com/video/BV1sqRcBEEXj/?p=8
performance_95a4ca261294,song_a0485f9a610f,2026-01-23,哔哩哔哩,BV1L5zmBdEND,2026年1月23日直播,,https://www.bilibili.com/video/BV1L5zmBdEND
performance_9281bf9b8e2c,song_a0485f9a610f,2025-02-21,哔哩哔哩,BV1DZAmeJEqU,2025年2月21日直播,,https://www.bilibili.com/video/BV1DZAmeJEqU
performance_2a08f60ba2f7,song_bc14151f4195,2026-04-26,哔哩哔哩,BV1S7orB3EaV,2026年4月26日直播,,https://www.bilibili.com/video/BV1S7orB3EaV/?p=12
performance_18a549affd9a,song_bc14151f4195,2026-01-30,哔哩哔哩,BV1fm6JBpEKs,2026年1月30日直播,,https://www.bilibili.com/video/BV1fm6JBpEKs
performance_deed75298508,song_bc14151f4195,2026-01-02,哔哩哔哩,BV1kfiqBNEQQ,2026年1月2日直播,,https://www.bilibili.com/video/BV1kfiqBNEQQ
performance_8c444027b2d1,song_bc14151f4195,2025-12-13,哔哩哔哩,BV1YumSBjEvC,2025年12月13日直播,,https://www.bilibili.com/video/BV1YumSBjEvC
performance_a2864f044ee9,song_bc14151f4195,2025-07-28,哔哩哔哩,BV1Ai8BzMEGd,2025年7月28日直播,,https://www.bilibili.com/video/BV1Ai8BzMEGd
performance_afa6d2865050,song_bc14151f4195,2025-05-23,哔哩哔哩,BV1cijJzEE1z,2025年5月23日直播,,https://www.bilibili.com/video/BV1cijJzEE1z
performance_43699163c8ad,song_bc14151f4195,2025-03-20,哔哩哔哩,BV1H1XHYTEhA,2025年3月20日直播,,https://www.bilibili.com/video/BV1H1XHYTEhA
performance_c30daa4dcbbf,song_5656dc6e7521,2026-04-26,哔哩哔哩,BV1S7orB3EaV,2026年4月26日直播,,https://www.bilibili.com/video/BV1S7orB3EaV/?p=8
performance_f3399b0b6c4d,song_5656dc6e7521,2025-12-25,哔哩哔哩,BV1JVB1BRESw,2025年12月25日直播,,https://www.bilibili.com/video/BV1JVB1BRESw
performance_263ac98bd267,song_5656dc6e7521,2025-12-03,哔哩哔哩,BV1FLSbBzE7t,2025年12月3日直播,,https://www.bilibili.com/video/BV1FLSbBzE7t
performance_2ef796134e06,song_5656dc6e7521,2025-11-22,哔哩哔哩,BV13CU7BoEtf,2025年11月22日直播,,https://www.bilibili.com/video/BV13CU7BoEtf
performance_344cece6906d,song_5656dc6e7521,2025-08-10,哔哩哔哩,BV12PbJzpEdQ,2025年8月10日直播,,https://www.bilibili.com/video/BV12PbJzpEdQ
performance_406fa096ef68,song_3bfaf7db9ac1,2026-04-26,哔哩哔哩,BV1S7orB3EaV,2026年4月26日直播,,https://www.bilibili.com/video/BV1S7orB3EaV/?p=1
performance_06c5ded6fd21,song_3bfaf7db9ac1,2025-08-01,哔哩哔哩,BV1E1hWzZEL7,2025年8月1日直播,,https://www.bilibili.com/video/BV1E1hWzZEL7
performance_2dac38535733,song_3bfaf7db9ac1,2024-11-15,哔哩哔哩,BV13RUpYLE7U,2024年11月15日直播,,https://www.bilibili.com/video/BV13RUpYLE7U
performance_2d9d1e120ec0,song_497bbeef7b1f,2026-04-26,哔哩哔哩,BV1S7orB3EaV,2026年4月26日直播,,https://www.bilibili.com/video/BV1S7orB3EaV/?p=9
performance_e3b00ea28fff,song_497bbeef7b1f,2025-12-18,哔哩哔哩,BV1WWqLBkEbc,2025年12月18日直播,,https://www.bilibili.com/video/BV1WWqLBkEbc
performance_d60b8f5f48e6,song_a248473350a8,2026-04-26,哔哩哔哩,BV1S7orB3EaV,2026年4月26日直播,,https://www.bilibili.com/video/BV1S7orB3EaV/?p=16
performance_877de49f833e,song_f018371afcf8,2026-04-23,哔哩哔哩,BV1b7orB3Em9,2026年4月23日直播,,https://www.bilibili.com/video/BV1b7orB3Em9/?p=3
performance_95036ab9b168,song_f018371afcf8,2026-04-10,哔哩哔哩,BV19XQYB2EUD,2026年4月10日直播,,https://www.bilibili.com/video/BV19XQYB2EUD/?p=6
performance_25bfc9c292f2,song_f018371afcf8,2026-01-15,哔哩哔哩,BV1NzkwBXEjE,2026年1月15日直播,,https://www.bilibili.com/video/BV1NzkwBXEjE
performance_1e6bd336e3c3,song_f018371afcf8,2025-11-03,哔哩哔哩,BV1zm1aBzEZN,2025年11月3日直播,,https://www.bilibili.com/video/BV1zm1aBzEZN
performance_5ddf96edb45f,song_f018371afcf8,2025-10-31,哔哩哔哩,BV1jSyYBPEPJ,2025年10月31日直播,,https://www.bilibili.com/video/BV1jSyYBPEPJ
performance_eea945e94dc9,song_f018371afcf8,2025-09-19,哔哩哔哩,BV1TaWAzaEr7,2025年9月19日直播,,https://www.bilibili.com/video/BV1TaWAzaEr7
performance_548ccb049fef,song_f018371afcf8,2025-05-08,哔哩哔哩,BV1Ee55z4Eik,2025年5月8日直播,,https://www.bilibili.com/video/BV1Ee55z4Eik
performance_9b834067a05e,song_f018371afcf8,2025-03-14,哔哩哔哩,BV1NDXzYoEjE,2025年3月14日直播,,https://www.bilibili.com/video/BV1NDXzYoEjE
performance_42784f16a7a0,song_f018371afcf8,2025-01-31,哔哩哔哩,BV1U4FkesEYc,2025年1月31日直播,,https://www.bilibili.com/video/BV1U4FkesEYc
performance_b2ec57db8f5b,song_f018371afcf8,2025-01-04,哔哩哔哩,BV1JdcFebEzA,2025年1月4日直播,,https://www.bilibili.com/video/BV1JdcFebEzA
performance_485e001c4d4b,song_f018371afcf8,2024-12-17,哔哩哔哩,BV15ykBY1EdF,2024年12月17日直播,,https://www.bilibili.com/video/BV15ykBY1EdF
performance_8548c6208726,song_f018371afcf8,2024-11-17,哔哩哔哩,BV1NXUUYkEES,2024年11月17日直播,,https://www.bilibili.com/video/BV1NXUUYkEES
performance_f556fd41a7ba,song_f4d594ec8a57,2026-04-23,哔哩哔哩,BV1b7orB3Em9,2026年4月23日直播,,https://www.bilibili.com/video/BV1b7orB3Em9/?p=4
performance_3fefeb4faca5,song_f4d594ec8a57,2026-02-06,哔哩哔哩,BV1A8cFzoEHK,2026年2月6日直播,,https://www.bilibili.com/video/BV1A8cFzoEHK
performance_fde213ca24cd,song_f4d594ec8a57,2026-02-05,哔哩哔哩,BV12HFxzPEV8,2026年2月5日直播,,https://www.bilibili.com/video/BV12HFxzPEV8
performance_09f1b128c1f8,song_f4d594ec8a57,2026-01-24,哔哩哔哩,BV1FGzbBLEE4,2026年1月24日直播,,https://www.bilibili.com/video/BV1FGzbBLEE4
performance_7d96e262abfa,song_f4d594ec8a57,2025-05-25,哔哩哔哩,BV1zkjgzpEkd,2025年5月25日直播,,https://www.bilibili.com/video/BV1zkjgzpEkd
performance_da049230de3e,song_4221f64e7326,2026-04-23,哔哩哔哩,BV1b7orB3Em9,2026年4月23日直播,,https://www.bilibili.com/video/BV1b7orB3Em9/?p=5
performance_b01bd98b695d,song_4221f64e7326,2026-01-30,哔哩哔哩,BV18p6JB6Emi,2026年1月30日直播,,https://www.bilibili.com/video/BV18p6JB6Emi
performance_aa9a4d4ecf70,song_4221f64e7326,2026-01-08,哔哩哔哩,BV1mdiXBHEiH,2026年1月8日直播,,https://www.bilibili.com/video/BV1mdiXBHEiH
performance_0f549267c3f8,song_4221f64e7326,2025-11-02,哔哩哔哩,BV1dMydB8EU2,2025年11月2日直播,,https://www.bilibili.com/video/BV1dMydB8EU2
performance_92545b7945cc,song_d7d875995bdc,2026-04-23,哔哩哔哩,BV1b7orB3Em9,2026年4月23日直播,,https://www.bilibili.com/video/BV1b7orB3Em9/?p=6
performance_e1955a611e53,song_d7d875995bdc,2026-02-01,哔哩哔哩,BV1ZffXBfET1,2026年2月1日直播,,https://www.bilibili.com/video/BV1ZffXBfET1
performance_fe72ff3ff8a7,song_d7d875995bdc,2026-01-01,哔哩哔哩,BV1qei8BME9S,2026年1月1日直播,,https://www.bilibili.com/video/BV1qei8BME9S
performance_3afacf0bd888,song_e6ab3d822df8,2026-04-18,哔哩哔哩,BV12wdoBCE4k,2026年4月18日直播,,https://www.bilibili.com/video/BV12wdoBCE4k/?p=2
performance_d801f1c1a71c,song_e6ab3d822df8,2026-02-28,哔哩哔哩,BV1miP7zxEej,2026年2月28日直播,,https://www.bilibili.com/video/BV1miP7zxEej
performance_5026bd113b3b,song_e6ab3d822df8,2025-12-31,哔哩哔哩,BV1LhiABxEcU,2025年12月31日直播,,https://www.bilibili.com/video/BV1LhiABxEcU
performance_f9826b7eb1d3,song_e6ab3d822df8,2025-12-26,哔哩哔哩,BV1ATBoBbE3q,2025年12月26日直播,,https://www.bilibili.com/video/BV1ATBoBbE3q
performance_9984da0bf304,song_e6ab3d822df8,2025-10-23,哔哩哔哩,BV1qesYzvETV,2025年10月23日直播,,https://www.bilibili.com/video/BV1qesYzvETV
performance_d583023623e2,song_e6ab3d822df8,2024-12-31,哔哩哔哩,BV1JocFeZECM,2024年12月31日直播,,https://www.bilibili.com/video/BV1JocFeZECM
performance_552fc65bcbc2,song_e6ab3d822df8,2024-12-20,哔哩哔哩,BV1BRkvY3EuF,2024年12月20日直播,,https://www.bilibili.com/video/BV1BRkvY3EuF
performance_831ece2add03,song_bcae8f9a6968,2026-04-18,哔哩哔哩,BV12wdoBCE4k,2026年4月18日直播,,https://www.bilibili.com/video/BV12wdoBCE4k/?p=1
performance_99ea1d6a16c0,song_bcae8f9a6968,2026-02-11,哔哩哔哩,BV1Atc3zoEqe,2026年2月11日直播,,https://www.bilibili.com/video/BV1Atc3zoEqe
performance_1316b10588e0,song_bcae8f9a6968,2025-12-03,哔哩哔哩,BV1ZESbBiEh9,2025年12月3日直播,,https://www.bilibili.com/video/BV1ZESbBiEh9
performance_fc454eecc1c9,song_bcae8f9a6968,2025-11-21,哔哩哔哩,BV1CcUEBLEB2,2025年11月21日直播,,https://www.bilibili.com/video/BV1CcUEBLEB2
performance_90a1a89f621c,song_bcae8f9a6968,2025-01-24,哔哩哔哩,BV1NbfpYbESY,2025年1月24日直播,,https://www.bilibili.com/video/BV1NbfpYbESY
performance_071cdd203f88,song_bcae8f9a6968,2024-11-29,哔哩哔哩,BV1Dfi2Y1EBU,2024年11月29日直播,,https://www.bilibili.com/video/BV1Dfi2Y1EBU
performance_0b76fed51976,song_7bcc2eab9787,2026-04-17,哔哩哔哩,BV1XTdHBpEpK,2026年4月17日直播,,https://www.bilibili.com/video/BV1XTdHBpEpK/?p=3
performance_6042848fa2e6,song_7bcc2eab9787,2026-02-14,哔哩哔哩,BV1aiZtByEk1,2026年2月14日直播,,https://www.bilibili.com/video/BV1aiZtByEk1
performance_b50f2ac97896,song_7bcc2eab9787,2026-01-28,哔哩哔哩,BV1C16ABSEhJ,2026年1月28日直播,,https://www.bilibili.com/video/BV1C16ABSEhJ
performance_0d0f6210435c,song_7bcc2eab9787,2026-01-21,哔哩哔哩,BV1MjzTBAEPy,2026年1月21日直播,,https://www.bilibili.com/video/BV1MjzTBAEPy
performance_09116b234f1d,song_7bcc2eab9787,2026-01-09,哔哩哔哩,BV1s26UB2E81,2026年1月9日直播,,https://www.bilibili.com/video/BV1s26UB2E81
performance_adf3687b2518,song_7bcc2eab9787,2025-12-25,哔哩哔哩,BV1JVB1BRE2i,2025年12月25日直播,,https://www.bilibili.com/video/BV1JVB1BRE2i
performance_aec2091f3f46,song_7bcc2eab9787,2025-11-27,哔哩哔哩,BV12wUeBfEVb,2025年11月27日直播,,https://www.bilibili.com/video/BV12wUeBfEVb
performance_b90db9993051,song_7bcc2eab9787,2025-10-26,哔哩哔哩,BV1rVxczXE6w,2025年10月26日直播,,https://www.bilibili.com/video/BV1rVxczXE6w
performance_4cdb4e4067f8,song_7bcc2eab9787,2025-05-25,哔哩哔哩,BV1FkjgzWEWR,2025年5月25日直播,,https://www.bilibili.com/video/BV1FkjgzWEWR
performance_69dc65b3a531,song_7bcc2eab9787,2025-03-20,哔哩哔哩,BV1AkXHYuENU,2025年3月20日直播,,https://www.bilibili.com/video/BV1AkXHYuENU
performance_2a68ac2078bc,song_df96e37ca4b9,2026-04-15,哔哩哔哩,BV1HBdqB7EPP,2026年4月15日直播,,https://www.bilibili.com/video/BV1HBdqB7EPP/?p=1
performance_6602a19f91f1,song_df96e37ca4b9,2026-03-22,哔哩哔哩,BV1xhXEBbEVu,2026年3月22日直播,,https://www.bilibili.com/video/BV1xhXEBbEVu
performance_e7eaa24cc637,song_df96e37ca4b9,2026-01-24,哔哩哔哩,BV1FgzbB2EXG,2026年1月24日直播,,https://www.bilibili.com/video/BV1FgzbB2EXG
performance_2180e72a42fe,song_df96e37ca4b9,2026-01-08,哔哩哔哩,BV14kidBZETw,2026年1月8日直播,,https://www.bilibili.com/video/BV14kidBZETw
performance_f06b860fc176,song_df96e37ca4b9,2025-12-26,哔哩哔哩,BV1V1BdBCEgg,2025年12月26日直播,,https://www.bilibili.com/video/BV1V1BdBCEgg
performance_6de8eafd273c,song_df96e37ca4b9,2025-12-23,哔哩哔哩,BV15SBxBbEep,2025年12月23日直播,,https://www.bilibili.com/video/BV15SBxBbEep
performance_63e5f313fa0d,song_df96e37ca4b9,2025-11-19,哔哩哔哩,BV1CEyVBXEjK,2025年11月19日直播,,https://www.bilibili.com/video/BV1CEyVBXEjK
performance_da35aaf6ab9e,song_df96e37ca4b9,2025-09-21,哔哩哔哩,BV1wenczrEws,2025年9月21日直播,,https://www.bilibili.com/video/BV1wenczrEws
performance_61e4598b079d,song_df96e37ca4b9,2025-07-25,哔哩哔哩,BV1Fz84ziE9Z,2025年7月25日直播,,https://www.bilibili.com/video/BV1Fz84ziE9Z
performance_484d300cec70,song_91a9af052c92,2026-04-14,哔哩哔哩,BV1pvdqBJESa,2026年4月14日直播,,https://www.bilibili.com/video/BV1pvdqBJESa/?p=4
performance_c6d6179f45fe,song_91a9af052c92,2026-02-14,哔哩哔哩,BV1t1ZtBBEvs,2026年2月14日直播,,https://www.bilibili.com/video/BV1t1ZtBBEvs
performance_0b722c27147e,song_91a9af052c92,2025-12-26,哔哩哔哩,BV1guB9BhEc5,2025年12月26日直播,,https://www.bilibili.com/video/BV1guB9BhEc5
performance_1d8315dea385,song_91a9af052c92,2025-10-21,哔哩哔哩,BV17hWSzUEZW,2025年10月21日直播,,https://www.bilibili.com/video/BV17hWSzUEZW
performance_da37042a5e94,song_91a9af052c92,2025-05-18,哔哩哔哩,BV1eFJ3zDEFn,2025年5月18日直播,,https://www.bilibili.com/video/BV1eFJ3zDEFn
performance_2ac0587d6cfa,song_91a9af052c92,2025-02-16,哔哩哔哩,BV1DZAmeJENn,2025年2月16日直播,,https://www.bilibili.com/video/BV1DZAmeJENn
performance_39a42d79d794,song_91a9af052c92,2025-01-24,哔哩哔哩,BV1EAfpYjEnW,2025年1月24日直播,,https://www.bilibili.com/video/BV1EAfpYjEnW
performance_6385300bf710,song_91a9af052c92,2024-11-18,哔哩哔哩,BV1eJzqYAEgw,2024年11月18日直播,,https://www.bilibili.com/video/BV1eJzqYAEgw
performance_6e5a02aee1f0,song_d89520f97def,2026-04-14,哔哩哔哩,BV1pvdqBJESa,2026年4月14日直播,,https://www.bilibili.com/video/BV1pvdqBJESa/?p=3
performance_d7c8120cdd41,song_d89520f97def,2026-01-10,哔哩哔哩,BV1msrvB7E8p,2026年1月10日直播,,https://www.bilibili.com/video/BV1msrvB7E8p
performance_deba9bb09149,song_d89520f97def,2025-11-26,哔哩哔哩,BV11zUXBjEvc,2025年11月26日直播,,https://www.bilibili.com/video/BV11zUXBjEvc
performance_4dea84207451,song_7072fa288020,2026-04-12,哔哩哔哩,BV1z6QYBRE6E,2026年4月12日直播,,https://www.bilibili.com/video/BV1z6QYBRE6E/?p=4
performance_6cfb639697c6,song_7072fa288020,2026-01-03,哔哩哔哩,BV1Z9qABYEN1,2026年1月3日直播,,https://www.bilibili.com/video/BV1Z9qABYEN1
performance_236048d93740,song_7072fa288020,2025-12-26,哔哩哔哩,BV1sHBdBFErd,2025年12月26日直播,,https://www.bilibili.com/video/BV1sHBdBFErd
performance_8d4aaba50cb1,song_7072fa288020,2025-12-13,哔哩哔哩,BV1PRmXBVEDr,2025年12月13日直播,,https://www.bilibili.com/video/BV1PRmXBVEDr
performance_d6403df1cba0,song_7072fa288020,2025-11-22,哔哩哔哩,BV1ezU7B8EPm,2025年11月22日直播,,https://www.bilibili.com/video/BV1ezU7B8EPm
performance_2d42763fa1ed,song_7072fa288020,2025-08-10,哔哩哔哩,BV12PbJzpEEG,2025年8月10日直播,,https://www.bilibili.com/video/BV12PbJzpEEG
performance_3c80550de17c,song_7072fa288020,2025-07-25,哔哩哔哩,BV1ci84zBEZ8,2025年7月25日直播,,https://www.bilibili.com/video/BV1ci84zBEZ8
performance_380441e282a1,song_7072fa288020,2025-06-22,哔哩哔哩,BV1DVNmz2EkC,2025年6月22日直播,,https://www.bilibili.com/video/BV1DVNmz2EkC
performance_8cc9d5f736d5,song_7072fa288020,2025-05-18,哔哩哔哩,BV1hNJ3z7E4T,2025年5月18日直播,,https://www.bilibili.com/video/BV1hNJ3z7E4T
performance_4d39ea574be3,song_7072fa288020,2025-01-31,哔哩哔哩,BV1oeFReMETh,2025年1月31日直播,,https://www.bilibili.com/video/BV1oeFReMETh
performance_606ffb495de1,song_7072fa288020,2024-11-09,哔哩哔哩,BV1V3DqYZEof,2024年11月9日直播,,https://www.bilibili.com/video/BV1V3DqYZEof
performance_bce1c9aa9a65,song_1d02a61d3572,2026-04-12,哔哩哔哩,BV1z6QYBRE6E,2026年4月12日直播,,https://www.bilibili.com/video/BV1z6QYBRE6E/?p=2
performance_5f154815dec0,song_1d02a61d3572,2026-03-24,哔哩哔哩,BV1kdX7BpEz5,2026年3月24日直播,,https://www.bilibili.com/video/BV1kdX7BpEz5
performance_89622e7357d8,song_1d02a61d3572,2026-03-20,哔哩哔哩,BV12zA3zKEby,2026年3月20日直播,,https://www.bilibili.com/video/BV12zA3zKEby
performance_4fc6cd36a488,song_1d02a61d3572,2026-02-27,哔哩哔哩,BV19QPuzVEjT,2026年2月27日直播,,https://www.bilibili.com/video/BV19QPuzVEjT
performance_d4b773cab04c,song_1d02a61d3572,2026-02-06,哔哩哔哩,BV1bZcFzqEoq,2026年2月6日直播,,https://www.bilibili.com/video/BV1bZcFzqEoq
performance_eee170e5950f,song_1d02a61d3572,2026-02-01,哔哩哔哩,BV1ECfdBqEuq,2026年2月1日直播,,https://www.bilibili.com/video/BV1ECfdBqEuq
performance_86f5265a7943,song_1d02a61d3572,2026-01-06,哔哩哔哩,BV1pGquBdE6R,2026年1月6日直播,,https://www.bilibili.com/video/BV1pGquBdE6R
performance_af8cb9ebf551,song_1d02a61d3572,2025-12-12,哔哩哔哩,BV1eNmmB3EgB,2025年12月12日直播,,https://www.bilibili.com/video/BV1eNmmB3EgB
performance_89346fdf0009,song_1d02a61d3572,2025-03-20,哔哩哔哩,BV1xiXHYVEC8,2025年3月20日直播,,https://www.bilibili.com/video/BV1xiXHYVEC8
performance_cb2abe76d103,song_1d02a61d3572,2025-02-21,哔哩哔哩,BV1DZAmeJEqw,2025年2月21日直播,,https://www.bilibili.com/video/BV1DZAmeJEqw
performance_6744b7706c34,song_1d02a61d3572,2024-12-20,哔哩哔哩,BV1BRkvY3EVs,2024年12月20日直播,,https://www.bilibili.com/video/BV1BRkvY3EVs
performance_14e8d54ab5e6,song_e71837c6a6a7,2026-04-12,哔哩哔哩,BV1z6QYBRE6E,2026年4月12日直播,,https://www.bilibili.com/video/BV1z6QYBRE6E/?p=5
performance_02359635b79f,song_e71837c6a6a7,2026-03-19,哔哩哔哩,BV1n4AgzxE9P,2026年3月19日直播,,https://www.bilibili.com/video/BV1n4AgzxE9P
performance_93a5de33ebae,song_e71837c6a6a7,2026-02-17,哔哩哔哩,BV1qDZQBpEEF,2026年2月17日直播,,https://www.bilibili.com/video/BV1qDZQBpEEF
performance_bf34d03442c0,song_e71837c6a6a7,2026-02-01,哔哩哔哩,BV1EkfdBMEbo,2026年2月1日直播,,https://www.bilibili.com/video/BV1EkfdBMEbo
performance_30a7840419ab,song_e71837c6a6a7,2025-12-26,哔哩哔哩,BV18uB9B8EcQ,2025年12月26日直播,,https://www.bilibili.com/video/BV18uB9B8EcQ
performance_8108eac84a26,song_e71837c6a6a7,2025-12-19,哔哩哔哩,BV1iPqQBwE7c,2025年12月19日直播,,https://www.bilibili.com/video/BV1iPqQBwE7c
performance_470568756a1f,song_e71837c6a6a7,2024-11-21,哔哩哔哩,BV1XQidYGED5,2024年11月21日直播,,https://www.bilibili.com/video/BV1XQidYGED5
performance_00f251c97bec,song_464098a12134,2026-04-12,哔哩哔哩,BV1z6QYBRE6E,2026年4月12日直播,,https://www.bilibili.com/video/BV1z6QYBRE6E/?p=3
performance_d63be9d3518f,song_464098a12134,2026-01-31,哔哩哔哩,BV1mb6hBNEvr,2026年1月31日直播,,https://www.bilibili.com/video/BV1mb6hBNEvr
performance_c8e544a99ea1,song_464098a12134,2026-01-25,哔哩哔哩,BV1dB63B4EJW,2026年1月25日直播,,https://www.bilibili.com/video/BV1dB63B4EJW
performance_70a87218a89c,song_464098a12134,2026-01-08,哔哩哔哩,BV1mdiXBHEN9,2026年1月8日直播,,https://www.bilibili.com/video/BV1mdiXBHEN9
performance_fc8b3c4ffd21,song_464098a12134,2025-12-31,哔哩哔哩,BV1KmiAByEDj,2025年12月31日直播,,https://www.bilibili.com/video/BV1KmiAByEDj
performance_904159d7803d,song_464098a12134,2025-12-13,哔哩哔哩,BV1DLmSBGEEq,2025年12月13日直播,,https://www.bilibili.com/video/BV1DLmSBGEEq
performance_61ae37f9cc10,song_464098a12134,2025-03-06,哔哩哔哩,BV17MRaYFExY,2025年3月6日直播,,https://www.bilibili.com/video/BV17MRaYFExY
performance_dbbad2f6a815,song_0a44519feecd,2026-04-12,哔哩哔哩,BV1z6QYBRE6E,2026年4月12日直播,,https://www.bilibili.com/video/BV1z6QYBRE6E/?p=11
performance_5c4416d4727a,song_0a44519feecd,2026-04-02,哔哩哔哩,BV1A6DMBdEyC,2026年4月2日直播,,https://www.bilibili.com/video/BV1A6DMBdEyC/?p=1
performance_db253104afd0,song_0a44519feecd,2026-02-27,哔哩哔哩,BV1UJPuzNEDN,2026年2月27日直播,,https://www.bilibili.com/video/BV1UJPuzNEDN
performance_54518ff06147,song_0a44519feecd,2026-01-16,哔哩哔哩,BV1W6rDBpEdm,2026年1月16日直播,,https://www.bilibili.com/video/BV1W6rDBpEdm
performance_9848100fc880,song_0a44519feecd,2025-11-19,哔哩哔哩,BV1swyjBwE3Q,2025年11月19日直播,,https://www.bilibili.com/video/BV1swyjBwE3Q
performance_29427069ec06,song_0a44519feecd,2025-09-19,哔哩哔哩,BV14eWAzcEJ2,2025年9月19日直播,,https://www.bilibili.com/video/BV14eWAzcEJ2
performance_01da1f3820f1,song_9e89629ef952,2026-04-12,哔哩哔哩,BV1z6QYBRE6E,2026年4月12日直播,,https://www.bilibili.com/video/BV1z6QYBRE6E/?p=7
performance_a4455eeedeb5,song_9e89629ef952,2025-10-26,哔哩哔哩,BV1zExczJE9d,2025年10月26日直播,,https://www.bilibili.com/video/BV1zExczJE9d
performance_6ae4e7f54a5b,song_9e89629ef952,2024-12-24,哔哩哔哩,BV1yycne4EKk,2024年12月24日直播,,https://www.bilibili.com/video/BV1yycne4EKk
performance_9682bd62c5da,song_cb94ce1e7edb,2026-04-11,哔哩哔哩,BV19QQYB7EBm,2026年4月11日直播,,https://www.bilibili.com/video/BV19QQYB7EBm/?p=8
performance_d9e7aea058fb,song_cb94ce1e7edb,2026-01-23,哔哩哔哩,BV14YzmBCEHJ,2026年1月23日直播,,https://www.bilibili.com/video/BV14YzmBCEHJ
performance_be44fda84314,song_cb94ce1e7edb,2025-12-02,哔哩哔哩,BV16ySpBsEME,2025年12月2日直播,,https://www.bilibili.com/video/BV16ySpBsEME
performance_38ac24637ac2,song_cb94ce1e7edb,2025-11-17,哔哩哔哩,BV1z3ChBtEcP,2025年11月17日直播,,https://www.bilibili.com/video/BV1z3ChBtEcP
performance_af29f5e54987,song_cb94ce1e7edb,2025-10-26,哔哩哔哩,BV1UfxFzAEXg,2025年10月26日直播,,https://www.bilibili.com/video/BV1UfxFzAEXg
performance_f3f38ac4cc89,song_878d590485fc,2026-04-10,哔哩哔哩,BV19XQYB2EUD,2026年4月10日直播,,https://www.bilibili.com/video/BV19XQYB2EUD/?p=3
performance_cf42a5ddf3b2,song_878d590485fc,2026-02-27,哔哩哔哩,BV1mnPuzeEDi,2026年2月27日直播,,https://www.bilibili.com/video/BV1mnPuzeEDi
performance_dd211801ab23,song_878d590485fc,2026-02-14,哔哩哔哩,BV19vZtBLEGj,2026年2月14日直播,,https://www.bilibili.com/video/BV19vZtBLEGj
performance_6e197e3fb9b1,song_878d590485fc,2025-12-03,哔哩哔哩,BV1kuSbBCECp,2025年12月3日直播,,https://www.bilibili.com/video/BV1kuSbBCECp
performance_c616f5414048,song_878d590485fc,2025-11-22,哔哩哔哩,BV1LiU7BaEKi,2025年11月22日直播,,https://www.bilibili.com/video/BV1LiU7BaEKi
performance_8ba4993a0723,song_878d590485fc,2025-11-15,哔哩哔哩,BV1ZZCgBvEV3,2025年11月15日直播,,https://www.bilibili.com/video/BV1ZZCgBvEV3
performance_6d36c089b2e1,song_8efa7de7750d,2026-04-10,哔哩哔哩,BV19XQYB2EUD,2026年4月10日直播,,https://www.bilibili.com/video/BV19XQYB2EUD/?p=18
performance_b45d62d93fc3,song_8efa7de7750d,2026-04-10,哔哩哔哩,BV19XQYB2EUD,2026年4月10日直播,,https://www.bilibili.com/video/BV19XQYB2EUD/?p=19
performance_21bd86fe001f,song_8efa7de7750d,2026-04-01,哔哩哔哩,BV1LD9wBvEgX,2026年4月1日直播,,https://www.bilibili.com/video/BV1LD9wBvEgX
performance_c1f3d8a93e61,song_8efa7de7750d,2026-02-01,哔哩哔哩,BV1j2fdBvExs,2026年2月1日直播,,https://www.bilibili.com/video/BV1j2fdBvExs
performance_86b597cc325a,song_8efa7de7750d,2026-01-04,哔哩哔哩,BV1yWqKBDEvW,2026年1月4日直播,,https://www.bilibili.com/video/BV1yWqKBDEvW
performance_03f3b8e69a33,song_8efa7de7750d,2025-05-14,哔哩哔哩,BV1G6EvzmEw6,2025年5月14日直播,,https://www.bilibili.com/video/BV1G6EvzmEw6
performance_5808be5ac979,song_d3ae944f0266,2026-04-10,哔哩哔哩,BV19XQYB2EUD,2026年4月10日直播,,https://www.bilibili.com/video/BV19XQYB2EUD/?p=8
performance_d0d212c6b7bb,song_d3ae944f0266,2026-01-28,哔哩哔哩,BV1kD6ABjEFd,2026年1月28日直播,,https://www.bilibili.com/video/BV1kD6ABjEFd
performance_9366e568e05d,song_d3ae944f0266,2025-07-28,哔哩哔哩,BV1Ai8BzMEag,2025年7月28日直播,,https://www.bilibili.com/video/BV1Ai8BzMEag
performance_744154b30f17,song_c4c94bc0c62c,2026-04-06,哔哩哔哩,BV1yzDhB9EiN,2026年4月6日直播,,https://www.bilibili.com/video/BV1yzDhB9EiN/?p=6
performance_1e3b1ae66edb,song_c4c94bc0c62c,2026-02-05,哔哩哔哩,BV1mJFxzvEG3,2026年2月5日直播,,https://www.bilibili.com/video/BV1mJFxzvEG3
performance_5a48c124bda8,song_c4c94bc0c62c,2026-01-17,哔哩哔哩,BV1uXk5BaE7p,2026年1月17日直播,,https://www.bilibili.com/video/BV1uXk5BaE7p
performance_a8d919888779,song_c4c94bc0c62c,2025-12-18,哔哩哔哩,BV1H4qLB6EbJ,2025年12月18日直播,,https://www.bilibili.com/video/BV1H4qLB6EbJ
performance_ddbc12c85807,song_c4c94bc0c62c,2025-11-15,哔哩哔哩,BV1mjC3BpE27,2025年11月15日直播,,https://www.bilibili.com/video/BV1mjC3BpE27
performance_785ea8912431,song_c4c94bc0c62c,2025-09-05,哔哩哔哩,BV13ZYVzoELG,2025年9月5日直播,,https://www.bilibili.com/video/BV13ZYVzoELG
performance_3f880fc5b0f6,song_c4c94bc0c62c,2025-07-25,哔哩哔哩,BV1pi84zBEny,2025年7月25日直播,,https://www.bilibili.com/video/BV1pi84zBEny
performance_5504b849d4db,song_c4c94bc0c62c,2025-05-21,哔哩哔哩,BV1LnJvzsEtW,2025年5月21日直播,,https://www.bilibili.com/video/BV1LnJvzsEtW
performance_0f7aad45c4bb,song_c4c94bc0c62c,2025-03-06,哔哩哔哩,BV1HfRhYKEvZ,2025年3月6日直播,,https://www.bilibili.com/video/BV1HfRhYKEvZ
performance_b2f74f440cb7,song_c4c94bc0c62c,2025-02-16,哔哩哔哩,BV1DZAmeJEBD,2025年2月16日直播,,https://www.bilibili.com/video/BV1DZAmeJEBD
performance_e4894d1e7c66,song_c4c94bc0c62c,2025-01-29,哔哩哔哩,BV1QnFkebEa3,2025年1月29日直播,,https://www.bilibili.com/video/BV1QnFkebEa3
performance_5d55b9826be5,song_c4c94bc0c62c,2024-12-24,哔哩哔哩,BV1RpcnerEAi,2024年12月24日直播,,https://www.bilibili.com/video/BV1RpcnerEAi
performance_83cb1e5509c2,song_c4c94bc0c62c,2024-12-15,哔哩哔哩,BV1nCkgYkEGW,2024年12月15日直播,,https://www.bilibili.com/video/BV1nCkgYkEGW
performance_531c04d2aad2,song_c4c94bc0c62c,2024-12-03,哔哩哔哩,BV1tZi9Y8E7B,2024年12月3日直播,,https://www.bilibili.com/video/BV1tZi9Y8E7B
performance_9bfe6736a29c,song_c4c94bc0c62c,2024-11-15,哔哩哔哩,BV1eSUpYUEFS,2024年11月15日直播,,https://www.bilibili.com/video/BV1eSUpYUEFS
performance_c2266ace867d,song_c4c94bc0c62c,2024-11-14,哔哩哔哩,BV1JLUYYQEsS,2024年11月14日直播,,https://www.bilibili.com/video/BV1JLUYYQEsS
performance_7a6c71c49b0c,song_5cae266820cb,2026-04-05,哔哩哔哩,BV1tZDFB3EAL,2026年4月5日直播,,https://www.bilibili.com/video/BV1tZDFB3EAL/?p=1
performance_279c92c150c9,song_5cae266820cb,2025-11-19,哔哩哔哩,BV1WAyjBhEAc,2025年11月19日直播,,https://www.bilibili.com/video/BV1WAyjBhEAc
performance_7cb19160e7e5,song_5cae266820cb,2025-01-31,哔哩哔哩,BV1U4FkesE2w,2025年1月31日直播,,https://www.bilibili.com/video/BV1U4FkesE2w
performance_66f6d4d26fd9,song_5cae266820cb,2024-11-20,哔哩哔哩,BV1ocidYjEJG,2024年11月20日直播,,https://www.bilibili.com/video/BV1ocidYjEJG
performance_8a1d9aca5342,song_38c23231834a,2026-04-05,哔哩哔哩,BV1tZDFB3EAL,2026年4月5日直播,,https://www.bilibili.com/video/BV1tZDFB3EAL/?p=2
performance_543cf6833b6f,song_38c23231834a,2026-01-17,哔哩哔哩,BV1Tfk5BtEwk,2026年1月17日直播,,https://www.bilibili.com/video/BV1Tfk5BtEwk
performance_90d0bf69d96e,song_cddafb6e73db,2026-04-03,哔哩哔哩,BV1hhDcBUEgA,2026年4月3日直播,,https://www.bilibili.com/video/BV1hhDcBUEgA/?p=12
performance_53eb30f71fdb,song_cddafb6e73db,2026-02-27,哔哩哔哩,BV1Q3Puz6E2k,2026年2月27日直播,,https://www.bilibili.com/video/BV1Q3Puz6E2k
performance_622b9b25a92d,song_cddafb6e73db,2026-02-06,哔哩哔哩,BV1bZcFzqEwE,2026年2月6日直播,,https://www.bilibili.com/video/BV1bZcFzqEwE
performance_65a36c09a851,song_cddafb6e73db,2026-02-01,哔哩哔哩,BV1EkfdBME8k,2026年2月1日直播,,https://www.bilibili.com/video/BV1EkfdBME8k
performance_8718799a42f9,song_cddafb6e73db,2026-01-16,哔哩哔哩,BV1EXrDB5Egi,2026年1月16日直播,,https://www.bilibili.com/video/BV1EXrDB5Egi
performance_d3e24fc26898,song_cddafb6e73db,2026-01-02,哔哩哔哩,BV1PdiqBTE3Z,2026年1月2日直播,,https://www.bilibili.com/video/BV1PdiqBTE3Z
performance_5a0e7e048b93,song_cddafb6e73db,2025-12-29,哔哩哔哩,BV131vyBPEYN,2025年12月29日直播,,https://www.bilibili.com/video/BV131vyBPEYN
performance_1468b4a95bf5,song_cddafb6e73db,2025-05-14,哔哩哔哩,BV18CEvz1Eev,2025年5月14日直播,,https://www.bilibili.com/video/BV18CEvz1Eev
performance_c8bc5b9c7c31,song_cddafb6e73db,2025-03-20,哔哩哔哩,BV1AkXHYuEsP,2025年3月20日直播,,https://www.bilibili.com/video/BV1AkXHYuEsP
performance_5ac40dfd8dd8,song_cddafb6e73db,2025-02-07,哔哩哔哩,BV1YaNPeKEp8,2025年2月7日直播,,https://www.bilibili.com/video/BV1YaNPeKEp8
performance_a5caa8c5b154,song_cddafb6e73db,2024-12-07,哔哩哔哩,BV1EKqpYZEEu,2024年12月7日直播,,https://www.bilibili.com/video/BV1EKqpYZEEu
performance_99b06bd4c43a,song_cddafb6e73db,2024-11-20,哔哩哔哩,BV1ZcidYjEPS,2024年11月20日直播,,https://www.bilibili.com/video/BV1ZcidYjEPS
performance_1d5de0b0c199,song_cddafb6e73db,2024-11-15,哔哩哔哩,BV1XXUpY1EA2,2024年11月15日直播,,https://www.bilibili.com/video/BV1XXUpY1EA2
performance_f3ab902532a2,song_1387fe967c95,2026-04-03,哔哩哔哩,BV1hhDcBUEgA,2026年4月3日直播,,https://www.bilibili.com/video/BV1hhDcBUEgA/?p=6
performance_c887a0f65aca,song_1387fe967c95,2026-02-08,哔哩哔哩,BV1Q7FXzDE7N,2026年2月8日直播,,https://www.bilibili.com/video/BV1Q7FXzDE7N
performance_eb185b57532e,song_1387fe967c95,2025-10-21,哔哩哔哩,BV1fhWSzmEV9,2025年10月21日直播,,https://www.bilibili.com/video/BV1fhWSzmEV9
performance_b80ee1da8736,song_ff288af7cf3b,2026-04-02,哔哩哔哩,BV1A6DMBdEyC,2026年4月2日直播,,https://www.bilibili.com/video/BV1A6DMBdEyC/?p=8
performance_7c60ee9ef9d1,song_465978456a1b,2026-04-01,哔哩哔哩,BV1LD9wBvEGD,2026年4月1日直播,,https://www.bilibili.com/video/BV1LD9wBvEGD
performance_039c210adea6,song_465978456a1b,2025-12-29,哔哩哔哩,BV1QCvyBeEQq,2025年12月29日直播,,https://www.bilibili.com/video/BV1QCvyBeEQq
performance_a2ed0d3b938c,song_465978456a1b,2025-12-13,哔哩哔哩,BV1bEmSBgEKF,2025年12月13日直播,,https://www.bilibili.com/video/BV1bEmSBgEKF
performance_3f0641fae3c8,song_465978456a1b,2025-10-23,哔哩哔哩,BV1vqsYzYEji,2025年10月23日直播,,https://www.bilibili.com/video/BV1vqsYzYEji
performance_3d9097a5ad3f,song_465978456a1b,2025-06-22,哔哩哔哩,BV1euNmznE6V,2025年6月22日直播,,https://www.bilibili.com/video/BV1euNmznE6V
performance_57aa73dc153e,song_eda69e4b7477,2026-04-01,哔哩哔哩,BV1fC9wBuEig,2026年4月1日直播,,https://www.bilibili.com/video/BV1fC9wBuEig
performance_69aee19bc2c5,song_eda69e4b7477,2026-01-30,哔哩哔哩,BV1GE6JBVEvp,2026年1月30日直播,,https://www.bilibili.com/video/BV1GE6JBVEvp
performance_de2d17500f59,song_eda69e4b7477,2025-11-26,哔哩哔哩,BV11zUXBjEk6,2025年11月26日直播,,https://www.bilibili.com/video/BV11zUXBjEk6
performance_10adb3161731,song_eda69e4b7477,2025-08-01,哔哩哔哩,BV1pLhpz8EVG,2025年8月1日直播,,https://www.bilibili.com/video/BV1pLhpz8EVG
performance_c3edc7d0e3f2,song_eda69e4b7477,2025-05-22,哔哩哔哩,BV1yXJEztEXt,2025年5月22日直播,,https://www.bilibili.com/video/BV1yXJEztEXt
performance_fd40ac39bff4,song_896b96d14594,2026-03-26,哔哩哔哩,BV1Xe9WBRExu,2026年3月26日直播,,https://www.bilibili.com/video/BV1Xe9WBRExu
performance_df5cb5c0780b,song_896b96d14594,2025-05-23,哔哩哔哩,BV1kejJzUEzi,2025年5月23日直播,,https://www.bilibili.com/video/BV1kejJzUEzi
performance_106aeab48aa5,song_896b96d14594,2024-12-03,哔哩哔哩,BV1tZi9Y8EjA,2024年12月3日直播,,https://www.bilibili.com/video/BV1tZi9Y8EjA
performance_88ad372fc4d2,song_0836100417cb,2026-03-26,哔哩哔哩,BV1Uk9WBJEZq,2026年3月26日直播,,https://www.bilibili.com/video/BV1Uk9WBJEZq
performance_e408ff16fb33,song_0836100417cb,2026-01-08,哔哩哔哩,BV14kidBZE7D,2026年1月8日直播,,https://www.bilibili.com/video/BV14kidBZE7D
performance_d340d357e0cf,song_0836100417cb,2025-03-20,哔哩哔哩,BV1ypXsYUEi8,2025年3月20日直播,,https://www.bilibili.com/video/BV1ypXsYUEi8
performance_a8836a7dbfd3,song_b3907eebea6f,2026-03-26,哔哩哔哩,BV1Xe9WBREJd,2026年3月26日直播,,https://www.bilibili.com/video/BV1Xe9WBREJd
performance_50b7d76001e3,song_701203bf4e42,2026-03-25,哔哩哔哩,BV1Dz9WBHEbp,2026年3月25日直播,,https://www.bilibili.com/video/BV1Dz9WBHEbp
performance_4ac910c068f5,song_701203bf4e42,2026-01-15,哔哩哔哩,BV1TvkwBxEMZ,2026年1月15日直播,,https://www.bilibili.com/video/BV1TvkwBxEMZ
performance_6af5f9b3df66,song_701203bf4e42,2025-09-12,哔哩哔哩,BV1aUpFzFEfr,2025年9月12日直播,,https://www.bilibili.com/video/BV1aUpFzFEfr
performance_6b678f7fe35e,song_701203bf4e42,2025-05-14,哔哩哔哩,BV1AZEvzKE1X,2025年5月14日直播,,https://www.bilibili.com/video/BV1AZEvzKE1X
performance_13e37ce0e41b,song_701203bf4e42,2025-03-28,哔哩哔哩,BV1HBZzYYEMh,2025年3月28日直播,,https://www.bilibili.com/video/BV1HBZzYYEMh
performance_d430349de349,song_701203bf4e42,2025-03-20,哔哩哔哩,BV1xiXHYVE22,2025年3月20日直播,,https://www.bilibili.com/video/BV1xiXHYVE22
performance_5e03981043d1,song_05b332c8b6d9,2026-03-25,哔哩哔哩,BV1Dz9WBHEH9,2026年3月25日直播,,https://www.bilibili.com/video/BV1Dz9WBHEH9
performance_faf2ce714246,song_05b332c8b6d9,2026-03-13,哔哩哔哩,BV1ehw8zhEMH,2026年3月13日直播,,https://www.bilibili.com/video/BV1ehw8zhEMH
performance_2a3ef57d8fb3,song_8b586ebfcec4,2026-03-24,哔哩哔哩,BV1tsXEBYEhY,2026年3月24日直播,,https://www.bilibili.com/video/BV1tsXEBYEhY
performance_54a880d7c7d6,song_8b586ebfcec4,2026-02-18,哔哩哔哩,BV1rtZeB5E6p,2026年2月18日直播,,https://www.bilibili.com/video/BV1rtZeB5E6p
performance_8087a6e11d7c,song_8b586ebfcec4,2026-01-11,哔哩哔哩,BV1gJrvBQEKX,2026年1月11日直播,,https://www.bilibili.com/video/BV1gJrvBQEKX
performance_b4ec76358ac4,song_8b586ebfcec4,2025-12-29,哔哩哔哩,BV1T3vyB4EsM,2025年12月29日直播,,https://www.bilibili.com/video/BV1T3vyB4EsM
performance_6f2b4c3f4a3e,song_8b586ebfcec4,2025-05-23,哔哩哔哩,BV1xMjnzxEUe,2025年5月23日直播,,https://www.bilibili.com/video/BV1xMjnzxEUe
performance_517634dcd0dd,song_4b21035c498f,2026-03-20,哔哩哔哩,BV1ykA3zPE9y,2026年3月20日直播,,https://www.bilibili.com/video/BV1ykA3zPE9y
performance_18a95be0be30,song_4b21035c498f,2026-02-06,哔哩哔哩,BV1cacFzxEkh,2026年2月6日直播,,https://www.bilibili.com/video/BV1cacFzxEkh
performance_7f288d9715e3,song_4b21035c498f,2026-01-30,哔哩哔哩,BV1ck6JBoEuC,2026年1月30日直播,,https://www.bilibili.com/video/BV1ck6JBoEuC
performance_22d0912e5b56,song_4b21035c498f,2025-11-16,哔哩哔哩,BV165C2BrEmy,2025年11月16日直播,,https://www.bilibili.com/video/BV165C2BrEmy
performance_649517695b04,song_4b21035c498f,2025-08-10,哔哩哔哩,BV1mPbJzpENS,2025年8月10日直播,,https://www.bilibili.com/video/BV1mPbJzpENS
performance_4c0bfb00e6de,song_4b21035c498f,2025-05-23,哔哩哔哩,BV1rejJzUEa7,2025年5月23日直播,,https://www.bilibili.com/video/BV1rejJzUEa7
performance_34de733d6dfc,song_4b21035c498f,2025-03-28,哔哩哔哩,BV1kBZzYYEuA,2025年3月28日直播,,https://www.bilibili.com/video/BV1kBZzYYEuA
performance_0f9ba02eada1,song_4b21035c498f,2025-03-06,哔哩哔哩,BV11DRhYrELK,2025年3月6日直播,,https://www.bilibili.com/video/BV11DRhYrELK
performance_2aa94fc98cb3,song_4b21035c498f,2024-11-15,哔哩哔哩,BV1DRUpY5E26,2024年11月15日直播,,https://www.bilibili.com/video/BV1DRUpY5E26
performance_02516a73e89e,song_883e3ceb7fed,2026-03-20,哔哩哔哩,BV116A3zvErN,2026年3月20日直播,,https://www.bilibili.com/video/BV116A3zvErN
performance_2a990faed8f1,song_883e3ceb7fed,2025-12-09,哔哩哔哩,BV1iy2CBNEQi,2025年12月9日直播,,https://www.bilibili.com/video/BV1iy2CBNEQi
performance_6a981a5ad6ee,song_883e3ceb7fed,2025-12-09,哔哩哔哩,BV1iy2CBNEQi,2025年12月9日直播,,https://www.bilibili.com/video/BV1iy2CBNEQi
performance_8f6eed8aef76,song_883e3ceb7fed,2025-02-21,哔哩哔哩,BV1DZAmeJEFU,2025年2月21日直播,,https://www.bilibili.com/video/BV1DZAmeJEFU
performance_16e528e3f555,song_dedc9d8f81b9,2026-03-20,哔哩哔哩,BV12zA3zKEnS,2026年3月20日直播,,https://www.bilibili.com/video/BV12zA3zKEnS
performance_56187e62b961,song_dedc9d8f81b9,2025-09-12,哔哩哔哩,BV1udpFzsE5i,2025年9月12日直播,,https://www.bilibili.com/video/BV1udpFzsE5i
performance_f1c273039eec,song_dedc9d8f81b9,2025-02-16,哔哩哔哩,BV1DZAmeJEKm,2025年2月16日直播,,https://www.bilibili.com/video/BV1DZAmeJEKm
performance_ffd82259b2de,song_2d4b8abc4415,2026-03-20,哔哩哔哩,BV14zA3zTEBu,2026年3月20日直播,,https://www.bilibili.com/video/BV14zA3zTEBu
performance_2cd8a0c57780,song_2d4b8abc4415,2026-02-14,哔哩哔哩,BV14mZtBTEdg,2026年2月14日直播,,https://www.bilibili.com/video/BV14mZtBTEdg
performance_f536ebb6d8f9,song_2d4b8abc4415,2026-01-18,哔哩哔哩,BV1aLkEBVEAe,2026年1月18日直播,,https://www.bilibili.com/video/BV1aLkEBVEAe
performance_902efeae8d87,song_6c47034553c4,2026-03-20,哔哩哔哩,BV1yCA3zeERW,2026年3月20日直播,,https://www.bilibili.com/video/BV1yCA3zeERW
performance_300d92ab052a,song_6c47034553c4,2026-01-15,哔哩哔哩,BV1axkwBaEAS,2026年1月15日直播,,https://www.bilibili.com/video/BV1axkwBaEAS
performance_00c409213631,song_b418c7c1edd4,2026-03-20,哔哩哔哩,BV1NCA3zeEwZ,2026年3月20日直播,,https://www.bilibili.com/video/BV1NCA3zeEwZ
performance_6e28c882784a,song_bbf4bbf681f4,2026-03-19,哔哩哔哩,BV1ksAgzoEBK,2026年3月19日直播,,https://www.bilibili.com/video/BV1ksAgzoEBK
performance_8754516611e5,song_bbf4bbf681f4,2026-02-27,哔哩哔哩,BV1gjPuzMErK,2026年2月27日直播,,https://www.bilibili.com/video/BV1gjPuzMErK
performance_111e6cc9e870,song_bbf4bbf681f4,2026-02-22,哔哩哔哩,BV1vYfiBkEfC,2026年2月22日直播,,https://www.bilibili.com/video/BV1vYfiBkEfC
performance_be6e1a37b474,song_bbf4bbf681f4,2026-01-02,哔哩哔哩,BV1WdiqBTEYw,2026年1月2日直播,,https://www.bilibili.com/video/BV1WdiqBTEYw
performance_63355fa9364e,song_bbf4bbf681f4,2025-12-18,哔哩哔哩,BV1FdqDBBEAD,2025年12月18日直播,,https://www.bilibili.com/video/BV1FdqDBBEAD
performance_d144d4cc0add,song_bbf4bbf681f4,2025-12-13,哔哩哔哩,BV1aGmSB5EgD,2025年12月13日直播,,https://www.bilibili.com/video/BV1aGmSB5EgD
performance_9e38601eb365,song_3d0425d0853d,2026-03-18,哔哩哔哩,BV1u3AHzKE5Q,2026年3月18日直播,,https://www.bilibili.com/video/BV1u3AHzKE5Q
performance_cb0027cf1d19,song_3d0425d0853d,2026-01-23,哔哩哔哩,BV1UGzDB9EYi,2026年1月23日直播,,https://www.bilibili.com/video/BV1UGzDB9EYi
performance_63f26d5c4f48,song_3d0425d0853d,2025-12-10,哔哩哔哩,BV186m8BWE9T,2025年12月10日直播,,https://www.bilibili.com/video/BV186m8BWE9T
performance_282f1236dbd3,song_3d0425d0853d,2025-10-30,哔哩哔哩,BV1o6ybB9EWL,2025年10月30日直播,,https://www.bilibili.com/video/BV1o6ybB9EWL
performance_cef257f0905b,song_3d0425d0853d,2025-09-19,哔哩哔哩,BV1RjWAzrEUD,2025年9月19日直播,,https://www.bilibili.com/video/BV1RjWAzrEUD
performance_6a79b1475e36,song_3d0425d0853d,2025-08-15,哔哩哔哩,BV1sxYCzcEad,2025年8月15日直播,,https://www.bilibili.com/video/BV1sxYCzcEad
performance_f862748a8c2d,song_3d0425d0853d,2025-05-23,哔哩哔哩,BV1AejJzSETU,2025年5月23日直播,,https://www.bilibili.com/video/BV1AejJzSETU
performance_8b98635c6041,song_3d0425d0853d,2024-11-29,哔哩哔哩,BV13Zi2Y7EPZ,2024年11月29日直播,,https://www.bilibili.com/video/BV13Zi2Y7EPZ
performance_2589b687f2cc,song_8a5ad22b0f2d,2026-03-18,哔哩哔哩,BV1u3AHzKEC6,2026年3月18日直播,,https://www.bilibili.com/video/BV1u3AHzKEC6
performance_ae55af5f0f65,song_92b88580da94,2026-03-15,哔哩哔哩,BV1VSAGzEEA7,2026年3月15日直播,,https://www.bilibili.com/video/BV1VSAGzEEA7
performance_91d1078c505b,song_92b88580da94,2026-03-14,哔哩哔哩,BV178w3zJEbX,2026年3月14日直播,,https://www.bilibili.com/video/BV178w3zJEbX
performance_06faefe5a31f,song_92b88580da94,2026-01-14,哔哩哔哩,BV1xSroB6EcQ,2026年1月14日直播,,https://www.bilibili.com/video/BV1xSroB6EcQ
performance_07dca8a0c417,song_92b88580da94,2025-10-30,哔哩哔哩,BV151ybBnENR,2025年10月30日直播,,https://www.bilibili.com/video/BV151ybBnENR
performance_d0fbd0e8123f,song_92b88580da94,2025-08-22,哔哩哔哩,BV1rzehzdEM2,2025年8月22日直播,,https://www.bilibili.com/video/BV1rzehzdEM2
performance_980792ebd905,song_92b88580da94,2025-08-15,哔哩哔哩,BV1mnYCzeEij,2025年8月15日直播,,https://www.bilibili.com/video/BV1mnYCzeEij
performance_85f379368222,song_92b88580da94,2025-08-01,哔哩哔哩,BV1YLhWzEEpj,2025年8月1日直播,,https://www.bilibili.com/video/BV1YLhWzEEpj
performance_35e3ccd8a44b,song_8e6624ca39b5,2026-03-13,哔哩哔哩,BV1Trw8z9ESN,2026年3月13日直播,,https://www.bilibili.com/video/BV1Trw8z9ESN
performance_783bd0392dd6,song_894c43c65a81,2026-03-06,哔哩哔哩,BV1bqNAzpEwW,2026年3月6日直播,,https://www.bilibili.com/video/BV1bqNAzpEwW
performance_7cb7d2bcc56b,song_ecb7d9e0f0b1,2026-03-04,哔哩哔哩,BV11uPyzfEEM,2026年3月4日直播,,https://www.bilibili.com/video/BV11uPyzfEEM
performance_2eeeafbcbab0,song_ecb7d9e0f0b1,2026-01-06,哔哩哔哩,BV1CGquBdEbj,2026年1月6日直播,,https://www.bilibili.com/video/BV1CGquBdEbj
performance_b06b725155b7,song_ecb7d9e0f0b1,2025-11-07,哔哩哔哩,BV1Tz11BWEn8,2025年11月7日直播,,https://www.bilibili.com/video/BV1Tz11BWEn8
performance_804f4e86e9a0,song_ecb7d9e0f0b1,2025-02-03,哔哩哔哩,BV1Z1PdeWEtT,2025年2月3日直播,,https://www.bilibili.com/video/BV1Z1PdeWEtT
performance_5fbc7800511b,song_6dfd53e55289,2026-03-04,哔哩哔哩,BV1suPyzfEAh,2026年3月4日直播,,https://www.bilibili.com/video/BV1suPyzfEAh
performance_48b71ce7bf84,song_6dfd53e55289,2026-01-15,哔哩哔哩,BV1r2rDBEETK,2026年1月15日直播,,https://www.bilibili.com/video/BV1r2rDBEETK
performance_980de5be9d12,song_6dfd53e55289,2025-09-05,哔哩哔哩,BV14xYVzUEoz,2025年9月5日直播,,https://www.bilibili.com/video/BV14xYVzUEoz
performance_8b50df61350a,song_1ab8144936a1,2026-03-03,哔哩哔哩,BV1p5PyzxExz,2026年3月3日直播,,https://www.bilibili.com/video/BV1p5PyzxExz
performance_97fbb409028d,song_1ab8144936a1,2026-02-24,哔哩哔哩,BV1NvArzHEfp,2026年2月24日直播,,https://www.bilibili.com/video/BV1NvArzHEfp
performance_72545a4ad12f,song_1ab8144936a1,2025-11-22,哔哩哔哩,BV1qYU7BeEcJ,2025年11月22日直播,,https://www.bilibili.com/video/BV1qYU7BeEcJ
performance_0331f7660365,song_f4228b5f08c7,2026-03-03,哔哩哔哩,BV1TUPyzAEPH,2026年3月3日直播,,https://www.bilibili.com/video/BV1TUPyzAEPH
performance_fc1c1b4f78cc,song_f4228b5f08c7,2026-02-03,哔哩哔哩,BV1wJffBDECe,2026年2月3日直播,,https://www.bilibili.com/video/BV1wJffBDECe
performance_badc3a007d72,song_ff2ac7b56e0c,2026-02-28,哔哩哔哩,BV1bYP7zbERB,2026年2月28日直播,,https://www.bilibili.com/video/BV1bYP7zbERB
performance_ce5d45b85cf1,song_ff2ac7b56e0c,2025-10-26,哔哩哔哩,BV1UfxFzAEx2,2025年10月26日直播,,https://www.bilibili.com/video/BV1UfxFzAEx2
performance_792169e99e0d,song_ff2ac7b56e0c,2025-09-14,哔哩哔哩,BV1vGpBzMEsg,2025年9月14日直播,,https://www.bilibili.com/video/BV1vGpBzMEsg
performance_0ee85bf437a6,song_ff2ac7b56e0c,2025-08-15,哔哩哔哩,BV1NxYCzcEpz,2025年8月15日直播,,https://www.bilibili.com/video/BV1NxYCzcEpz
performance_879e65333868,song_ff2ac7b56e0c,2024-11-17,哔哩哔哩,BV1sXUUYkEmH,2024年11月17日直播,,https://www.bilibili.com/video/BV1sXUUYkEmH
performance_47e782f3bb3f,song_ff2ac7b56e0c,2024-11-09,哔哩哔哩,BV1V3DqYZEMG,2024年11月9日直播,,https://www.bilibili.com/video/BV1V3DqYZEMG
performance_78c49857e751,song_8bd336985f46,2026-02-28,哔哩哔哩,BV1G3PuzrEZB,2026年2月28日直播,,https://www.bilibili.com/video/BV1G3PuzrEZB
performance_3fb61cd2ba48,song_8bd336985f46,2026-01-25,哔哩哔哩,BV1dB63B4EjW,2026年1月25日直播,,https://www.bilibili.com/video/BV1dB63B4EjW
performance_7815b5484938,song_8bd336985f46,2025-12-23,哔哩哔哩,BV15SBxBbEMo,2025年12月23日直播,,https://www.bilibili.com/video/BV15SBxBbEMo
performance_2736cf47b002,song_8bd336985f46,2025-12-17,哔哩哔哩,BV1sjqVBzEtu,2025年12月17日直播,,https://www.bilibili.com/video/BV1sjqVBzEtu
performance_dd2e60b03954,song_8bd336985f46,2024-12-24,哔哩哔哩,BV1DhcneKE4n,2024年12月24日直播,,https://www.bilibili.com/video/BV1DhcneKE4n
performance_f16bcc6ff6d3,song_15d120a82295,2026-02-28,哔哩哔哩,BV1UYP7ztErF,2026年2月28日直播,,https://www.bilibili.com/video/BV1UYP7ztErF
performance_8f8f53dba1c9,song_15d120a82295,2025-08-22,哔哩哔哩,BV1kiehzZEyY,2025年8月22日直播,,https://www.bilibili.com/video/BV1kiehzZEyY
performance_f1aebe580182,song_15d120a82295,2025-05-23,哔哩哔哩,BV1zzjJzLEhE,2025年5月23日直播,,https://www.bilibili.com/video/BV1zzjJzLEhE
performance_c6f82b3d3b39,song_15d120a82295,2024-12-24,哔哩哔哩,BV1oJrkYsED6,2024年12月24日直播,,https://www.bilibili.com/video/BV1oJrkYsED6
performance_9a1438d8cde0,song_e0da4370a173,2026-02-28,哔哩哔哩,BV1SYP7ztEjf,2026年2月28日直播,,https://www.bilibili.com/video/BV1SYP7ztEjf
performance_b3bb40ca32a9,song_272a6c0a9c7f,2026-02-27,哔哩哔哩,BV1mnPuzeEsy,2026年2月27日直播,,https://www.bilibili.com/video/BV1mnPuzeEsy
performance_ffcb1b4a2715,song_272a6c0a9c7f,2025-05-14,哔哩哔哩,BV1gkEvzjEWn,2025年5月14日直播,,https://www.bilibili.com/video/BV1gkEvzjEWn
performance_2fe121a4b484,song_f9ddd07645ea,2026-02-26,哔哩哔哩,BV1EmADzPE6Q,2026年2月26日直播,,https://www.bilibili.com/video/BV1EmADzPE6Q
performance_1d39612dd0e2,song_404ebbe362e7,2026-02-25,哔哩哔哩,BV1HaA2zZEus,2026年2月25日直播,,https://www.bilibili.com/video/BV1HaA2zZEus
performance_9d5aa40d24b9,song_e45a86d89a87,2026-02-22,哔哩哔哩,BV1oafiBVEgU,2026年2月22日直播,,https://www.bilibili.com/video/BV1oafiBVEgU
performance_00700d0301ce,song_e45a86d89a87,2026-01-08,哔哩哔哩,BV1mdiXBHEyV,2026年1月8日直播,,https://www.bilibili.com/video/BV1mdiXBHEyV
performance_c6b350c2daf0,song_e45a86d89a87,2025-09-21,哔哩哔哩,BV1cincz3Ek3,2025年9月21日直播,,https://www.bilibili.com/video/BV1cincz3Ek3
performance_79a210970304,song_e45a86d89a87,2025-03-14,哔哩哔哩,BV1UqXAYfEG6,2025年3月14日直播,,https://www.bilibili.com/video/BV1UqXAYfEG6
performance_f84015dc072b,song_e45a86d89a87,2025-02-14,哔哩哔哩,BV1odKKenETZ,2025年2月14日直播,,https://www.bilibili.com/video/BV1odKKenETZ
performance_5d5bb8dd46ae,song_e45a86d89a87,2025-01-04,哔哩哔哩,BV1ndcFebEB2,2025年1月4日直播,,https://www.bilibili.com/video/BV1ndcFebEB2
performance_6030c00e2119,song_1701f6e23651,2026-02-22,哔哩哔哩,BV1vafiBVErk,2026年2月22日直播,,https://www.bilibili.com/video/BV1vafiBVErk
performance_64f28d3475b1,song_1701f6e23651,2026-01-20,哔哩哔哩,BV1jHzJB7ED8,2026年1月20日直播,,https://www.bilibili.com/video/BV1jHzJB7ED8
performance_e05fbc8e2329,song_1701f6e23651,2026-01-14,哔哩哔哩,BV1jKrZBfERB,2026年1月14日直播,,https://www.bilibili.com/video/BV1jKrZBfERB
performance_4b95aae0cba7,song_1701f6e23651,2025-11-21,哔哩哔哩,BV1sfU7B2E3E,2025年11月21日直播,,https://www.bilibili.com/video/BV1sfU7B2E3E
performance_3fe0a792aba4,song_1701f6e23651,2025-05-23,哔哩哔哩,BV1fzjJzLE2Z,2025年5月23日直播,,https://www.bilibili.com/video/BV1fzjJzLE2Z
performance_57f9879d13f4,song_b0a2bc3ab1fc,2026-02-22,哔哩哔哩,BV1vafiBVE9Y,2026年2月22日直播,,https://www.bilibili.com/video/BV1vafiBVE9Y
performance_6d8a3ab29635,song_b0a2bc3ab1fc,2025-12-29,哔哩哔哩,BV1D1vyBAEsk,2025年12月29日直播,,https://www.bilibili.com/video/BV1D1vyBAEsk
performance_626cc15daefa,song_b0a2bc3ab1fc,2025-08-01,哔哩哔哩,BV1E1hWzZEGb,2025年8月1日直播,,https://www.bilibili.com/video/BV1E1hWzZEGb
performance_a169cf8aa83d,song_b0a2bc3ab1fc,2024-12-07,哔哩哔哩,BV1L3qpYsEZq,2024年12月7日直播,,https://www.bilibili.com/video/BV1L3qpYsEZq
performance_f2948f12cae2,song_dd995b03b05f,2026-02-18,哔哩哔哩,BV1FaZeBkEQh,2026年2月18日直播,,https://www.bilibili.com/video/BV1FaZeBkEQh
performance_85475ec5337c,song_dd995b03b05f,2026-02-01,哔哩哔哩,BV1EkfdBME6s,2026年2月1日直播,,https://www.bilibili.com/video/BV1EkfdBME6s
performance_b529380d95a0,song_dd995b03b05f,2026-01-23,哔哩哔哩,BV1MbzmBjEXj,2026年1月23日直播,,https://www.bilibili.com/video/BV1MbzmBjEXj
performance_814589666f6f,song_dd995b03b05f,2026-01-16,哔哩哔哩,BV1ZBr9BnEBf,2026年1月16日直播,,https://www.bilibili.com/video/BV1ZBr9BnEBf
performance_51bdd14b2f23,song_dd995b03b05f,2026-01-09,哔哩哔哩,BV1WU6UBLExy,2026年1月9日直播,,https://www.bilibili.com/video/BV1WU6UBLExy
performance_e1a62aee9d95,song_dd995b03b05f,2026-01-01,哔哩哔哩,BV1qei8BMEbQ,2026年1月1日直播,,https://www.bilibili.com/video/BV1qei8BMEbQ
performance_f182357e4abd,song_dd995b03b05f,2025-12-02,哔哩哔哩,BV1ckSpBoEYn,2025年12月2日直播,,https://www.bilibili.com/video/BV1ckSpBoEYn
performance_478a4cc8ea00,song_dd995b03b05f,2025-10-21,哔哩哔哩,BV1KLWSzfEWc,2025年10月21日直播,,https://www.bilibili.com/video/BV1KLWSzfEWc
performance_fe5076bf6c0d,song_dd995b03b05f,2025-09-19,哔哩哔哩,BV11iWAzZEP7,2025年9月19日直播,,https://www.bilibili.com/video/BV11iWAzZEP7
performance_2d0904dd076b,song_dd995b03b05f,2025-08-15,哔哩哔哩,BV1PxYCzcE1R,2025年8月15日直播,,https://www.bilibili.com/video/BV1PxYCzcE1R
performance_e93ed037fccb,song_dd995b03b05f,2025-06-21,哔哩哔哩,BV1ybNmziEA3,2025年6月21日直播,,https://www.bilibili.com/video/BV1ybNmziEA3
performance_5706848951c1,song_2ea3032b6c3a,2026-02-18,哔哩哔哩,BV1rbZeBCEC6,2026年2月18日直播,,https://www.bilibili.com/video/BV1rbZeBCEC6
performance_eb7efb433ca9,song_2ea3032b6c3a,2025-12-23,哔哩哔哩,BV1fHB4BiEkW,2025年12月23日直播,,https://www.bilibili.com/video/BV1fHB4BiEkW
performance_c2d09e8d5dc3,song_2ea3032b6c3a,2025-11-15,哔哩哔哩,BV15PC3BaEo3,2025年11月15日直播,,https://www.bilibili.com/video/BV15PC3BaEo3
performance_18acaccd23aa,song_2ea3032b6c3a,2025-11-03,哔哩哔哩,BV1wy1aBkETU,2025年11月3日直播,,https://www.bilibili.com/video/BV1wy1aBkETU
performance_2bac197b32fe,song_9de556944a8b,2026-02-18,哔哩哔哩,BV12EZeBnEPA,2026年2月18日直播,,https://www.bilibili.com/video/BV12EZeBnEPA
performance_7a20f7d80fe8,song_9de556944a8b,2026-02-01,哔哩哔哩,BV1qffXBfEZB,2026年2月1日直播,,https://www.bilibili.com/video/BV1qffXBfEZB
performance_d2c05b5cd8fc,song_9de556944a8b,2026-01-01,哔哩哔哩,BV1iqi8BKEQx,2026年1月1日直播,,https://www.bilibili.com/video/BV1iqi8BKEQx
performance_d986a7257777,song_04a26931f6cc,2026-02-17,哔哩哔哩,BV17DZQBpEuG,2026年2月17日直播,,https://www.bilibili.com/video/BV17DZQBpEuG
performance_46f5fe91a16a,song_04a26931f6cc,2026-02-16,哔哩哔哩,BV1PyZyB5EM2,2026年2月16日直播,,https://www.bilibili.com/video/BV1PyZyB5EM2
performance_e5aef707a395,song_04a26931f6cc,2026-02-14,哔哩哔哩,BV1C9ZtBAE1o,2026年2月14日直播,,https://www.bilibili.com/video/BV1C9ZtBAE1o
performance_e44bf3230594,song_04a26931f6cc,2026-02-11,哔哩哔哩,BV1KWc3z8Ex3,2026年2月11日直播,,https://www.bilibili.com/video/BV1KWc3z8Ex3
performance_f91eba45c152,song_04a26931f6cc,2026-02-07,哔哩哔哩,BV11mcczAE7c,2026年2月7日直播,,https://www.bilibili.com/video/BV11mcczAE7c
performance_9f7ca89f802b,song_04a26931f6cc,2026-01-04,哔哩哔哩,BV16YqKByEfX,2026年1月4日直播,,https://www.bilibili.com/video/BV16YqKByEfX
performance_8bea381470f7,song_04a26931f6cc,2025-12-26,哔哩哔哩,BV1PKBoBFEx6,2025年12月26日直播,,https://www.bilibili.com/video/BV1PKBoBFEx6
performance_101164d4f2d0,song_04a26931f6cc,2025-10-07,哔哩哔哩,BV1ToxXzLEk3,2025年10月7日直播,,https://www.bilibili.com/video/BV1ToxXzLEk3
performance_4692d734f24c,song_04a26931f6cc,2025-02-02,哔哩哔哩,BV1wfFreyEyo,2025年2月2日直播,,https://www.bilibili.com/video/BV1wfFreyEyo
performance_b5a33b57d2ed,song_04a26931f6cc,2025-01-28,哔哩哔哩,BV1SXFseCEyS,2025年1月28日直播,,https://www.bilibili.com/video/BV1SXFseCEyS
performance_a4dc38542232,song_e74996672d0d,2026-02-14,哔哩哔哩,BV1W9ZtBAEQY,2026年2月14日直播,,https://www.bilibili.com/video/BV1W9ZtBAEQY
performance_2d082e4b0446,song_e74996672d0d,2026-01-18,哔哩哔哩,BV18jkEBkEB1,2026年1月18日直播,,https://www.bilibili.com/video/BV18jkEBkEB1
performance_dcc23d69541e,song_e74996672d0d,2025-09-05,哔哩哔哩,BV14xYVzUE8d,2025年9月5日直播,,https://www.bilibili.com/video/BV14xYVzUE8d
performance_ef7ee3ba486d,song_e74996672d0d,2025-02-03,哔哩哔哩,BV172Pde9EZg,2025年2月3日直播,,https://www.bilibili.com/video/BV172Pde9EZg
performance_b0a40875f162,song_ef90fdada36b,2026-02-14,哔哩哔哩,BV1eaZtB7Ewh,2026年2月14日直播,,https://www.bilibili.com/video/BV1eaZtB7Ewh
performance_eb91a7f9cb71,song_ef90fdada36b,2025-05-04,哔哩哔哩,BV1sgV1znEnk,2025年5月4日直播,,https://www.bilibili.com/video/BV1sgV1znEnk
performance_03b896d72564,song_ef90fdada36b,2024-12-24,哔哩哔哩,BV1XxcnezEys,2024年12月24日直播,,https://www.bilibili.com/video/BV1XxcnezEys
performance_c3797febbeea,song_493956bffcca,2026-02-14,哔哩哔哩,BV1sQZtBeEhx,2026年2月14日直播,,https://www.bilibili.com/video/BV1sQZtBeEhx
performance_8a3c221be069,song_493956bffcca,2026-01-01,哔哩哔哩,BV1NhvXB1EzZ,2026年1月1日直播,,https://www.bilibili.com/video/BV1NhvXB1EzZ
performance_f2a78758ee64,song_bc4ccbfaccab,2026-02-14,哔哩哔哩,BV1vaZtB7EMr,2026年2月14日直播,,https://www.bilibili.com/video/BV1vaZtB7EMr
performance_ee469e9d727f,song_bc4ccbfaccab,2026-02-07,哔哩哔哩,BV1ymcczAEYG,2026年2月7日直播,,https://www.bilibili.com/video/BV1ymcczAEYG
performance_29cda57a5b06,song_96539f54a353,2026-02-14,哔哩哔哩,BV1aiZtByESd,2026年2月14日直播,,https://www.bilibili.com/video/BV1aiZtByESd
performance_17bd2cde7cb7,song_96539f54a353,2025-12-20,哔哩哔哩,BV1kVqrBLEr5,2025年12月20日直播,,https://www.bilibili.com/video/BV1kVqrBLEr5
performance_8a7004b8a87c,song_ca414b21feb0,2026-02-14,哔哩哔哩,BV19aZtB7Eax,2026年2月14日直播,,https://www.bilibili.com/video/BV19aZtB7Eax
performance_8f277b2a38eb,song_ca414b21feb0,2025-01-31,哔哩哔哩,BV1U4FkesEDh,2025年1月31日直播,,https://www.bilibili.com/video/BV1U4FkesEDh
performance_9d60d657af5a,song_63c34c18727c,2026-02-14,哔哩哔哩,BV1YYZtB2EHi,2026年2月14日直播,,https://www.bilibili.com/video/BV1YYZtB2EHi
performance_38b125b15766,song_196b47b85ee5,2026-02-14,哔哩哔哩,BV18rZtB3Ees,2026年2月14日直播,,https://www.bilibili.com/video/BV18rZtB3Ees
performance_8c27a8df4e21,song_dd7c5fd22200,2026-02-11,哔哩哔哩,BV1Atc3zoEEf,2026年2月11日直播,,https://www.bilibili.com/video/BV1Atc3zoEEf
performance_4f4e8900ed3c,song_dd7c5fd22200,2026-01-21,哔哩哔哩,BV1u5zTBeE3D,2026年1月21日直播,,https://www.bilibili.com/video/BV1u5zTBeE3D
performance_ffb37aa36161,song_dd7c5fd22200,2026-01-08,哔哩哔哩,BV1xyidB4EDt,2026年1月8日直播,,https://www.bilibili.com/video/BV1xyidB4EDt
performance_9f533df54690,song_dd7c5fd22200,2025-12-26,哔哩哔哩,BV1gQBdBzE8Z,2025年12月26日直播,,https://www.bilibili.com/video/BV1gQBdBzE8Z
performance_fd5eb01308fd,song_dd7c5fd22200,2025-11-15,哔哩哔哩,BV1XTC3BbEeD,2025年11月15日直播,,https://www.bilibili.com/video/BV1XTC3BbEeD
performance_71efae973a99,song_dd7c5fd22200,2025-09-14,哔哩哔哩,BV1XjpBzvEw5,2025年9月14日直播,,https://www.bilibili.com/video/BV1XjpBzvEw5
performance_0f7400e0f704,song_dd7c5fd22200,2025-06-21,哔哩哔哩,BV1HeNmzPEQb,2025年6月21日直播,,https://www.bilibili.com/video/BV1HeNmzPEQb
performance_89a50bd1e4f4,song_dd7c5fd22200,2025-01-04,哔哩哔哩,BV1nrcAeiE7x,2025年1月4日直播,,https://www.bilibili.com/video/BV1nrcAeiE7x
performance_7d9505b90bc5,song_31d4e1609c30,2026-02-11,哔哩哔哩,BV1Atc3zoEHR,2026年2月11日直播,,https://www.bilibili.com/video/BV1Atc3zoEHR
performance_69ef3380d914,song_31d4e1609c30,2025-12-02,哔哩哔哩,BV1TbSpBiEfM,2025年12月2日直播,,https://www.bilibili.com/video/BV1TbSpBiEfM
performance_0118ccecdc30,song_21cf585c339c,2026-02-11,哔哩哔哩,BV1NWc3z8EtC,2026年2月11日直播,,https://www.bilibili.com/video/BV1NWc3z8EtC
performance_042740e26bf1,song_ade082fa1b7a,2026-02-10,哔哩哔哩,BV1sEFdzmE5X,2026年2月10日直播,,https://www.bilibili.com/video/BV1sEFdzmE5X
performance_8b77d1b79675,song_ade082fa1b7a,2025-11-08,哔哩哔哩,BV18Y11B4EMi,2025年11月8日直播,,https://www.bilibili.com/video/BV18Y11B4EMi
performance_1e1f6dd8a791,song_ade082fa1b7a,2025-05-23,哔哩哔哩,BV1zzjJzLEaX,2025年5月23日直播,,https://www.bilibili.com/video/BV1zzjJzLEaX
performance_9381027e4a9e,song_ade082fa1b7a,2025-05-18,哔哩哔哩,BV1aNJ3z7EMj,2025年5月18日直播,,https://www.bilibili.com/video/BV1aNJ3z7EMj
performance_2087688314fd,song_ade082fa1b7a,2025-02-04,哔哩哔哩,BV14EP6eoERu,2025年2月4日直播,,https://www.bilibili.com/video/BV14EP6eoERu
performance_657ec48a133d,song_df9390f8290b,2026-02-10,哔哩哔哩,BV1sLFdzSErW,2026年2月10日直播,,https://www.bilibili.com/video/BV1sLFdzSErW
performance_194e440ee417,song_df9390f8290b,2026-01-30,哔哩哔哩,BV1Em6JBWEpH,2026年1月30日直播,,https://www.bilibili.com/video/BV1Em6JBWEpH
performance_8d94117500b3,song_df9390f8290b,2025-11-07,哔哩哔哩,BV1P111BJE4E,2025年11月7日直播,,https://www.bilibili.com/video/BV1P111BJE4E
performance_95858e4c1664,song_df9390f8290b,2025-05-11,哔哩哔哩,BV1JWEvzbExr,2025年5月11日直播,,https://www.bilibili.com/video/BV1JWEvzbExr
performance_494d0ac84285,song_df9390f8290b,2025-03-06,哔哩哔哩,BV1HfRhYKEKe,2025年3月6日直播,,https://www.bilibili.com/video/BV1HfRhYKEKe
performance_9a96d1cb3ca3,song_b9be58d300d2,2026-02-10,哔哩哔哩,BV1WEFdzmEht,2026年2月10日直播,,https://www.bilibili.com/video/BV1WEFdzmEht
performance_4300bb13def5,song_b9be58d300d2,2025-09-05,哔哩哔哩,BV1QZYVzdEsm,2025年9月5日直播,,https://www.bilibili.com/video/BV1QZYVzdEsm
performance_0b9925b87e05,song_b9be58d300d2,2025-05-18,哔哩哔哩,BV1DNJ3z7E9p,2025年5月18日直播,,https://www.bilibili.com/video/BV1DNJ3z7E9p
performance_dc58ad55ad70,song_7e0e074ca93b,2026-02-08,哔哩哔哩,BV19VFXzWETL,2026年2月8日直播,,https://www.bilibili.com/video/BV19VFXzWETL
performance_a60ef3eef8a1,song_7e0e074ca93b,2026-01-23,哔哩哔哩,BV1T8zmB1Evn,2026年1月23日直播,,https://www.bilibili.com/video/BV1T8zmB1Evn
performance_7eaf7bdb9c59,song_7e0e074ca93b,2026-01-15,哔哩哔哩,BV1KErQB4EFg,2026年1月15日直播,,https://www.bilibili.com/video/BV1KErQB4EFg
performance_ecc2a163e14b,song_7e0e074ca93b,2026-01-01,哔哩哔哩,BV1NhvXB1EMY,2026年1月1日直播,,https://www.bilibili.com/video/BV1NhvXB1EMY
performance_0ee9f5d67277,song_883a063e4abb,2026-02-08,哔哩哔哩,BV1Q7FXzDEkm,2026年2月8日直播,,https://www.bilibili.com/video/BV1Q7FXzDEkm
performance_5f6d2e3f7e2b,song_3f948d10bbfc,2026-02-06,哔哩哔哩,BV1AucczFEb2,2026年2月6日直播,,https://www.bilibili.com/video/BV1AucczFEb2
performance_56df2d515fe3,song_3f948d10bbfc,2026-01-16,哔哩哔哩,BV1prrDBQEop,2026年1月16日直播,,https://www.bilibili.com/video/BV1prrDBQEop
performance_c60743fa6270,song_3f948d10bbfc,2025-12-19,哔哩哔哩,BV1vNqQBhE72,2025年12月19日直播,,https://www.bilibili.com/video/BV1vNqQBhE72
performance_9fbca94c2180,song_3f948d10bbfc,2025-11-03,哔哩哔哩,BV1FS1aBuEcC,2025年11月3日直播,,https://www.bilibili.com/video/BV1FS1aBuEcC
performance_b3e7990b45c9,song_3f948d10bbfc,2025-09-12,哔哩哔哩,BV1GUpFzcEoG,2025年9月12日直播,,https://www.bilibili.com/video/BV1GUpFzcEoG
performance_b2c5726a7414,song_3f948d10bbfc,2025-06-21,哔哩哔哩,BV16qNmzcExa,2025年6月21日直播,,https://www.bilibili.com/video/BV16qNmzcExa
performance_6c9bba22972b,song_3f948d10bbfc,2025-05-20,哔哩哔哩,BV1BuJhzjEwd,2025年5月20日直播,,https://www.bilibili.com/video/BV1BuJhzjEwd
performance_62c8aa037fcc,song_3f948d10bbfc,2025-05-04,哔哩哔哩,BV15DVyzPE1i,2025年5月4日直播,,https://www.bilibili.com/video/BV15DVyzPE1i
performance_6c4ece00ba27,song_3f948d10bbfc,2025-03-20,哔哩哔哩,BV1NqXHYkEqf,2025年3月20日直播,,https://www.bilibili.com/video/BV1NqXHYkEqf
performance_a777c1cc8d63,song_3f948d10bbfc,2025-03-06,哔哩哔哩,BV1EARaYYEZC,2025年3月6日直播,,https://www.bilibili.com/video/BV1EARaYYEZC
performance_055e95f91231,song_3f948d10bbfc,2025-02-21,哔哩哔哩,BV1DZAmeJEqN,2025年2月21日直播,,https://www.bilibili.com/video/BV1DZAmeJEqN
performance_dda43575fa35,song_3f948d10bbfc,2025-02-16,哔哩哔哩,BV1DZAmeJEoB,2025年2月16日直播,,https://www.bilibili.com/video/BV1DZAmeJEoB
performance_e62d1a47a70a,song_3f948d10bbfc,2025-01-24,哔哩哔哩,BV1jTfpYCEGe,2025年1月24日直播,,https://www.bilibili.com/video/BV1jTfpYCEGe
performance_083b57244f85,song_3f948d10bbfc,2024-12-20,哔哩哔哩,BV1qRkvY3EDE,2024年12月20日直播,,https://www.bilibili.com/video/BV1qRkvY3EDE
performance_808458538ac8,song_3f948d10bbfc,2024-12-07,哔哩哔哩,BV1LGqpY9EZ9,2024年12月7日直播,,https://www.bilibili.com/video/BV1LGqpY9EZ9
performance_298be8e41a20,song_3f948d10bbfc,2024-11-15,哔哩哔哩,BV1DRUpY5E9F,2024年11月15日直播,,https://www.bilibili.com/video/BV1DRUpY5E9F
performance_624f052b0c7d,song_3f948d10bbfc,2024-11-09,哔哩哔哩,BV1GcD6YAEH1,2024年11月9日直播,,https://www.bilibili.com/video/BV1GcD6YAEH1
performance_68e59bdb2172,song_4cf480be3263,2026-02-06,哔哩哔哩,BV1H8cFzdErb,2026年2月6日直播,,https://www.bilibili.com/video/BV1H8cFzdErb
performance_08e31156fa1e,song_4cf480be3263,2025-11-15,哔哩哔哩,BV1dcC3BYEFC,2025年11月15日直播,,https://www.bilibili.com/video/BV1dcC3BYEFC
performance_a36af6088ad3,song_4cf480be3263,2025-11-07,哔哩哔哩,BV1sk11BnED6,2025年11月7日直播,,https://www.bilibili.com/video/BV1sk11BnED6
performance_6e45c9ab6aa8,song_4cf480be3263,2025-10-30,哔哩哔哩,BV1tfybBrE9Z,2025年10月30日直播,,https://www.bilibili.com/video/BV1tfybBrE9Z
performance_5e70ef18e0bf,song_4cf480be3263,2025-09-19,哔哩哔哩,BV1RjWAzrEUT,2025年9月19日直播,,https://www.bilibili.com/video/BV1RjWAzrEUT
performance_9c057f493d5d,song_4cf480be3263,2025-07-25,哔哩哔哩,BV1pv84zuEDW,2025年7月25日直播,,https://www.bilibili.com/video/BV1pv84zuEDW
performance_84573bd729e3,song_4cf480be3263,2025-05-18,哔哩哔哩,BV1YFJ3zDEex,2025年5月18日直播,,https://www.bilibili.com/video/BV1YFJ3zDEex
performance_46acfdc447e1,song_4cf480be3263,2025-03-14,哔哩哔哩,BV1mqXAYfE1Q,2025年3月14日直播,,https://www.bilibili.com/video/BV1mqXAYfE1Q
performance_7d60ceeb207c,song_60863ab4f70c,2026-02-06,哔哩哔哩,BV1bZcFzqERc,2026年2月6日直播,,https://www.bilibili.com/video/BV1bZcFzqERc
performance_1d4977b4213b,song_60863ab4f70c,2026-01-30,哔哩哔哩,BV1gp6JB6EeX,2026年1月30日直播,,https://www.bilibili.com/video/BV1gp6JB6EeX
performance_c2dbd64473ac,song_60863ab4f70c,2026-01-08,哔哩哔哩,BV12fiXBJEgW,2026年1月8日直播,,https://www.bilibili.com/video/BV12fiXBJEgW
performance_66bb82298d47,song_60863ab4f70c,2025-12-12,哔哩哔哩,BV1YNmmB3EhZ,2025年12月12日直播,,https://www.bilibili.com/video/BV1YNmmB3EhZ
performance_692bead33bc2,song_60863ab4f70c,2025-03-28,哔哩哔哩,BV1HBZzYYEKh,2025年3月28日直播,,https://www.bilibili.com/video/BV1HBZzYYEKh
performance_cc98d825afb8,song_60863ab4f70c,2025-02-03,哔哩哔哩,BV1fCPdeRE6f,2025年2月3日直播,,https://www.bilibili.com/video/BV1fCPdeRE6f
performance_6d91a3242349,song_60863ab4f70c,2025-01-24,哔哩哔哩,BV1LufpYGEpX,2025年1月24日直播,,https://www.bilibili.com/video/BV1LufpYGEpX
performance_ce5ae295551f,song_333408e18f8e,2026-02-06,哔哩哔哩,BV1nacFzsEf2,2026年2月6日直播,,https://www.bilibili.com/video/BV1nacFzsEf2
performance_924de23ebad1,song_333408e18f8e,2025-10-21,哔哩哔哩,BV1xLWSzfE1y,2025年10月21日直播,,https://www.bilibili.com/video/BV1xLWSzfE1y
performance_61bdb860c364,song_333408e18f8e,2025-10-13,哔哩哔哩,BV1Gn4GzrEED,2025年10月13日直播,,https://www.bilibili.com/video/BV1Gn4GzrEED
performance_da97e569a77d,song_932b57b813a8,2026-02-06,哔哩哔哩,BV1bZcFzqECS,2026年2月6日直播,,https://www.bilibili.com/video/BV1bZcFzqECS
performance_a282f2ebb984,song_932b57b813a8,2026-01-11,哔哩哔哩,BV11brvByEzs,2026年1月11日直播,,https://www.bilibili.com/video/BV11brvByEzs
performance_54e01af0b79a,song_932b57b813a8,2025-12-07,哔哩哔哩,BV16GmABZEcc,2025年12月7日直播,,https://www.bilibili.com/video/BV16GmABZEcc
performance_2a95b50ddc4e,song_52d1d8e0c2e0,2026-02-06,哔哩哔哩,BV1H8cFzdEbh,2026年2月6日直播,,https://www.bilibili.com/video/BV1H8cFzdEbh
performance_245b0336903c,song_52d1d8e0c2e0,2026-01-16,哔哩哔哩,BV1ZBr9BnEy7,2026年1月16日直播,,https://www.bilibili.com/video/BV1ZBr9BnEy7
performance_63b51f6123e4,song_8c9d1df5092c,2026-02-06,哔哩哔哩,BV1MFcczKEqi,2026年2月6日直播,,https://www.bilibili.com/video/BV1MFcczKEqi
performance_a56c11db3c25,song_8c9d1df5092c,2025-12-23,哔哩哔哩,BV15GBNBPEbk,2025年12月23日直播,,https://www.bilibili.com/video/BV15GBNBPEbk
performance_f51e0559c86b,song_92d8e0224ab6,2026-02-06,哔哩哔哩,BV1PucczFEJu,2026年2月6日直播,,https://www.bilibili.com/video/BV1PucczFEJu
performance_db2b50665e7d,song_da909c07543f,2026-02-06,哔哩哔哩,BV1HacFzsEii,2026年2月6日直播,,https://www.bilibili.com/video/BV1HacFzsEii
performance_43fa1cd0a296,song_29a90727f956,2026-02-06,哔哩哔哩,BV1C4cFzZEJD,2026年2月6日直播,,https://www.bilibili.com/video/BV1C4cFzZEJD
performance_82274ba8620b,song_31714d630f92,2026-02-05,哔哩哔哩,BV1ssFxzwEhJ,2026年2月5日直播,,https://www.bilibili.com/video/BV1ssFxzwEhJ
performance_34eea2b55ad8,song_31714d630f92,2025-11-27,哔哩哔哩,BV1BJUeB7E6J,2025年11月27日直播,,https://www.bilibili.com/video/BV1BJUeB7E6J
performance_eb24264e4e31,song_31714d630f92,2025-02-16,哔哩哔哩,BV1YzADeFE5F,2025年2月16日直播,,https://www.bilibili.com/video/BV1YzADeFE5F
performance_a0fec7fc4c00,song_31714d630f92,2025-01-29,哔哩哔哩,BV1DWFke4EPr,2025年1月29日直播,,https://www.bilibili.com/video/BV1DWFke4EPr
performance_facd37846cfa,song_d72c232b8912,2026-02-05,哔哩哔哩,BV1WsFxzwE8A,2026年2月5日直播,,https://www.bilibili.com/video/BV1WsFxzwE8A
performance_983e5bed0e85,song_d72c232b8912,2025-12-29,哔哩哔哩,BV1d6vxB9EDx,2025年12月29日直播,,https://www.bilibili.com/video/BV1d6vxB9EDx
performance_13d168635f57,song_d72c232b8912,2025-12-12,哔哩哔哩,BV1BSmgB1EG8,2025年12月12日直播,,https://www.bilibili.com/video/BV1BSmgB1EG8
performance_2bfe00f1eedb,song_1f98066a3c39,2026-02-05,哔哩哔哩,BV12HFxzPEWf,2026年2月5日直播,,https://www.bilibili.com/video/BV12HFxzPEWf
performance_28c77b550193,song_1f98066a3c39,2025-01-31,哔哩哔哩,BV1U4FkesEYA,2025年1月31日直播,,https://www.bilibili.com/video/BV1U4FkesEYA
performance_1a1b10871820,song_1f98066a3c39,2025-01-01,哔哩哔哩,BV1JocFeZEzA,2025年1月1日直播,,https://www.bilibili.com/video/BV1JocFeZEzA
performance_b285d9f3f8c1,song_b2f7460df3c5,2026-02-05,哔哩哔哩,BV12JFxzvERw,2026年2月5日直播,,https://www.bilibili.com/video/BV12JFxzvERw
performance_d41262bcb172,song_b2f7460df3c5,2025-11-03,哔哩哔哩,BV1zS1aBME2b,2025年11月3日直播,,https://www.bilibili.com/video/BV1zS1aBME2b
performance_b07ccc8f07d0,song_8839ad0fe033,2026-02-05,哔哩哔哩,BV1TJFxziEHi,2026年2月5日直播,,https://www.bilibili.com/video/BV1TJFxziEHi
performance_e0c5a9526ae0,song_8839ad0fe033,2026-01-04,哔哩哔哩,BV1ScquBPEas,2026年1月4日直播,,https://www.bilibili.com/video/BV1ScquBPEas
performance_4698b378c831,song_f957eb0a10c2,2026-02-05,哔哩哔哩,BV1xHFxzPEjT,2026年2月5日直播,,https://www.bilibili.com/video/BV1xHFxzPEjT
performance_2d07edf1dcb3,song_761b020fce7f,2026-02-01,哔哩哔哩,BV1j2fdBvEtD,2026年2月1日直播,,https://www.bilibili.com/video/BV1j2fdBvEtD
performance_f6e3e5037c7d,song_761b020fce7f,2026-01-15,哔哩哔哩,BV1NikwBREdK,2026年1月15日直播,,https://www.bilibili.com/video/BV1NikwBREdK
performance_442b8aee8de5,song_761b020fce7f,2025-12-12,哔哩哔哩,BV1iFmmByE7a,2025年12月12日直播,,https://www.bilibili.com/video/BV1iFmmByE7a
performance_6090bddb6172,song_761b020fce7f,2024-12-24,哔哩哔哩,BV15scne3Evy,2024年12月24日直播,,https://www.bilibili.com/video/BV15scne3Evy
performance_e3731b5d160a,song_45dfcba45009,2026-02-01,哔哩哔哩,BV171fdBKEMS,2026年2月1日直播,,https://www.bilibili.com/video/BV171fdBKEMS
performance_0835f97bf748,song_45dfcba45009,2025-12-13,哔哩哔哩,BV18sm9BQEwD,2025年12月13日直播,,https://www.bilibili.com/video/BV18sm9BQEwD
performance_4134c2e767e2,song_45dfcba45009,2025-10-21,哔哩哔哩,BV1EhWSzUEHD,2025年10月21日直播,,https://www.bilibili.com/video/BV1EhWSzUEHD
performance_c278f1665237,song_45dfcba45009,2025-03-20,哔哩哔哩,BV1NqXHYkEM7,2025年3月20日直播,,https://www.bilibili.com/video/BV1NqXHYkEM7
performance_bdadd75609d2,song_1b0a954d1693,2026-02-01,哔哩哔哩,BV1HqfdBrEcB,2026年2月1日直播,,https://www.bilibili.com/video/BV1HqfdBrEcB
performance_5e968165f899,song_1b0a954d1693,2025-11-07,哔哩哔哩,BV1rS11B1ERu,2025年11月7日直播,,https://www.bilibili.com/video/BV1rS11B1ERu
performance_19b2cc1194eb,song_1b0a954d1693,2025-08-01,哔哩哔哩,BV1Qqhpz5EpD,2025年8月1日直播,,https://www.bilibili.com/video/BV1Qqhpz5EpD
performance_15fd9baf22f3,song_e1d5ab5726d2,2026-02-01,哔哩哔哩,BV1qffXBfEMf,2026年2月1日直播,,https://www.bilibili.com/video/BV1qffXBfEMf
performance_798449a27952,song_e1d5ab5726d2,2025-05-08,哔哩哔哩,BV1Ev55zdE18,2025年5月8日直播,,https://www.bilibili.com/video/BV1Ev55zdE18
performance_f8483bda213f,song_3a03c46d7770,2026-02-01,哔哩哔哩,BV1Z1fdBKE4N,2026年2月1日直播,,https://www.bilibili.com/video/BV1Z1fdBKE4N
performance_2116a4b218ec,song_3a03c46d7770,2024-12-20,哔哩哔哩,BV1Epk8YZEJB,2024年12月20日直播,,https://www.bilibili.com/video/BV1Epk8YZEJB
performance_b72b11c74438,song_ecc798300902,2026-02-01,哔哩哔哩,BV1qffXBfEux,2026年2月1日直播,,https://www.bilibili.com/video/BV1qffXBfEux
performance_f4a59bba3099,song_4a7aa058bb68,2026-01-31,哔哩哔哩,BV1U46hBiEh4,2026年1月31日直播,,https://www.bilibili.com/video/BV1U46hBiEh4
performance_560b9c59f8a4,song_4a7aa058bb68,2025-09-05,哔哩哔哩,BV1TxYVzUEwx,2025年9月5日直播,,https://www.bilibili.com/video/BV1TxYVzUEwx
performance_d9efad1c1a10,song_4a7aa058bb68,2025-03-28,哔哩哔哩,BV1CqZzYPEVv,2025年3月28日直播,,https://www.bilibili.com/video/BV1CqZzYPEVv
performance_037fd60c9956,song_ccf44d886d7e,2026-01-31,哔哩哔哩,BV1U46hBiE3y,2026年1月31日直播,,https://www.bilibili.com/video/BV1U46hBiE3y
performance_85cd2aac27dd,song_ccf44d886d7e,2026-01-31,哔哩哔哩,BV1U46hBiE3y,2026年1月31日直播,,https://www.bilibili.com/video/BV1U46hBiE3y
performance_5eaa11c89933,song_2b66682bd549,2026-01-30,哔哩哔哩,BV1DA6nBGE1L,2026年1月30日直播,,https://www.bilibili.com/video/BV1DA6nBGE1L
performance_77a5440cb722,song_2b66682bd549,2025-12-17,哔哩哔哩,BV1WJqVBqE7a,2025年12月17日直播,,https://www.bilibili.com/video/BV1WJqVBqE7a
performance_eff1d358a341,song_2b66682bd549,2025-12-07,哔哩哔哩,BV163mABbEvG,2025年12月7日直播,,https://www.bilibili.com/video/BV163mABbEvG
performance_f6e92bc5f65f,song_2b66682bd549,2025-08-01,哔哩哔哩,BV1txhWzrErg,2025年8月1日直播,,https://www.bilibili.com/video/BV1txhWzrErg
performance_173618102d1e,song_2b66682bd549,2025-06-22,哔哩哔哩,BV1GVNmzmEcQ,2025年6月22日直播,,https://www.bilibili.com/video/BV1GVNmzmEcQ
performance_f29cc3385f66,song_76ca8f9f9f83,2026-01-30,哔哩哔哩,BV1uK6nB3ECj,2026年1月30日直播,,https://www.bilibili.com/video/BV1uK6nB3ECj
performance_f85f2004be29,song_76ca8f9f9f83,2025-11-02,哔哩哔哩,BV1QEydBXEWM,2025年11月2日直播,,https://www.bilibili.com/video/BV1QEydBXEWM
performance_d25b42d9bfa1,song_76ca8f9f9f83,2025-09-14,哔哩哔哩,BV1YjpBzvEw5,2025年9月14日直播,,https://www.bilibili.com/video/BV1YjpBzvEw5
performance_a6285002d904,song_76ca8f9f9f83,2025-07-25,哔哩哔哩,BV1cz84ziEuT,2025年7月25日直播,,https://www.bilibili.com/video/BV1cz84ziEuT
performance_2655d1e0356e,song_76ca8f9f9f83,2025-05-14,哔哩哔哩,BV1hkEvzjELg,2025年5月14日直播,,https://www.bilibili.com/video/BV1hkEvzjELg
performance_3d6581bff5fd,song_36f36b651588,2026-01-30,哔哩哔哩,BV13c6nByEDc,2026年1月30日直播,,https://www.bilibili.com/video/BV13c6nByEDc
performance_ea6da9ab2368,song_36f36b651588,2025-09-21,哔哩哔哩,BV1wenczrExH,2025年9月21日直播,,https://www.bilibili.com/video/BV1wenczrExH
performance_0420a4e7c3b1,song_36f36b651588,2024-11-15,哔哩哔哩,BV19SUpYmEwc,2024年11月15日直播,,https://www.bilibili.com/video/BV19SUpYmEwc
performance_32ec1787b9e6,song_36f36b651588,2024-11-09,哔哩哔哩,BV15dDzYiEip,2024年11月9日直播,,https://www.bilibili.com/video/BV15dDzYiEip
performance_c0b770034d5b,song_ca0f604c958f,2026-01-30,哔哩哔哩,BV1nk6JBoEWb,2026年1月30日直播,,https://www.bilibili.com/video/BV1nk6JBoEWb
performance_aa8a9e112801,song_ca0f604c958f,2025-12-25,哔哩哔哩,BV1P2B1BAECZ,2025年12月25日直播,,https://www.bilibili.com/video/BV1P2B1BAECZ
performance_9885e4e3ceed,song_ca0f604c958f,2025-11-19,哔哩哔哩,BV1WAyjBhENz,2025年11月19日直播,,https://www.bilibili.com/video/BV1WAyjBhENz
performance_4f2af6633299,song_ca0f604c958f,2024-11-14,哔哩哔哩,BV1zaU8YVEuU,2024年11月14日直播,,https://www.bilibili.com/video/BV1zaU8YVEuU
performance_45fa9e3980ec,song_77d1a4d68f01,2026-01-30,哔哩哔哩,BV1gp6JB6Ev6,2026年1月30日直播,,https://www.bilibili.com/video/BV1gp6JB6Ev6
performance_f74f60b8cea8,song_77d1a4d68f01,2025-12-19,哔哩哔哩,BV1CSqDBrEKH,2025年12月19日直播,,https://www.bilibili.com/video/BV1CSqDBrEKH
performance_613e26307135,song_77d1a4d68f01,2025-09-19,哔哩哔哩,BV12eWAzFEib,2025年9月19日直播,,https://www.bilibili.com/video/BV12eWAzFEib
performance_81cb5f496ff7,song_77d1a4d68f01,2025-08-01,哔哩哔哩,BV1qKhWzsEZM,2025年8月1日直播,,https://www.bilibili.com/video/BV1qKhWzsEZM
performance_02965df50ac8,song_2d95a84bc9dd,2026-01-30,哔哩哔哩,BV1SK6nBgE3M,2026年1月30日直播,,https://www.bilibili.com/video/BV1SK6nBgE3M
performance_8691ef484186,song_2d95a84bc9dd,2025-09-05,哔哩哔哩,BV1mxYVzUEcJ,2025年9月5日直播,,https://www.bilibili.com/video/BV1mxYVzUEcJ
performance_3b2b923d0a4d,song_80533e5621f8,2026-01-30,哔哩哔哩,BV1hp6JB6EVC,2026年1月30日直播,,https://www.bilibili.com/video/BV1hp6JB6EVC
performance_a5b929a280f4,song_80533e5621f8,2026-01-20,哔哩哔哩,BV17HzJB7EwD,2026年1月20日直播,,https://www.bilibili.com/video/BV17HzJB7EwD
performance_48ae5448dcb1,song_64375baea691,2026-01-30,哔哩哔哩,BV1ct61BAEuk,2026年1月30日直播,,https://www.bilibili.com/video/BV1ct61BAEuk
performance_b513b906f4a7,song_cf4ff7f06fa7,2026-01-30,哔哩哔哩,BV1uK6nB3E6X,2026年1月30日直播,,https://www.bilibili.com/video/BV1uK6nB3E6X
performance_d1cdeb4861aa,song_a6a514b45760,2026-01-30,哔哩哔哩,BV1ac6nByE7g,2026年1月30日直播,,https://www.bilibili.com/video/BV1ac6nByE7g
performance_2ab734ca45eb,song_9d95290b93ff,2026-01-29,哔哩哔哩,BV1gZ6BBbEJ3,2026年1月29日直播,,https://www.bilibili.com/video/BV1gZ6BBbEJ3
performance_e5ad58df1cb1,song_9d95290b93ff,2025-12-20,哔哩哔哩,BV1WMqrBUE1n,2025年12月20日直播,,https://www.bilibili.com/video/BV1WMqrBUE1n
performance_32446a46ca11,song_9d95290b93ff,2025-08-22,哔哩哔哩,BV1omehznE59,2025年8月22日直播,,https://www.bilibili.com/video/BV1omehznE59
performance_db190bae28c2,song_9d95290b93ff,2025-05-25,哔哩哔哩,BV1FkjgzpEmp,2025年5月25日直播,,https://www.bilibili.com/video/BV1FkjgzpEmp
performance_467caa93fd4c,song_9d95290b93ff,2025-02-21,哔哩哔哩,BV1QZAmeJEFA,2025年2月21日直播,,https://www.bilibili.com/video/BV1QZAmeJEFA
performance_72e7c961ef9f,song_1c9960e64b51,2026-01-29,哔哩哔哩,BV1uf6BBZEx8,2026年1月29日直播,,https://www.bilibili.com/video/BV1uf6BBZEx8
performance_31a5ef2a3e1d,song_1c9960e64b51,2026-01-09,哔哩哔哩,BV1pX6UBkEFP,2026年1月9日直播,,https://www.bilibili.com/video/BV1pX6UBkEFP
performance_17668f4d4db0,song_1c9960e64b51,2025-12-10,哔哩哔哩,BV1nymHBUE5c,2025年12月10日直播,,https://www.bilibili.com/video/BV1nymHBUE5c
performance_48d8f341390c,song_1c9960e64b51,2025-11-02,哔哩哔哩,BV1VLydBdEE7,2025年11月2日直播,,https://www.bilibili.com/video/BV1VLydBdEE7
performance_0940aefb51d2,song_1cfe67ed6d75,2026-01-28,哔哩哔哩,BV1rD6ABjEp6,2026年1月28日直播,,https://www.bilibili.com/video/BV1rD6ABjEp6
performance_087b7f6d8fc6,song_1cfe67ed6d75,2025-11-03,哔哩哔哩,BV1621aBgEbe,2025年11月3日直播,,https://www.bilibili.com/video/BV1621aBgEbe
performance_90462aac6d91,song_1cfe67ed6d75,2025-01-04,哔哩哔哩,BV1YVcAeREsK,2025年1月4日直播,,https://www.bilibili.com/video/BV1YVcAeREsK
performance_22bbe747b20c,song_efcd0cdd5fee,2026-01-25,哔哩哔哩,BV1Ze63BFEN7,2026年1月25日直播,,https://www.bilibili.com/video/BV1Ze63BFEN7
performance_cfeb61032f3a,song_efcd0cdd5fee,2026-01-02,哔哩哔哩,BV13BiqBUEXz,2026年1月2日直播,,https://www.bilibili.com/video/BV13BiqBUEXz
performance_8f06d7a3cdce,song_efcd0cdd5fee,2025-08-01,哔哩哔哩,BV1Qqhpz5ErD,2025年8月1日直播,,https://www.bilibili.com/video/BV1Qqhpz5ErD
performance_6b0bb188ecf6,song_efcd0cdd5fee,2025-05-04,哔哩哔哩,BV15DVyzPEkC,2025年5月4日直播,,https://www.bilibili.com/video/BV15DVyzPEkC
performance_111c2c2a04e7,song_efcd0cdd5fee,2025-03-28,哔哩哔哩,BV1HBZzYYEzi,2025年3月28日直播,,https://www.bilibili.com/video/BV1HBZzYYEzi
performance_e2a64a871dd3,song_efcd0cdd5fee,2025-02-04,哔哩哔哩,BV14EP6eoEf6,2025年2月4日直播,,https://www.bilibili.com/video/BV14EP6eoEf6
performance_a16e5faa05c0,song_efcd0cdd5fee,2025-01-31,哔哩哔哩,BV1E4FXeKE8i,2025年1月31日直播,,https://www.bilibili.com/video/BV1E4FXeKE8i
performance_54330ff76cda,song_d82456ce5f5d,2026-01-24,哔哩哔哩,BV1JGzbBLEpY,2026年1月24日直播,,https://www.bilibili.com/video/BV1JGzbBLEpY
performance_c03da492711a,song_d82456ce5f5d,2024-12-20,哔哩哔哩,BV1p5k8YPE8x,2024年12月20日直播,,https://www.bilibili.com/video/BV1p5k8YPE8x
performance_e33b1fd0fbd1,song_d82456ce5f5d,2024-11-09,哔哩哔哩,BV1QcD6YwEDS,2024年11月9日直播,,https://www.bilibili.com/video/BV1QcD6YwEDS
performance_3db230c3fe41,song_62588fc12447,2026-01-23,哔哩哔哩,BV1dXzmBfEyz,2026年1月23日直播,,https://www.bilibili.com/video/BV1dXzmBfEyz
performance_e9e4272591a3,song_62588fc12447,2025-09-19,哔哩哔哩,BV1MaWAzaEwT,2025年9月19日直播,,https://www.bilibili.com/video/BV1MaWAzaEwT
performance_6d51f7595ae1,song_62588fc12447,2025-08-22,哔哩哔哩,BV1tKeazMENz,2025年8月22日直播,,https://www.bilibili.com/video/BV1tKeazMENz
performance_7f0755d71168,song_38ecdc0a4f22,2026-01-23,哔哩哔哩,BV1MbzmBjEf7,2026年1月23日直播,,https://www.bilibili.com/video/BV1MbzmBjEf7
performance_0e80ee4de5be,song_38ecdc0a4f22,2026-01-01,哔哩哔哩,BV1iqi8BKEWu,2026年1月1日直播,,https://www.bilibili.com/video/BV1iqi8BKEWu
performance_1736e14e945c,song_bd7f3794b6d5,2026-01-23,哔哩哔哩,BV1xvzmBGEeU,2026年1月23日直播,,https://www.bilibili.com/video/BV1xvzmBGEeU
performance_a445285727b2,song_339ac49f9e93,2026-01-23,哔哩哔哩,BV1vVzmB4ERh,2026年1月23日直播,,https://www.bilibili.com/video/BV1vVzmB4ERh
performance_e0c46a261821,song_a926b778be26,2026-01-23,哔哩哔哩,BV1uGzDBREzh,2026年1月23日直播,,https://www.bilibili.com/video/BV1uGzDBREzh
performance_b34886ba23d9,song_078e6ce4a0f4,2026-01-23,哔哩哔哩,BV1S3zDBsE15,2026年1月23日直播,,https://www.bilibili.com/video/BV1S3zDBsE15
performance_81882afcea98,song_c0ab40b27a13,2026-01-21,哔哩哔哩,BV1KJzTBcEaV,2026年1月21日直播,,https://www.bilibili.com/video/BV1KJzTBcEaV
performance_a4f288286d46,song_c0ab40b27a13,2025-12-19,哔哩哔哩,BV1vNqQBhEHy,2025年12月19日直播,,https://www.bilibili.com/video/BV1vNqQBhEHy
performance_28bbafc98362,song_c0ab40b27a13,2024-12-10,哔哩哔哩,BV1A4qUYgE3m,2024年12月10日直播,,https://www.bilibili.com/video/BV1A4qUYgE3m
performance_bf390caff435,song_bd0256df358c,2026-01-20,哔哩哔哩,BV1LszJBLEbk,2026年1月20日直播,,https://www.bilibili.com/video/BV1LszJBLEbk
performance_e09a5a78f637,song_bd0256df358c,2025-12-20,哔哩哔哩,BV1sMqrBUE56,2025年12月20日直播,,https://www.bilibili.com/video/BV1sMqrBUE56
performance_26f46e6aefc1,song_6a398932c2ce,2026-01-20,哔哩哔哩,BV1c9zJBxE6n,2026年1月20日直播,,https://www.bilibili.com/video/BV1c9zJBxE6n
performance_fd7314ce2da1,song_5a9e8c36e98e,2026-01-18,哔哩哔哩,BV1WakEBaEgP,2026年1月18日直播,,https://www.bilibili.com/video/BV1WakEBaEgP
performance_9083f410de80,song_5a9e8c36e98e,2025-12-23,哔哩哔哩,BV1ZWB4BNECo,2025年12月23日直播,,https://www.bilibili.com/video/BV1ZWB4BNECo
performance_f71f784e7f38,song_5a9e8c36e98e,2025-11-19,哔哩哔哩,BV1WAyjBhELN,2025年11月19日直播,,https://www.bilibili.com/video/BV1WAyjBhELN
performance_fd67a331a6fe,song_5a9e8c36e98e,2025-10-31,哔哩哔哩,BV1e9yYBhE3Z,2025年10月31日直播,,https://www.bilibili.com/video/BV1e9yYBhE3Z
performance_9a77997d4a08,song_5a9e8c36e98e,2025-07-28,哔哩哔哩,BV1ki8BzTEkw,2025年7月28日直播,,https://www.bilibili.com/video/BV1ki8BzTEkw
performance_d00f22071fcf,song_5a9e8c36e98e,2025-05-22,哔哩哔哩,BV1ttJJzvEkL,2025年5月22日直播,,https://www.bilibili.com/video/BV1ttJJzvEkL
performance_96d62a05f1d7,song_7dfdc1fab1e7,2026-01-18,哔哩哔哩,BV1xtkEBNEn7,2026年1月18日直播,,https://www.bilibili.com/video/BV1xtkEBNEn7
performance_296783420634,song_7dfdc1fab1e7,2025-12-08,哔哩哔哩,BV15U2CBaEJk,2025年12月8日直播,,https://www.bilibili.com/video/BV15U2CBaEJk
performance_19d7075b1632,song_5f48c86180e8,2026-01-18,哔哩哔哩,BV1XVkEByELv,2026年1月18日直播,,https://www.bilibili.com/video/BV1XVkEByELv
performance_04647d1b703f,song_5f48c86180e8,2026-01-02,哔哩哔哩,BV1vqi8BKEfv,2026年1月2日直播,,https://www.bilibili.com/video/BV1vqi8BKEfv
performance_c82727fcb015,song_be72a2d59f7e,2026-01-17,哔哩哔哩,BV1tpkEBBEsj,2026年1月17日直播,,https://www.bilibili.com/video/BV1tpkEBBEsj
performance_4a296eeef4e6,song_be72a2d59f7e,2025-09-21,哔哩哔哩,BV1penczrEg9,2025年9月21日直播,,https://www.bilibili.com/video/BV1penczrEg9
performance_d9967a868ca3,song_be72a2d59f7e,2024-12-07,哔哩哔哩,BV1j3qpYsEpj,2024年12月7日直播,,https://www.bilibili.com/video/BV1j3qpYsEpj
performance_1b3c551e305f,song_006502e9c142,2026-01-17,哔哩哔哩,BV1Kfk5BtE7o,2026年1月17日直播,,https://www.bilibili.com/video/BV1Kfk5BtE7o
performance_54329656caa3,song_006502e9c142,2025-02-16,哔哩哔哩,BV1DZAmeJEws,2025年2月16日直播,,https://www.bilibili.com/video/BV1DZAmeJEws
performance_5d3eeb87572c,song_006502e9c142,2024-11-20,哔哩哔哩,BV1jcidY7Eyc,2024年11月20日直播,,https://www.bilibili.com/video/BV1jcidY7Eyc
performance_5d2a37bacd42,song_16a56fe71645,2026-01-17,哔哩哔哩,BV1pKkLBXEXV,2026年1月17日直播,,https://www.bilibili.com/video/BV1pKkLBXEXV
performance_f94a4df841a3,song_3f643adfdfc4,2026-01-16,哔哩哔哩,BV1y6rDBpE4U,2026年1月16日直播,,https://www.bilibili.com/video/BV1y6rDBpE4U
performance_5412325c01cd,song_3f643adfdfc4,2026-01-01,哔哩哔哩,BV1x8vXBjEBj,2026年1月1日直播,,https://www.bilibili.com/video/BV1x8vXBjEBj
performance_eef9db4b4787,song_3f643adfdfc4,2025-11-07,哔哩哔哩,BV17f11BzENk,2025年11月7日直播,,https://www.bilibili.com/video/BV17f11BzENk
performance_d02cd082d8ed,song_0f2469dc3602,2026-01-16,哔哩哔哩,BV1LfrDBgEN9,2026年1月16日直播,,https://www.bilibili.com/video/BV1LfrDBgEN9
performance_57fe1a61ef5b,song_0f2469dc3602,2025-12-12,哔哩哔哩,BV12EmmBaE9C,2025年12月12日直播,,https://www.bilibili.com/video/BV12EmmBaE9C
performance_9c502e3842e9,song_0f2469dc3602,2025-09-19,哔哩哔哩,BV12eWAzFErD,2025年9月19日直播,,https://www.bilibili.com/video/BV12eWAzFErD
performance_f378e1a61609,song_a6fb3caeb8fc,2026-01-15,哔哩哔哩,BV1VHkwBNEKP,2026年1月15日直播,,https://www.bilibili.com/video/BV1VHkwBNEKP
performance_050885044ff2,song_f724921eae48,2026-01-14,哔哩哔哩,BV1xUroB3Ep6,2026年1月14日直播,,https://www.bilibili.com/video/BV1xUroB3Ep6
performance_ae92f715161e,song_f724921eae48,2025-12-17,哔哩哔哩,BV1eoqGBpEXa,2025年12月17日直播,,https://www.bilibili.com/video/BV1eoqGBpEXa
performance_7a8d02268be7,song_f724921eae48,2025-10-30,哔哩哔哩,BV1gXybB1ESy,2025年10月30日直播,,https://www.bilibili.com/video/BV1gXybB1ESy
performance_d25efded22e7,song_f724921eae48,2025-09-12,哔哩哔哩,BV1udpFzsEur,2025年9月12日直播,,https://www.bilibili.com/video/BV1udpFzsEur
performance_edd133152ff1,song_f724921eae48,2025-07-28,哔哩哔哩,BV1Ai8BzMEuv,2025年7月28日直播,,https://www.bilibili.com/video/BV1Ai8BzMEuv
performance_9631588e63b3,song_f724921eae48,2025-05-18,哔哩哔哩,BV1aNJ3z7EjW,2025年5月18日直播,,https://www.bilibili.com/video/BV1aNJ3z7EjW
performance_3b61f6d4f5fe,song_f724921eae48,2025-03-14,哔哩哔哩,BV19bXqYAEYN,2025年3月14日直播,,https://www.bilibili.com/video/BV19bXqYAEYN
performance_a0302f86a9fc,song_f724921eae48,2024-12-20,哔哩哔哩,BV17RkvYGEnZ,2024年12月20日直播,,https://www.bilibili.com/video/BV17RkvYGEnZ
performance_c9c3e514047f,song_f724921eae48,2024-12-07,哔哩哔哩,BV1V7qpYnE2d,2024年12月7日直播,,https://www.bilibili.com/video/BV1V7qpYnE2d
performance_6a94c2398854,song_f724921eae48,2024-11-29,哔哩哔哩,BV1DZi2YjEHe,2024年11月29日直播,,https://www.bilibili.com/video/BV1DZi2YjEHe
performance_6c63e46fbf5c,song_f724921eae48,2024-11-21,哔哩哔哩,BV16iidYpEzB,2024年11月21日直播,,https://www.bilibili.com/video/BV16iidYpEzB
performance_46e2aada1539,song_3852a0ca8422,2026-01-14,哔哩哔哩,BV1sSroB6E6i,2026年1月14日直播,,https://www.bilibili.com/video/BV1sSroB6E6i
performance_a18cc4259037,song_3852a0ca8422,2025-12-12,哔哩哔哩,BV1efmgBzEG2,2025年12月12日直播,,https://www.bilibili.com/video/BV1efmgBzEG2
performance_fcfe782111c6,song_3852a0ca8422,2025-11-26,哔哩哔哩,BV1N6UXB2Ehd,2025年11月26日直播,,https://www.bilibili.com/video/BV1N6UXB2Ehd
performance_19e7287a0615,song_82202bb725d7,2026-01-09,哔哩哔哩,BV18i6UBWE8J,2026年1月9日直播,,https://www.bilibili.com/video/BV18i6UBWE8J
performance_e34a17d92827,song_82202bb725d7,2025-11-29,哔哩哔哩,BV1FfSJBEEre,2025年11月29日直播,,https://www.bilibili.com/video/BV1FfSJBEEre
performance_fe39c2d2f917,song_82202bb725d7,2025-11-08,哔哩哔哩,BV18h11BZEfB,2025年11月8日直播,,https://www.bilibili.com/video/BV18h11BZEfB
performance_9795feff1269,song_82202bb725d7,2025-09-05,哔哩哔哩,BV1DZYVzdEQA,2025年9月5日直播,,https://www.bilibili.com/video/BV1DZYVzdEQA
performance_671c60f783bd,song_82202bb725d7,2025-02-16,哔哩哔哩,BV1a6ADebEts,2025年2月16日直播,,https://www.bilibili.com/video/BV1a6ADebEts
performance_84ddb76492ed,song_82202bb725d7,2024-12-24,哔哩哔哩,BV1SvcneYE3F,2024年12月24日直播,,https://www.bilibili.com/video/BV1SvcneYE3F
performance_944fa9608960,song_82202bb725d7,2024-12-07,哔哩哔哩,BV1eLqpYQEzU,2024年12月7日直播,,https://www.bilibili.com/video/BV1eLqpYQEzU
performance_361aa5f37972,song_82202bb725d7,2024-12-03,哔哩哔哩,BV1UZi9Y8EN4,2024年12月3日直播,,https://www.bilibili.com/video/BV1UZi9Y8EN4
performance_a830634e1a20,song_ca259ae2e2a2,2026-01-09,哔哩哔哩,BV1x16UB7EHD,2026年1月9日直播,,https://www.bilibili.com/video/BV1x16UB7EHD
performance_b7ed79d645e5,song_ca259ae2e2a2,2025-08-22,哔哩哔哩,BV1FkehzREGr,2025年8月22日直播,,https://www.bilibili.com/video/BV1FkehzREGr
performance_60641c66127d,song_6c4eeea0d111,2026-01-09,哔哩哔哩,BV1z76UBiEE2,2026年1月9日直播,,https://www.bilibili.com/video/BV1z76UBiEE2
performance_2bfe9dcf4c33,song_29307cadb17b,2026-01-06,哔哩哔哩,BV1TNquBaEZK,2026年1月6日直播,,https://www.bilibili.com/video/BV1TNquBaEZK
performance_bdfa7ba882df,song_29307cadb17b,2025-12-02,哔哩哔哩,BV1F1SpBREEZ,2025年12月2日直播,,https://www.bilibili.com/video/BV1F1SpBREEZ
performance_15d5275ec7f8,song_29307cadb17b,2025-07-28,哔哩哔哩,BV1ki8BzTETZ,2025年7月28日直播,,https://www.bilibili.com/video/BV1ki8BzTETZ
performance_7d1f172050e0,song_29307cadb17b,2025-06-22,哔哩哔哩,BV1QVNmz2Eqs,2025年6月22日直播,,https://www.bilibili.com/video/BV1QVNmz2Eqs
performance_05781059fc30,song_29307cadb17b,2025-05-25,哔哩哔哩,BV1LQjgzjE2o,2025年5月25日直播,,https://www.bilibili.com/video/BV1LQjgzjE2o
performance_0e169f5ad881,song_29307cadb17b,2025-05-14,哔哩哔哩,BV1gCEvz1EhJ,2025年5月14日直播,,https://www.bilibili.com/video/BV1gCEvz1EhJ
performance_6c2c078cb1b5,song_29307cadb17b,2025-02-14,哔哩哔哩,BV1a6ADebEqG,2025年2月14日直播,,https://www.bilibili.com/video/BV1a6ADebEqG
performance_8801f6e57076,song_29307cadb17b,2024-12-03,哔哩哔哩,BV1J5iRYUEzf,2024年12月3日直播,,https://www.bilibili.com/video/BV1J5iRYUEzf
performance_5f02933e95e1,song_72677028b4d0,2026-01-04,哔哩哔哩,BV1YXqMBzEVd,2026年1月4日直播,,https://www.bilibili.com/video/BV1YXqMBzEVd
performance_fe3b87d395af,song_a8db00994c14,2026-01-02,哔哩哔哩,BV1iqi8BKEAh,2026年1月2日直播,,https://www.bilibili.com/video/BV1iqi8BKEAh
performance_c7c68033bda5,song_a8db00994c14,2025-02-21,哔哩哔哩,BV1DZAmeJEc3,2025年2月21日直播,,https://www.bilibili.com/video/BV1DZAmeJEc3
performance_f7a80009343e,song_19b00b688c28,2026-01-02,哔哩哔哩,BV1AoiqBiELf,2026年1月2日直播,,https://www.bilibili.com/video/BV1AoiqBiELf
performance_8a57889f53d2,song_19b00b688c28,2025-05-04,哔哩哔哩,BV1tPV1zsEVy,2025年5月4日直播,,https://www.bilibili.com/video/BV1tPV1zsEVy
performance_850e65642c11,song_027983b38912,2026-01-02,哔哩哔哩,BV1wfiqBNEMF,2026年1月2日直播,,https://www.bilibili.com/video/BV1wfiqBNEMF
performance_fd3302ebf64a,song_760e204a93a7,2026-01-01,哔哩哔哩,BV1T4vXBEEzD,2026年1月1日直播,,https://www.bilibili.com/video/BV1T4vXBEEzD
performance_f958e673272e,song_760e204a93a7,2025-10-23,哔哩哔哩,BV1qesYzvEFj,2025年10月23日直播,,https://www.bilibili.com/video/BV1qesYzvEFj
performance_a7ca59340a52,song_760e204a93a7,2025-09-14,哔哩哔哩,BV1vGpBzMEMF,2025年9月14日直播,,https://www.bilibili.com/video/BV1vGpBzMEMF
performance_9ce3767ff61a,song_26e48267fd01,2026-01-01,哔哩哔哩,BV1Bai8BzEiM,2026年1月1日直播,,https://www.bilibili.com/video/BV1Bai8BzEiM
performance_04fb847e7c44,song_b610f0b7706a,2025-12-31,哔哩哔哩,BV1TmiAByEGF,2025年12月31日直播,,https://www.bilibili.com/video/BV1TmiAByEGF
performance_06a7d13c9fc4,song_b610f0b7706a,2025-12-29,哔哩哔哩,BV1TmiAByEGF,2025年12月29日直播,,https://www.bilibili.com/video/BV1TmiAByEGF
performance_784452e5358b,song_35ed538bfa46,2025-12-29,哔哩哔哩,BV1T3vyB4E4D,2025年12月29日直播,,https://www.bilibili.com/video/BV1T3vyB4E4D
performance_1e6290786a47,song_35ed538bfa46,2025-12-12,哔哩哔哩,BV1eAmmBkEqf,2025年12月12日直播,,https://www.bilibili.com/video/BV1eAmmBkEqf
performance_5215b35bab86,song_35ed538bfa46,2025-11-15,哔哩哔哩,BV1RAC3BwEoD,2025年11月15日直播,,https://www.bilibili.com/video/BV1RAC3BwEoD
performance_f0fbd3c22836,song_35ed538bfa46,2025-09-14,哔哩哔哩,BV1YjpBzvEpY,2025年9月14日直播,,https://www.bilibili.com/video/BV1YjpBzvEpY
performance_057e23541f2a,song_35ed538bfa46,2025-08-15,哔哩哔哩,BV1KpYCzAEUa,2025年8月15日直播,,https://www.bilibili.com/video/BV1KpYCzAEUa
performance_f51643e89b3b,song_35ed538bfa46,2025-07-25,哔哩哔哩,BV1nz84ziEQo,2025年7月25日直播,,https://www.bilibili.com/video/BV1nz84ziEQo
performance_5577a8bb08af,song_4566fac2fa2f,2025-12-29,哔哩哔哩,BV1j6vxBREed,2025年12月29日直播,,https://www.bilibili.com/video/BV1j6vxBREed
performance_e32ba82e65ef,song_4566fac2fa2f,2025-11-26,哔哩哔哩,BV1cTUXBuE2Q,2025年11月26日直播,,https://www.bilibili.com/video/BV1cTUXBuE2Q
performance_add78b65dd71,song_4566fac2fa2f,2025-09-19,哔哩哔哩,BV12eWAzFEJF,2025年9月19日直播,,https://www.bilibili.com/video/BV12eWAzFEJF
performance_97e5d8be680b,song_4566fac2fa2f,2025-03-20,哔哩哔哩,BV1PzXHY3Ed2,2025年3月20日直播,,https://www.bilibili.com/video/BV1PzXHY3Ed2
performance_adfd01854130,song_4566fac2fa2f,2024-12-29,哔哩哔哩,BV1ndcFebEs4,2024年12月29日直播,,https://www.bilibili.com/video/BV1ndcFebEs4
performance_b08902ff8037,song_4566fac2fa2f,2024-11-17,哔哩哔哩,BV1yRUUYgEP2,2024年11月17日直播,,https://www.bilibili.com/video/BV1yRUUYgEP2
performance_24a9c6b9c9fd,song_20f6b35b7720,2025-12-29,哔哩哔哩,BV1tuvyBZEt7,2025年12月29日直播,,https://www.bilibili.com/video/BV1tuvyBZEt7
performance_ca30e05fc4bd,song_20f6b35b7720,2025-12-08,哔哩哔哩,BV1Ez2CBBEfK,2025年12月8日直播,,https://www.bilibili.com/video/BV1Ez2CBBEfK
performance_5d41e9073981,song_20f6b35b7720,2025-11-27,哔哩哔哩,BV12wUeBfEG4,2025年11月27日直播,,https://www.bilibili.com/video/BV12wUeBfEG4
performance_0d72c0d6abb1,song_20f6b35b7720,2024-12-15,哔哩哔哩,BV1nCkgYkEGq,2024年12月15日直播,,https://www.bilibili.com/video/BV1nCkgYkEGq
performance_7d064abbfeae,song_a1134012e3fa,2025-12-29,哔哩哔哩,BV196vyBiEnZ,2025年12月29日直播,,https://www.bilibili.com/video/BV196vyBiEnZ
performance_712212ac457a,song_a1134012e3fa,2025-01-24,哔哩哔哩,BV1DNfxYrEwr,2025年1月24日直播,,https://www.bilibili.com/video/BV1DNfxYrEwr
performance_215229576716,song_18126b21e8fb,2025-12-29,哔哩哔哩,BV196vyBiEun,2025年12月29日直播,,https://www.bilibili.com/video/BV196vyBiEun
performance_c2215ea15899,song_18126b21e8fb,2025-03-20,哔哩哔哩,BV1ypXsYUEzY,2025年3月20日直播,,https://www.bilibili.com/video/BV1ypXsYUEzY
performance_058fc38a2d86,song_80efea6fa7a2,2025-12-29,哔哩哔哩,BV1K5vyBsEMU,2025年12月29日直播,,https://www.bilibili.com/video/BV1K5vyBsEMU
performance_ccb51fc829a8,song_80efea6fa7a2,2025-08-21,哔哩哔哩,BV1che4z2EkT,2025年8月21日直播,,https://www.bilibili.com/video/BV1che4z2EkT
performance_ac764213f4a5,song_8d30659af7ce,2025-12-29,哔哩哔哩,BV1i6vxB9EiR,2025年12月29日直播,,https://www.bilibili.com/video/BV1i6vxB9EiR
performance_0b274a71def2,song_8d30659af7ce,2025-05-18,哔哩哔哩,BV1eFJ3zDE5y,2025年5月18日直播,,https://www.bilibili.com/video/BV1eFJ3zDE5y
performance_c5b7b4981714,song_744ff953f6ff,2025-12-29,哔哩哔哩,BV1R1vxBnEHL,2025年12月29日直播,,https://www.bilibili.com/video/BV1R1vxBnEHL
performance_9e0171be6756,song_d3c851ed45e1,2025-12-29,哔哩哔哩,BV1Q1vyBAEGv,2025年12月29日直播,,https://www.bilibili.com/video/BV1Q1vyBAEGv
performance_081352430349,song_f0ef38a88390,2025-12-26,哔哩哔哩,BV1KcBoBYEFH,2025年12月26日直播,,https://www.bilibili.com/video/BV1KcBoBYEFH
performance_f98bfbacd4b2,song_f0ef38a88390,2025-12-07,哔哩哔哩,BV1Yt29BdEBz,2025年12月7日直播,,https://www.bilibili.com/video/BV1Yt29BdEBz
performance_479953b9415e,song_f0ef38a88390,2025-11-28,哔哩哔哩,BV1FxSGBZE87,2025年11月28日直播,,https://www.bilibili.com/video/BV1FxSGBZE87
performance_7ff8adc5c282,song_f0ef38a88390,2025-11-02,哔哩哔哩,BV13nydBpETg,2025年11月2日直播,,https://www.bilibili.com/video/BV13nydBpETg
performance_2e28797d8842,song_f0ef38a88390,2024-12-07,哔哩哔哩,BV1EKqpYZETH,2024年12月7日直播,,https://www.bilibili.com/video/BV1EKqpYZETH
performance_765ecf442e2b,song_f0ef38a88390,2024-11-21,哔哩哔哩,BV1QRidYgEN7,2024年11月21日直播,,https://www.bilibili.com/video/BV1QRidYgEN7
performance_a538894924a6,song_f0ef38a88390,2024-11-20,哔哩哔哩,BV1ocidYjEJq,2024年11月20日直播,,https://www.bilibili.com/video/BV1ocidYjEJq
performance_9f97b49d4cb4,song_f0ef38a88390,2024-11-09,哔哩哔哩,BV1dQDzYMEsK,2024年11月9日直播,,https://www.bilibili.com/video/BV1dQDzYMEsK
performance_868fa9a7ca48,song_33a68dfc8fa8,2025-12-26,哔哩哔哩,BV1uRBdBqEwz,2025年12月26日直播,,https://www.bilibili.com/video/BV1uRBdBqEwz
performance_8c76d9bca606,song_33a68dfc8fa8,2025-08-10,哔哩哔哩,BV1mPbJzWEkQ,2025年8月10日直播,,https://www.bilibili.com/video/BV1mPbJzWEkQ
performance_21b1893814f8,song_7df5456956ff,2025-12-26,哔哩哔哩,BV1aNB9BAELW,2025年12月26日直播,,https://www.bilibili.com/video/BV1aNB9BAELW
performance_a9b646e94b18,song_7df5456956ff,2024-12-24,哔哩哔哩,BV1hacneiEY3,2024年12月24日直播,,https://www.bilibili.com/video/BV1hacneiEY3
performance_47cf9b726ca6,song_a1a674ef866e,2025-12-25,哔哩哔哩,BV1zVB1BREQh,2025年12月25日直播,,https://www.bilibili.com/video/BV1zVB1BREQh
performance_e30b2ff3d276,song_a1a674ef866e,2025-02-07,哔哩哔哩,BV1EJNPe5Emq,2025年2月7日直播,,https://www.bilibili.com/video/BV1EJNPe5Emq
performance_136028e0e642,song_41e784bac48d,2025-12-20,哔哩哔哩,BV1FBq6BgEGa,2025年12月20日直播,,https://www.bilibili.com/video/BV1FBq6BgEGa
performance_42523c7d93b8,song_41e784bac48d,2025-12-07,哔哩哔哩,BV18e29BQE2X,2025年12月7日直播,,https://www.bilibili.com/video/BV18e29BQE2X
performance_f2d23152795f,song_41e784bac48d,2025-08-22,哔哩哔哩,BV1KgeaziEkZ,2025年8月22日直播,,https://www.bilibili.com/video/BV1KgeaziEkZ
performance_69f2579f0fc0,song_8ed4ca2108d7,2025-12-20,哔哩哔哩,BV1WgqrB7EgX,2025年12月20日直播,,https://www.bilibili.com/video/BV1WgqrB7EgX
performance_6ccf18e3f4e1,song_8ed4ca2108d7,2025-09-12,哔哩哔哩,BV1g9pFzdEHf,2025年9月12日直播,,https://www.bilibili.com/video/BV1g9pFzdEHf
performance_588f9cdd4be6,song_8ed4ca2108d7,2025-05-23,哔哩哔哩,BV1rijJz7EU3,2025年5月23日直播,,https://www.bilibili.com/video/BV1rijJz7EU3
performance_74c568c936b5,song_cc1b21e80080,2025-12-20,哔哩哔哩,BV1EJqrB3Eyc,2025年12月20日直播,,https://www.bilibili.com/video/BV1EJqrB3Eyc
performance_4c4c99fc9d92,song_cc1b21e80080,2025-12-05,哔哩哔哩,BV1AA27BME1q,2025年12月5日直播,,https://www.bilibili.com/video/BV1AA27BME1q
performance_a7fb7334ddb2,song_cc1b21e80080,2025-08-15,哔哩哔哩,BV1NxYCzcEqu,2025年8月15日直播,,https://www.bilibili.com/video/BV1NxYCzcEqu
performance_9959118961d7,song_20c54e8be2b7,2025-12-20,哔哩哔哩,BV1fzq6BBExX,2025年12月20日直播,,https://www.bilibili.com/video/BV1fzq6BBExX
performance_3fc689f98572,song_c25c8c67e442,2025-12-19,哔哩哔哩,BV1CUqDBGE2D,2025年12月19日直播,,https://www.bilibili.com/video/BV1CUqDBGE2D
performance_e9c0cef0bf16,song_c25c8c67e442,2025-10-30,哔哩哔哩,BV1LkybBpE5Q,2025年10月30日直播,,https://www.bilibili.com/video/BV1LkybBpE5Q
performance_396c2baaba68,song_c25c8c67e442,2025-05-15,哔哩哔哩,BV1dtEyz2Exu,2025年5月15日直播,,https://www.bilibili.com/video/BV1dtEyz2Exu
performance_ddee2079081e,song_c25c8c67e442,2024-12-24,哔哩哔哩,BV1SacnevESp,2024年12月24日直播,,https://www.bilibili.com/video/BV1SacnevESp
performance_08d12a4e436a,song_c25c8c67e442,2024-12-10,哔哩哔哩,BV1A4qUYgEG3,2024年12月10日直播,,https://www.bilibili.com/video/BV1A4qUYgEG3
performance_d38f221d6de1,song_ec25ee19e2e2,2025-12-19,哔哩哔哩,BV1vNqQBhEr1,2025年12月19日直播,,https://www.bilibili.com/video/BV1vNqQBhEr1
performance_177c5b5f54bb,song_bcd72c0d7d50,2025-12-13,哔哩哔哩,BV1Ssm9BQET1,2025年12月13日直播,,https://www.bilibili.com/video/BV1Ssm9BQET1
performance_6adc2e95007c,song_bcd72c0d7d50,2025-02-21,哔哩哔哩,BV1DZAmeJERv,2025年2月21日直播,,https://www.bilibili.com/video/BV1DZAmeJERv
performance_335b0c14e6af,song_bcd72c0d7d50,2025-01-04,哔哩哔哩,BV1ndcFebEYZ,2025年1月4日直播,,https://www.bilibili.com/video/BV1ndcFebEYZ
performance_539947077bcc,song_906bd99e919c,2025-12-13,哔哩哔哩,BV1NXmXByEqz,2025年12月13日直播,,https://www.bilibili.com/video/BV1NXmXByEqz
performance_3bd86b1c8280,song_906bd99e919c,2025-02-21,哔哩哔哩,BV1DZAmeJEqM,2025年2月21日直播,,https://www.bilibili.com/video/BV1DZAmeJEqM
performance_40328df4bebd,song_8090b61e018a,2025-12-13,哔哩哔哩,BV1xsmSBKEUq,2025年12月13日直播,,https://www.bilibili.com/video/BV1xsmSBKEUq
performance_986517cb2201,song_126394003381,2025-12-13,哔哩哔哩,BV1hVmSBCEVf,2025年12月13日直播,,https://www.bilibili.com/video/BV1hVmSBCEVf
performance_cfb1b9c23ecc,song_73f5c7e750e3,2025-12-13,哔哩哔哩,BV18jmSBrENb,2025年12月13日直播,,https://www.bilibili.com/video/BV18jmSBrENb
performance_fabd6e577b32,song_8a3e93f00ec4,2025-12-12,哔哩哔哩,BV1qQmgB5EbG,2025年12月12日直播,,https://www.bilibili.com/video/BV1qQmgB5EbG
performance_783ffcac8d24,song_8a3e93f00ec4,2025-02-06,哔哩哔哩,BV1ZnNPeCEkY,2025年2月6日直播,,https://www.bilibili.com/video/BV1ZnNPeCEkY
performance_6dc2a01f8a00,song_8a3e93f00ec4,2024-12-24,哔哩哔哩,BV1DacnevEyV,2024年12月24日直播,,https://www.bilibili.com/video/BV1DacnevEyV
performance_44912fb6bff1,song_8a3e93f00ec4,2024-11-13,哔哩哔哩,BV1kxU8Y7EPy,2024年11月13日直播,,https://www.bilibili.com/video/BV1kxU8Y7EPy
performance_fd29f5f171e1,song_18380bdc832a,2025-12-12,哔哩哔哩,BV1Ycm3BMEJ4,2025年12月12日直播,,https://www.bilibili.com/video/BV1Ycm3BMEJ4
performance_db7c74a0ffa4,song_18380bdc832a,2025-10-26,哔哩哔哩,BV1HVxcz9E1j,2025年10月26日直播,,https://www.bilibili.com/video/BV1HVxcz9E1j
performance_d7f1de61d845,song_18380bdc832a,2025-01-31,哔哩哔哩,BV1hwFXepEAi,2025年1月31日直播,,https://www.bilibili.com/video/BV1hwFXepEAi
performance_98d8de78f4ef,song_bde41fb091dd,2025-12-12,哔哩哔哩,BV15AmmBCE8S,2025年12月12日直播,,https://www.bilibili.com/video/BV15AmmBCE8S
performance_21d126cd7fff,song_bde41fb091dd,2025-05-25,哔哩哔哩,BV1dSjgz2Ezx,2025年5月25日直播,,https://www.bilibili.com/video/BV1dSjgz2Ezx
performance_c4a29cf24b04,song_bde41fb091dd,2025-01-31,哔哩哔哩,BV1U4FkesEqH,2025年1月31日直播,,https://www.bilibili.com/video/BV1U4FkesEqH
performance_a169d2cc9b90,song_66838ea5c794,2025-12-10,哔哩哔哩,BV1p6mHBHEbK,2025年12月10日直播,,https://www.bilibili.com/video/BV1p6mHBHEbK
performance_db126c006ae2,song_19b26d6d0113,2025-12-09,哔哩哔哩,BV1qy2CBNEcR,2025年12月9日直播,,https://www.bilibili.com/video/BV1qy2CBNEcR
performance_c30837deb9e2,song_f9d23c373d15,2025-12-09,哔哩哔哩,BV1jy2CBNEBP,2025年12月9日直播,,https://www.bilibili.com/video/BV1jy2CBNEBP
performance_c87cf4b298b9,song_3a3dca6a2a3c,2025-12-09,哔哩哔哩,BV1Ez2CBBEbE,2025年12月9日直播,,https://www.bilibili.com/video/BV1Ez2CBBEbE
performance_2b45a714b750,song_0919cb53c48d,2025-12-07,哔哩哔哩,BV1Y829BsExa,2025年12月7日直播,,https://www.bilibili.com/video/BV1Y829BsExa
performance_66f4a1277ca6,song_0919cb53c48d,2025-09-05,哔哩哔哩,BV1txYVzUEPr,2025年9月5日直播,,https://www.bilibili.com/video/BV1txYVzUEPr
performance_530b231009c3,song_0919cb53c48d,2025-05-18,哔哩哔哩,BV1hNJ3z7EsM,2025年5月18日直播,,https://www.bilibili.com/video/BV1hNJ3z7EsM
performance_55d67c792f03,song_0919cb53c48d,2025-03-14,哔哩哔哩,BV1XbXqYAEQ8,2025年3月14日直播,,https://www.bilibili.com/video/BV1XbXqYAEQ8
performance_6dc59b8d4ef3,song_1dbedaf09834,2025-12-07,哔哩哔哩,BV1et29BdEGA,2025年12月7日直播,,https://www.bilibili.com/video/BV1et29BdEGA
performance_b552f6c9bab7,song_1dbedaf09834,2025-09-12,哔哩哔哩,BV1MdpFzsEmr,2025年9月12日直播,,https://www.bilibili.com/video/BV1MdpFzsEmr
performance_74b914e84e10,song_1dbedaf09834,2024-12-24,哔哩哔哩,BV1RpcnerEdx,2024年12月24日直播,,https://www.bilibili.com/video/BV1RpcnerEdx
performance_eaf44e4874ba,song_cb131eff15bb,2025-12-07,哔哩哔哩,BV1hY29BpEYH,2025年12月7日直播,,https://www.bilibili.com/video/BV1hY29BpEYH
performance_add615027fa6,song_cc12eba66160,2025-12-05,哔哩哔哩,BV1kA27BTEZp,2025年12月5日直播,,https://www.bilibili.com/video/BV1kA27BTEZp
performance_e8ff80f029ff,song_cc12eba66160,2025-07-30,哔哩哔哩,BV12NhpzNEWZ,2025年7月30日直播,,https://www.bilibili.com/video/BV12NhpzNEWZ
performance_481fe478bb2c,song_cc12eba66160,2025-02-16,哔哩哔哩,BV1gZAmenEhG,2025年2月16日直播,,https://www.bilibili.com/video/BV1gZAmenEhG
performance_a858b9d8f1d4,song_2db4d81bf9b8,2025-12-05,哔哩哔哩,BV1yF27BuEer,2025年12月5日直播,,https://www.bilibili.com/video/BV1yF27BuEer
performance_dca6ce219b37,song_8ac869f066f0,2025-12-03,哔哩哔哩,BV1nCSeBREix,2025年12月3日直播,,https://www.bilibili.com/video/BV1nCSeBREix
performance_d4c89c6510f0,song_8ac869f066f0,2024-11-14,哔哩哔哩,BV1zaU8YVEVx,2024年11月14日直播,,https://www.bilibili.com/video/BV1zaU8YVEVx
performance_219c996cfa49,song_893e12dbab79,2025-12-03,哔哩哔哩,BV154SbBwEkd,2025年12月3日直播,,https://www.bilibili.com/video/BV154SbBwEkd
performance_43e9da52efe3,song_a844738c476c,2025-12-02,哔哩哔哩,BV1zmSpBpETx,2025年12月2日直播,,https://www.bilibili.com/video/BV1zmSpBpETx
performance_525040759332,song_a844738c476c,2025-08-22,哔哩哔哩,BV12behzYEnY,2025年8月22日直播,,https://www.bilibili.com/video/BV12behzYEnY
performance_e12f689c201b,song_a844738c476c,2025-02-14,哔哩哔哩,BV1ddKKenEdz,2025年2月14日直播,,https://www.bilibili.com/video/BV1ddKKenEdz
performance_1cb8b2528386,song_a844738c476c,2025-01-01,哔哩哔哩,BV1zocFeZEHt,2025年1月1日直播,,https://www.bilibili.com/video/BV1zocFeZEHt
performance_34caa4dbcc3e,song_b2fd6be11006,2025-11-29,哔哩哔哩,BV15GSnBzEMo,2025年11月29日直播,,https://www.bilibili.com/video/BV15GSnBzEMo
performance_abe72c273756,song_b2fd6be11006,2025-09-05,哔哩哔哩,BV1TxYVzUEci,2025年9月5日直播,,https://www.bilibili.com/video/BV1TxYVzUEci
performance_276779d156eb,song_e47e3956e760,2025-11-29,哔哩哔哩,BV153SnBgEv2,2025年11月29日直播,,https://www.bilibili.com/video/BV153SnBgEv2
performance_132176d264c2,song_b6312c1f5ea4,2025-11-19,哔哩哔哩,BV1knyVBHEjk,2025年11月19日直播,,https://www.bilibili.com/video/BV1knyVBHEjk
performance_f8abf613d66e,song_fcdedba0649a,2025-11-15,哔哩哔哩,BV17ZCgBiE69,2025年11月15日直播,,https://www.bilibili.com/video/BV17ZCgBiE69
performance_048199386fb5,song_fcdedba0649a,2025-10-30,哔哩哔哩,BV1aUybBEE9M,2025年10月30日直播,,https://www.bilibili.com/video/BV1aUybBEE9M
performance_5f5e54fffc44,song_fcdedba0649a,2025-10-17,哔哩哔哩,BV1orWJzbEh8,2025年10月17日直播,,https://www.bilibili.com/video/BV1orWJzbEh8
performance_d59331750e1d,song_fcdedba0649a,2024-12-10,哔哩哔哩,BV1w4qUYgEEw,2024年12月10日直播,,https://www.bilibili.com/video/BV1w4qUYgEEw
performance_09f5d0ed56e6,song_fcdedba0649a,2024-12-07,哔哩哔哩,BV15LqpYQEGU,2024年12月7日直播,,https://www.bilibili.com/video/BV15LqpYQEGU
performance_d2c4000b2273,song_eea19239cf90,2025-11-07,哔哩哔哩,BV1W111BEEMr,2025年11月7日直播,,https://www.bilibili.com/video/BV1W111BEEMr
performance_c0e500a6a5d5,song_eea19239cf90,2025-03-28,哔哩哔哩,BV1CqZzYPEVT,2025年3月28日直播,,https://www.bilibili.com/video/BV1CqZzYPEVT
